_id,SlNo,Station,Agency,State LGD Code,State,District LGD Code,District,Tehsil,Block,Village,River,Basin,Tributary,Subtributary,SubSubtributary,Local River,Latitude,Longitude,Data Acquisition Time,Gate-1 Discharge (cusec),Gate-2 Discharge (cusec),Gate-3 Discharge (cusec),Gate-4 Discharge (cusec),Gate-5 Discharge (cusec),Gate-6 Discharge (cusec),Gate-7 Discharge (cusec),Gate-8 Discharge (cusec),Gate-9 Discharge (cusec),Gate-10 Discharge (cusec),Gate-11 Discharge (cusec),Gate-12 Discharge (cusec),Gate-13 Discharge (cusec),Gate-14 Discharge (cusec),Gate-15 Discharge (cusec),Gate-16 Discharge (cusec),Gate-17 Discharge (cusec),Gate-18 Discharge (cusec),Gate-19 Discharge (cusec),Gate-20 Discharge (cusec),Gate-21 Discharge (cusec),Gate-22 Discharge (cusec),Gate-23 Discharge (cusec),Gate-24 Discharge (cusec),Gate-25 Discharge (cusec),Gate-26 Discharge (cusec),Gate-27 Discharge (cusec),Gate-28 Discharge (cusec),Gate-29 Discharge (cusec),Gate-30 Discharge (cusec),Gate-31 Discharge (cusec),Gate-32 Discharge (cusec),Gate-33 Discharge (cusec),Gate-34 Discharge (cusec),Gate-35 Discharge (cusec),Gate-36 Discharge (cusec),Gate-37 Discharge (cusec),Gate-38 Discharge (cusec),Gate-39 Discharge (cusec),Gate-40 Discharge (cusec),Gate-41 Discharge (cusec),Gate-42 Discharge (cusec),Gate-43 Discharge (cusec),Gate-44 Discharge (cusec),Gate-45 Discharge (cusec),Gate-46 Discharge (cusec),Gate-47 Discharge (cusec),Gate-48 Discharge (cusec),Gate-49 Discharge (cusec),Gate-50 Discharge (cusec)
1,1,Flood Flow Canal Head Regulator,Telangana SW,36,Telangana,516,NIZAMABAD,-,-,-,-,-,-,-,-,-,18.91368898,78.34351872,25-03-2026 16:00,0,0,0,0,0,0,0,0,0,0,0,0,0,0,0,0,0,0,0,0,0,0,0,0,0,0,0,0,0,0,0,0,0,0,0,0,0,0,0,0,0,0,,,,,,,,
2,2,Flood Flow Canal Head Regulator,Telangana SW,36,Telangana,516,NIZAMABAD,-,-,-,-,-,-,-,-,-,18.91368898,78.34351872,25-03-2026 17:00,0,0,0,0,0,0,0,0,0,0,0,0,0,0,0,0,0,0,0,0,0,0,0,0,0,0,0,0,0,0,0,0,0,0,0,0,0,0,0,0,0,0,,,,,,,,
3,3,Flood Flow Canal Head Regulator,Telangana SW,36,Telangana,516,NIZAMABAD,-,-,-,-,-,-,-,-,-,18.91368898,78.34351872,25-03-2026 23:00,0,0,0,0,0,0,0,0,0,0,0,0,0,0,0,0,0,0,0,0,0,0,0,0,0,0,0,0,0,0,0,0,0,0,0,0,0,0,0,0,0,0,,,,,,,,
4,4,Flood Flow Canal Head Regulator,Telangana SW,36,Telangana,516,NIZAMABAD,-,-,-,-,-,-,-,-,-,18.91368898,78.34351872,26-03-2026 00:00,0,0,0,0,0,0,0,0,0,0,0,0,0,0,0,0,0,0,0,0,0,0,0,0,0,0,0,0,0,0,0,0,0,0,0,0,0,0,0,0,0,0,,,,,,,,
5,5,Flood Flow Canal Head Regulator,Telangana SW,36,Telangana,516,NIZAMABAD,-,-,-,-,-,-,-,-,-,18.91368898,78.34351872,26-03-2026 01:00,0,0,0,0,0,0,0,0,0,0,0,0,0,0,0,0,0,0,0,0,0,0,0,0,0,0,0,0,0,0,0,0,0,0,0,0,0,0,0,0,0,0,,,,,,,,
6,6,Flood Flow Canal Head Regulator,Telangana SW,36,Telangana,516,NIZAMABAD,-,-,-,-,-,-,-,-,-,18.91368898,78.34351872,26-03-2026 02:00,0,0,0,0,0,0,0,0,0,0,0,0,0,0,0,0,0,0,0,0,0,0,0,0,0,0,0,0,0,0,0,0,0,0,0,0,0,0,0,0,0,0,,,,,,,,
7,7,Flood Flow Canal Head Regulator,Telangana SW,36,Telangana,516,NIZAMABAD,-,-,-,-,-,-,-,-,-,18.91368898,78.34351872,26-03-2026 04:00,0,0,0,0,0,0,0,0,0,0,0,0,0,0,0,0,0,0,0,0,0,0,0,0,0,0,0,0,0,0,0,0,0,0,0,0,0,0,0,0,0,0,,,,,,,,
8,8,Flood Flow Canal Head Regulator,Telangana SW,36,Telangana,516,NIZAMABAD,-,-,-,-,-,-,-,-,-,18.91368898,78.34351872,26-03-2026 05:00,0,0,0,0,0,0,0,0,0,0,0,0,0,0,0,0,0,0,0,0,0,0,0,0,0,0,0,0,0,0,0,0,0,0,0,0,0,0,0,0,0,0,,,,,,,,
9,9,Flood Flow Canal Head Regulator,Telangana SW,36,Telangana,516,NIZAMABAD,-,-,-,-,-,-,-,-,-,18.91368898,78.34351872,26-03-2026 06:00,0,0,0,0,0,0,0,0,0,0,0,0,0,0,0,0,0,0,0,0,0,0,0,0,0,0,0,0,0,0,0,0,0,0,0,0,0,0,0,0,0,0,,,,,,,,
10,10,Flood Flow Canal Head Regulator,Telangana SW,36,Telangana,516,NIZAMABAD,-,-,-,-,-,-,-,-,-,18.91368898,78.34351872,26-03-2026 07:00,0,0,0,0,0,0,0,0,0,0,0,0,0,0,0,0,0,0,0,0,0,0,0,0,0,0,0,0,0,0,0,0,0,0,0,0,0,0,0,0,0,0,,,,,,,,
11,11,Flood Flow Canal Head Regulator,Telangana SW,36,Telangana,516,NIZAMABAD,-,-,-,-,-,-,-,-,-,18.91368898,78.34351872,26-03-2026 08:00,0,0,0,0,0,0,0,0,0,0,0,0,0,0,0,0,0,0,0,0,0,0,0,0,0,0,0,0,0,0,0,0,0,0,0,0,0,0,0,0,0,0,,,,,,,,
12,12,Flood Flow Canal Head Regulator,Telangana SW,36,Telangana,516,NIZAMABAD,-,-,-,-,-,-,-,-,-,18.91368898,78.34351872,26-03-2026 09:00,0,0,0,0,0,0,0,0,0,0,0,0,0,0,0,0,0,0,0,0,0,0,0,0,0,0,0,0,0,0,0,0,0,0,0,0,0,0,0,0,0,0,,,,,,,,
13,13,Flood Flow Canal Head Regulator,Telangana SW,36,Telangana,516,NIZAMABAD,-,-,-,-,-,-,-,-,-,18.91368898,78.34351872,26-03-2026 11:00,0,0,0,0,0,0,0,0,0,0,0,0,0,0,0,0,0,0,0,0,0,0,0,0,0,0,0,0,0,0,0,0,0,0,0,0,0,0,0,0,0,0,,,,,,,,
14,14,Flood Flow Canal Head Regulator,Telangana SW,36,Telangana,516,NIZAMABAD,-,-,-,-,-,-,-,-,-,18.91368898,78.34351872,26-03-2026 12:00,0,0,0,0,0,0,0,0,0,0,0,0,0,0,0,0,0,0,0,0,0,0,0,0,0,0,0,0,0,0,0,0,0,0,0,0,0,0,0,0,0,0,,,,,,,,
15,15,Flood Flow Canal Head Regulator,Telangana SW,36,Telangana,516,NIZAMABAD,-,-,-,-,-,-,-,-,-,18.91368898,78.34351872,26-03-2026 13:00,0,0,0,0,0,0,0,0,0,0,0,0,0,0,0,0,0,0,0,0,0,0,0,0,0,0,0,0,0,0,0,0,0,0,0,0,0,0,0,0,0,0,,,,,,,,
16,16,Flood Flow Canal Head Regulator,Telangana SW,36,Telangana,516,NIZAMABAD,-,-,-,-,-,-,-,-,-,18.91368898,78.34351872,26-03-2026 14:00,0,0,0,0,0,0,0,0,0,0,0,0,0,0,0,0,0,0,0,0,0,0,0,0,0,0,0,0,0,0,0,0,0,0,0,0,0,0,0,0,0,0,,,,,,,,
17,17,Flood Flow Canal Head Regulator,Telangana SW,36,Telangana,516,NIZAMABAD,-,-,-,-,-,-,-,-,-,18.91368898,78.34351872,26-03-2026 15:00,0,0,0,0,0,0,0,0,0,0,0,0,0,0,0,0,0,0,0,0,0,0,0,0,0,0,0,0,0,0,0,0,0,0,0,0,0,0,0,0,0,0,,,,,,,,
18,18,Flood Flow Canal Head Regulator,Telangana SW,36,Telangana,516,NIZAMABAD,-,-,-,-,-,-,-,-,-,18.91368898,78.34351872,26-03-2026 16:00,0,0,0,0,0,0,0,0,0,0,0,0,0,0,0,0,0,0,0,0,0,0,0,0,0,0,0,0,0,0,0,0,0,0,0,0,0,0,0,0,0,0,,,,,,,,
19,19,Flood Flow Canal Head Regulator,Telangana SW,36,Telangana,516,NIZAMABAD,-,-,-,-,-,-,-,-,-,18.91368898,78.34351872,26-03-2026 17:00,0,0,0,0,0,0,0,0,0,0,0,0,0,0,0,0,0,0,0,0,0,0,0,0,0,0,0,0,0,0,0,0,0,0,0,0,0,0,0,0,0,0,,,,,,,,
20,20,Flood Flow Canal Head Regulator,Telangana SW,36,Telangana,516,NIZAMABAD,-,-,-,-,-,-,-,-,-,18.91368898,78.34351872,26-03-2026 18:00,0,0,0,0,0,0,0,0,0,0,0,0,0,0,0,0,0,0,0,0,0,0,0,0,0,0,0,0,0,0,0,0,0,0,0,0,0,0,0,0,0,0,,,,,,,,
21,21,Flood Flow Canal Head Regulator,Telangana SW,36,Telangana,516,NIZAMABAD,-,-,-,-,-,-,-,-,-,18.91368898,78.34351872,26-03-2026 20:00,0,0,0,0,0,0,0,0,0,0,0,0,0,0,0,0,0,0,0,0,0,0,0,0,0,0,0,0,0,0,0,0,0,0,0,0,0,0,0,0,0,0,,,,,,,,
22,22,Flood Flow Canal Head Regulator,Telangana SW,36,Telangana,516,NIZAMABAD,-,-,-,-,-,-,-,-,-,18.91368898,78.34351872,26-03-2026 21:00,0,0,0,0,0,0,0,0,0,0,0,0,0,0,0,0,0,0,0,0,0,0,0,0,0,0,0,0,0,0,0,0,0,0,0,0,0,0,0,0,0,0,,,,,,,,
23,23,Flood Flow Canal Head Regulator,Telangana SW,36,Telangana,516,NIZAMABAD,-,-,-,-,-,-,-,-,-,18.91368898,78.34351872,26-03-2026 22:00,0,0,0,0,0,0,0,0,0,0,0,0,0,0,0,0,0,0,0,0,0,0,0,0,0,0,0,0,0,0,0,0,0,0,0,0,0,0,0,0,0,0,,,,,,,,
24,24,Flood Flow Canal Head Regulator,Telangana SW,36,Telangana,516,NIZAMABAD,-,-,-,-,-,-,-,-,-,18.91368898,78.34351872,26-03-2026 23:00,0,0,0,0,0,0,0,0,0,0,0,0,0,0,0,0,0,0,0,0,0,0,0,0,0,0,0,0,0,0,0,0,0,0,0,0,0,0,0,0,0,0,,,,,,,,
25,25,Flood Flow Canal Head Regulator,Telangana SW,36,Telangana,516,NIZAMABAD,-,-,-,-,-,-,-,-,-,18.91368898,78.34351872,27-03-2026 00:00,0,0,0,0,0,0,0,0,0,0,0,0,0,0,0,0,0,0,0,0,0,0,0,0,0,0,0,0,0,0,0,0,0,0,0,0,0,0,0,0,0,0,,,,,,,,
26,26,Flood Flow Canal Head Regulator,Telangana SW,36,Telangana,516,NIZAMABAD,-,-,-,-,-,-,-,-,-,18.91368898,78.34351872,27-03-2026 01:00,0,0,0,0,0,0,0,0,0,0,0,0,0,0,0,0,0,0,0,0,0,0,0,0,0,0,0,0,0,0,0,0,0,0,0,0,0,0,0,0,0,0,,,,,,,,
27,27,Flood Flow Canal Head Regulator,Telangana SW,36,Telangana,516,NIZAMABAD,-,-,-,-,-,-,-,-,-,18.91368898,78.34351872,27-03-2026 02:00,0,0,0,0,0,0,0,0,0,0,0,0,0,0,0,0,0,0,0,0,0,0,0,0,0,0,0,0,0,0,0,0,0,0,0,0,0,0,0,0,0,0,,,,,,,,
28,28,Flood Flow Canal Head Regulator,Telangana SW,36,Telangana,516,NIZAMABAD,-,-,-,-,-,-,-,-,-,18.91368898,78.34351872,27-03-2026 04:00,0,0,0,0,0,0,0,0,0,0,0,0,0,0,0,0,0,0,0,0,0,0,0,0,0,0,0,0,0,0,0,0,0,0,0,0,0,0,0,0,0,0,,,,,,,,
29,29,Flood Flow Canal Head Regulator,Telangana SW,36,Telangana,516,NIZAMABAD,-,-,-,-,-,-,-,-,-,18.91368898,78.34351872,27-03-2026 05:00,0,0,0,0,0,0,0,0,0,0,0,0,0,0,0,0,0,0,0,0,0,0,0,0,0,0,0,0,0,0,0,0,0,0,0,0,0,0,0,0,0,0,,,,,,,,
30,30,Flood Flow Canal Head Regulator,Telangana SW,36,Telangana,516,NIZAMABAD,-,-,-,-,-,-,-,-,-,18.91368898,78.34351872,27-03-2026 06:00,0,0,0,0,0,0,0,0,0,0,0,0,0,0,0,0,0,0,0,0,0,0,0,0,0,0,0,0,0,0,0,0,0,0,0,0,0,0,0,0,0,0,,,,,,,,
31,31,Flood Flow Canal Head Regulator,Telangana SW,36,Telangana,516,NIZAMABAD,-,-,-,-,-,-,-,-,-,18.91368898,78.34351872,27-03-2026 07:00,0,0,0,0,0,0,0,0,0,0,0,0,0,0,0,0,0,0,0,0,0,0,0,0,0,0,0,0,0,0,0,0,0,0,0,0,0,0,0,0,0,0,,,,,,,,
32,32,Flood Flow Canal Head Regulator,Telangana SW,36,Telangana,516,NIZAMABAD,-,-,-,-,-,-,-,-,-,18.91368898,78.34351872,27-03-2026 08:00,0,0,0,0,0,0,0,0,0,0,0,0,0,0,0,0,0,0,0,0,0,0,0,0,0,0,0,0,0,0,0,0,0,0,0,0,0,0,0,0,0,0,,,,,,,,
33,33,Flood Flow Canal Head Regulator,Telangana SW,36,Telangana,516,NIZAMABAD,-,-,-,-,-,-,-,-,-,18.91368898,78.34351872,27-03-2026 09:00,0,0,0,0,0,0,0,0,0,0,0,0,0,0,0,0,0,0,0,0,0,0,0,0,0,0,0,0,0,0,0,0,0,0,0,0,0,0,0,0,0,0,,,,,,,,
34,34,Flood Flow Canal Head Regulator,Telangana SW,36,Telangana,516,NIZAMABAD,-,-,-,-,-,-,-,-,-,18.91368898,78.34351872,27-03-2026 11:00,0,0,0,0,0,0,0,0,0,0,0,0,0,0,0,0,0,0,0,0,0,0,0,0,0,0,0,0,0,0,0,0,0,0,0,0,0,0,0,0,0,0,,,,,,,,
35,35,Flood Flow Canal Head Regulator,Telangana SW,36,Telangana,516,NIZAMABAD,-,-,-,-,-,-,-,-,-,18.91368898,78.34351872,27-03-2026 12:00,0,0,0,0,0,0,0,0,0,0,0,0,0,0,0,0,0,0,0,0,0,0,0,0,0,0,0,0,0,0,0,0,0,0,0,0,0,0,0,0,0,0,,,,,,,,
36,36,Flood Flow Canal Head Regulator,Telangana SW,36,Telangana,516,NIZAMABAD,-,-,-,-,-,-,-,-,-,18.91368898,78.34351872,27-03-2026 13:00,0,0,0,0,0,0,0,0,0,0,0,0,0,0,0,0,0,0,0,0,0,0,0,0,0,0,0,0,0,0,0,0,0,0,0,0,0,0,0,0,0,0,,,,,,,,
37,37,Flood Flow Canal Head Regulator,Telangana SW,36,Telangana,516,NIZAMABAD,-,-,-,-,-,-,-,-,-,18.91368898,78.34351872,27-03-2026 14:00,0,0,0,0,0,0,0,0,0,0,0,0,0,0,0,0,0,0,0,0,0,0,0,0,0,0,0,0,0,0,0,0,0,0,0,0,0,0,0,0,0,0,,,,,,,,
38,38,Flood Flow Canal Head Regulator,Telangana SW,36,Telangana,516,NIZAMABAD,-,-,-,-,-,-,-,-,-,18.91368898,78.34351872,27-03-2026 15:00,0,0,0,0,0,0,0,0,0,0,0,0,0,0,0,0,0,0,0,0,0,0,0,0,0,0,0,0,0,0,0,0,0,0,0,0,0,0,0,0,0,0,,,,,,,,
39,39,Flood Flow Canal Head Regulator,Telangana SW,36,Telangana,516,NIZAMABAD,-,-,-,-,-,-,-,-,-,18.91368898,78.34351872,27-03-2026 16:00,0,0,0,0,0,0,0,0,0,0,0,0,0,0,0,0,0,0,0,0,0,0,0,0,0,0,0,0,0,0,0,0,0,0,0,0,0,0,0,0,0,0,,,,,,,,
40,40,Flood Flow Canal Head Regulator,Telangana SW,36,Telangana,516,NIZAMABAD,-,-,-,-,-,-,-,-,-,18.91368898,78.34351872,27-03-2026 17:00,0,0,0,0,0,0,0,0,0,0,0,0,0,0,0,0,0,0,0,0,0,0,0,0,0,0,0,0,0,0,0,0,0,0,0,0,0,0,0,0,0,0,,,,,,,,
41,41,Flood Flow Canal Head Regulator,Telangana SW,36,Telangana,516,NIZAMABAD,-,-,-,-,-,-,-,-,-,18.91368898,78.34351872,27-03-2026 19:00,0,0,0,0,0,0,0,0,0,0,0,0,0,0,0,0,0,0,0,0,0,0,0,0,0,0,0,0,0,0,0,0,0,0,0,0,0,0,0,0,0,0,,,,,,,,
42,42,Flood Flow Canal Head Regulator,Telangana SW,36,Telangana,516,NIZAMABAD,-,-,-,-,-,-,-,-,-,18.91368898,78.34351872,27-03-2026 20:00,0,0,0,0,0,0,0,0,0,0,0,0,0,0,0,0,0,0,0,0,0,0,0,0,0,0,0,0,0,0,0,0,0,0,0,0,0,0,0,0,0,0,,,,,,,,
43,43,Flood Flow Canal Head Regulator,Telangana SW,36,Telangana,516,NIZAMABAD,-,-,-,-,-,-,-,-,-,18.91368898,78.34351872,27-03-2026 21:00,0,0,0,0,0,0,0,0,0,0,0,0,0,0,0,0,0,0,0,0,0,0,0,0,0,0,0,0,0,0,0,0,0,0,0,0,0,0,0,0,0,0,,,,,,,,
44,44,Flood Flow Canal Head Regulator,Telangana SW,36,Telangana,516,NIZAMABAD,-,-,-,-,-,-,-,-,-,18.91368898,78.34351872,27-03-2026 22:00,0,0,0,0,0,0,0,0,0,0,0,0,0,0,0,0,0,0,0,0,0,0,0,0,0,0,0,0,0,0,0,0,0,0,0,0,0,0,0,0,0,0,,,,,,,,
45,45,Flood Flow Canal Head Regulator,Telangana SW,36,Telangana,516,NIZAMABAD,-,-,-,-,-,-,-,-,-,18.91368898,78.34351872,27-03-2026 23:00,0,0,0,0,0,0,0,0,0,0,0,0,0,0,0,0,0,0,0,0,0,0,0,0,0,0,0,0,0,0,0,0,0,0,0,0,0,0,0,0,0,0,,,,,,,,
46,46,Flood Flow Canal Head Regulator,Telangana SW,36,Telangana,516,NIZAMABAD,-,-,-,-,-,-,-,-,-,18.91368898,78.34351872,28-03-2026 00:00,0,0,0,0,0,0,0,0,0,0,0,0,0,0,0,0,0,0,0,0,0,0,0,0,0,0,0,0,0,0,0,0,0,0,0,0,0,0,0,0,0,0,,,,,,,,
47,47,Flood Flow Canal Head Regulator,Telangana SW,36,Telangana,516,NIZAMABAD,-,-,-,-,-,-,-,-,-,18.91368898,78.34351872,28-03-2026 01:00,0,0,0,0,0,0,0,0,0,0,0,0,0,0,0,0,0,0,0,0,0,0,0,0,0,0,0,0,0,0,0,0,0,0,0,0,0,0,0,0,0,0,,,,,,,,
48,48,Flood Flow Canal Head Regulator,Telangana SW,36,Telangana,516,NIZAMABAD,-,-,-,-,-,-,-,-,-,18.91368898,78.34351872,28-03-2026 03:00,0,0,0,0,0,0,0,0,0,0,0,0,0,0,0,0,0,0,0,0,0,0,0,0,0,0,0,0,0,0,0,0,0,0,0,0,0,0,0,0,0,0,,,,,,,,
49,49,Flood Flow Canal Head Regulator,Telangana SW,36,Telangana,516,NIZAMABAD,-,-,-,-,-,-,-,-,-,18.91368898,78.34351872,28-03-2026 04:00,0,0,0,0,0,0,0,0,0,0,0,0,0,0,0,0,0,0,0,0,0,0,0,0,0,0,0,0,0,0,0,0,0,0,0,0,0,0,0,0,0,0,,,,,,,,
50,50,Flood Flow Canal Head Regulator,Telangana SW,36,Telangana,516,NIZAMABAD,-,-,-,-,-,-,-,-,-,18.91368898,78.34351872,28-03-2026 05:00,0,0,0,0,0,0,0,0,0,0,0,0,0,0,0,0,0,0,0,0,0,0,0,0,0,0,0,0,0,0,0,0,0,0,0,0,0,0,0,0,0,0,,,,,,,,
51,51,Flood Flow Canal Head Regulator,Telangana SW,36,Telangana,516,NIZAMABAD,-,-,-,-,-,-,-,-,-,18.91368898,78.34351872,28-03-2026 06:00,0,0,0,0,0,0,0,0,0,0,0,0,0,0,0,0,0,0,0,0,0,0,0,0,0,0,0,0,0,0,0,0,0,0,0,0,0,0,0,0,0,0,,,,,,,,
52,52,Flood Flow Canal Head Regulator,Telangana SW,36,Telangana,516,NIZAMABAD,-,-,-,-,-,-,-,-,-,18.91368898,78.34351872,28-03-2026 07:00,0,0,0,0,0,0,0,0,0,0,0,0,0,0,0,0,0,0,0,0,0,0,0,0,0,0,0,0,0,0,0,0,0,0,0,0,0,0,0,0,0,0,,,,,,,,
53,53,Flood Flow Canal Head Regulator,Telangana SW,36,Telangana,516,NIZAMABAD,-,-,-,-,-,-,-,-,-,18.91368898,78.34351872,28-03-2026 08:00,0,0,0,0,0,0,0,0,0,0,0,0,0,0,0,0,0,0,0,0,0,0,0,0,0,0,0,0,0,0,0,0,0,0,0,0,0,0,0,0,0,0,,,,,,,,
54,54,Flood Flow Canal Head Regulator,Telangana SW,36,Telangana,516,NIZAMABAD,-,-,-,-,-,-,-,-,-,18.91368898,78.34351872,28-03-2026 09:00,0,0,0,0,0,0,0,0,0,0,0,0,0,0,0,0,0,0,0,0,0,0,0,0,0,0,0,0,0,0,0,0,0,0,0,0,0,0,0,0,0,0,,,,,,,,
55,55,Flood Flow Canal Head Regulator,Telangana SW,36,Telangana,516,NIZAMABAD,-,-,-,-,-,-,-,-,-,18.91368898,78.34351872,28-03-2026 11:00,0,0,0,0,0,0,0,0,0,0,0,0,0,0,0,0,0,0,0,0,0,0,0,0,0,0,0,0,0,0,0,0,0,0,0,0,0,0,0,0,0,0,,,,,,,,
56,56,Flood Flow Canal Head Regulator,Telangana SW,36,Telangana,516,NIZAMABAD,-,-,-,-,-,-,-,-,-,18.91368898,78.34351872,28-03-2026 12:00,0,0,0,0,0,0,0,0,0,0,0,0,0,0,0,0,0,0,0,0,0,0,0,0,0,0,0,0,0,0,0,0,0,0,0,0,0,0,0,0,0,0,,,,,,,,
57,57,Flood Flow Canal Head Regulator,Telangana SW,36,Telangana,516,NIZAMABAD,-,-,-,-,-,-,-,-,-,18.91368898,78.34351872,28-03-2026 13:00,0,0,0,0,0,0,0,0,0,0,0,0,0,0,0,0,0,0,0,0,0,0,0,0,0,0,0,0,0,0,0,0,0,0,0,0,0,0,0,0,0,0,,,,,,,,
58,58,Flood Flow Canal Head Regulator,Telangana SW,36,Telangana,516,NIZAMABAD,-,-,-,-,-,-,-,-,-,18.91368898,78.34351872,28-03-2026 14:00,0,0,0,0,0,0,0,0,0,0,0,0,0,0,0,0,0,0,0,0,0,0,0,0,0,0,0,0,0,0,0,0,0,0,0,0,0,0,0,0,0,0,,,,,,,,
59,59,Flood Flow Canal Head Regulator,Telangana SW,36,Telangana,516,NIZAMABAD,-,-,-,-,-,-,-,-,-,18.91368898,78.34351872,28-03-2026 15:00,0,0,0,0,0,0,0,0,0,0,0,0,0,0,0,0,0,0,0,0,0,0,0,0,0,0,0,0,0,0,0,0,0,0,0,0,0,0,0,0,0,0,,,,,,,,
60,60,Flood Flow Canal Head Regulator,Telangana SW,36,Telangana,516,NIZAMABAD,-,-,-,-,-,-,-,-,-,18.91368898,78.34351872,28-03-2026 16:00,0,0,0,0,0,0,0,0,0,0,0,0,0,0,0,0,0,0,0,0,0,0,0,0,0,0,0,0,0,0,0,0,0,0,0,0,0,0,0,0,0,0,,,,,,,,
61,61,Flood Flow Canal Head Regulator,Telangana SW,36,Telangana,516,NIZAMABAD,-,-,-,-,-,-,-,-,-,18.91368898,78.34351872,28-03-2026 17:00,0,0,0,0,0,0,0,0,0,0,0,0,0,0,0,0,0,0,0,0,0,0,0,0,0,0,0,0,0,0,0,0,0,0,0,0,0,0,0,0,0,0,,,,,,,,
62,62,Flood Flow Canal Head Regulator,Telangana SW,36,Telangana,516,NIZAMABAD,-,-,-,-,-,-,-,-,-,18.91368898,78.34351872,28-03-2026 19:00,0,0,0,0,0,0,0,0,0,0,0,0,0,0,0,0,0,0,0,0,0,0,0,0,0,0,0,0,0,0,0,0,0,0,0,0,0,0,0,0,0,0,,,,,,,,
63,63,Flood Flow Canal Head Regulator,Telangana SW,36,Telangana,516,NIZAMABAD,-,-,-,-,-,-,-,-,-,18.91368898,78.34351872,28-03-2026 20:00,0,0,0,0,0,0,0,0,0,0,0,0,0,0,0,0,0,0,0,0,0,0,0,0,0,0,0,0,0,0,0,0,0,0,0,0,0,0,0,0,0,0,,,,,,,,
64,64,Flood Flow Canal Head Regulator,Telangana SW,36,Telangana,516,NIZAMABAD,-,-,-,-,-,-,-,-,-,18.91368898,78.34351872,28-03-2026 21:00,0,0,0,0,0,0,0,0,0,0,0,0,0,0,0,0,0,0,0,0,0,0,0,0,0,0,0,0,0,0,0,0,0,0,0,0,0,0,0,0,0,0,,,,,,,,
65,65,Flood Flow Canal Head Regulator,Telangana SW,36,Telangana,516,NIZAMABAD,-,-,-,-,-,-,-,-,-,18.91368898,78.34351872,28-03-2026 22:00,0,0,0,0,0,0,0,0,0,0,0,0,0,0,0,0,0,0,0,0,0,0,0,0,0,0,0,0,0,0,0,0,0,0,0,0,0,0,0,0,0,0,,,,,,,,
66,66,Flood Flow Canal Head Regulator,Telangana SW,36,Telangana,516,NIZAMABAD,-,-,-,-,-,-,-,-,-,18.91368898,78.34351872,28-03-2026 23:00,0,0,0,0,0,0,0,0,0,0,0,0,0,0,0,0,0,0,0,0,0,0,0,0,0,0,0,0,0,0,0,0,0,0,0,0,0,0,0,0,0,0,,,,,,,,
67,67,Flood Flow Canal Head Regulator,Telangana SW,36,Telangana,516,NIZAMABAD,-,-,-,-,-,-,-,-,-,18.91368898,78.34351872,29-03-2026 00:00,0,0,0,0,0,0,0,0,0,0,0,0,0,0,0,0,0,0,0,0,0,0,0,0,0,0,0,0,0,0,0,0,0,0,0,0,0,0,0,0,0,0,,,,,,,,
68,68,Flood Flow Canal Head Regulator,Telangana SW,36,Telangana,516,NIZAMABAD,-,-,-,-,-,-,-,-,-,18.91368898,78.34351872,29-03-2026 02:00,0,0,0,0,0,0,0,0,0,0,0,0,0,0,0,0,0,0,0,0,0,0,0,0,0,0,0,0,0,0,0,0,0,0,0,0,0,0,0,0,0,0,,,,,,,,
69,69,Flood Flow Canal Head Regulator,Telangana SW,36,Telangana,516,NIZAMABAD,-,-,-,-,-,-,-,-,-,18.91368898,78.34351872,29-03-2026 03:00,0,0,0,0,0,0,0,0,0,0,0,0,0,0,0,0,0,0,0,0,0,0,0,0,0,0,0,0,0,0,0,0,0,0,0,0,0,0,0,0,0,0,,,,,,,,
70,70,Flood Flow Canal Head Regulator,Telangana SW,36,Telangana,516,NIZAMABAD,-,-,-,-,-,-,-,-,-,18.91368898,78.34351872,29-03-2026 04:00,0,0,0,0,0,0,0,0,0,0,0,0,0,0,0,0,0,0,0,0,0,0,0,0,0,0,0,0,0,0,0,0,0,0,0,0,0,0,0,0,0,0,,,,,,,,
71,71,Flood Flow Canal Head Regulator,Telangana SW,36,Telangana,516,NIZAMABAD,-,-,-,-,-,-,-,-,-,18.91368898,78.34351872,29-03-2026 05:00,0,0,0,0,0,0,0,0,0,0,0,0,0,0,0,0,0,0,0,0,0,0,0,0,0,0,0,0,0,0,0,0,0,0,0,0,0,0,0,0,0,0,,,,,,,,
72,72,Flood Flow Canal Head Regulator,Telangana SW,36,Telangana,516,NIZAMABAD,-,-,-,-,-,-,-,-,-,18.91368898,78.34351872,29-03-2026 06:00,0,0,0,0,0,0,0,0,0,0,0,0,0,0,0,0,0,0,0,0,0,0,0,0,0,0,0,0,0,0,0,0,0,0,0,0,0,0,0,0,0,0,,,,,,,,
73,73,Flood Flow Canal Head Regulator,Telangana SW,36,Telangana,516,NIZAMABAD,-,-,-,-,-,-,-,-,-,18.91368898,78.34351872,29-03-2026 07:00,0,0,0,0,0,0,0,0,0,0,0,0,0,0,0,0,0,0,0,0,0,0,0,0,0,0,0,0,0,0,0,0,0,0,0,0,0,0,0,0,0,0,,,,,,,,
74,74,Flood Flow Canal Head Regulator,Telangana SW,36,Telangana,516,NIZAMABAD,-,-,-,-,-,-,-,-,-,18.91368898,78.34351872,29-03-2026 08:00,0,0,0,0,0,0,0,0,0,0,0,0,0,0,0,0,0,0,0,0,0,0,0,0,0,0,0,0,0,0,0,0,0,0,0,0,0,0,0,0,0,0,,,,,,,,
75,75,Flood Flow Canal Head Regulator,Telangana SW,36,Telangana,516,NIZAMABAD,-,-,-,-,-,-,-,-,-,18.91368898,78.34351872,29-03-2026 10:00,0,0,0,0,0,0,0,0,0,0,0,0,0,0,0,0,0,0,0,0,0,0,0,0,0,0,0,0,0,0,0,0,0,0,0,0,0,0,0,0,0,0,,,,,,,,
76,76,Flood Flow Canal Head Regulator,Telangana SW,36,Telangana,516,NIZAMABAD,-,-,-,-,-,-,-,-,-,18.91368898,78.34351872,29-03-2026 11:00,0,0,0,0,0,0,0,0,0,0,0,0,0,0,0,0,0,0,0,0,0,0,0,0,0,0,0,0,0,0,0,0,0,0,0,0,0,0,0,0,0,0,,,,,,,,
77,77,Flood Flow Canal Head Regulator,Telangana SW,36,Telangana,516,NIZAMABAD,-,-,-,-,-,-,-,-,-,18.91368898,78.34351872,29-03-2026 12:00,0,0,0,0,0,0,0,0,0,0,0,0,0,0,0,0,0,0,0,0,0,0,0,0,0,0,0,0,0,0,0,0,0,0,0,0,0,0,0,0,0,0,,,,,,,,
78,78,Flood Flow Canal Head Regulator,Telangana SW,36,Telangana,516,NIZAMABAD,-,-,-,-,-,-,-,-,-,18.91368898,78.34351872,29-03-2026 13:00,0,0,0,0,0,0,0,0,0,0,0,0,0,0,0,0,0,0,0,0,0,0,0,0,0,0,0,0,0,0,0,0,0,0,0,0,0,0,0,0,0,0,,,,,,,,
79,79,Flood Flow Canal Head Regulator,Telangana SW,36,Telangana,516,NIZAMABAD,-,-,-,-,-,-,-,-,-,18.91368898,78.34351872,29-03-2026 14:00,0,0,0,0,0,0,0,0,0,0,0,0,0,0,0,0,0,0,0,0,0,0,0,0,0,0,0,0,0,0,0,0,0,0,0,0,0,0,0,0,0,0,,,,,,,,
80,80,Flood Flow Canal Head Regulator,Telangana SW,36,Telangana,516,NIZAMABAD,-,-,-,-,-,-,-,-,-,18.91368898,78.34351872,29-03-2026 15:00,0,0,0,0,0,0,0,0,0,0,0,0,0,0,0,0,0,0,0,0,0,0,0,0,0,0,0,0,0,0,0,0,0,0,0,0,0,0,0,0,0,0,,,,,,,,
81,81,Flood Flow Canal Head Regulator,Telangana SW,36,Telangana,516,NIZAMABAD,-,-,-,-,-,-,-,-,-,18.91368898,78.34351872,29-03-2026 16:00,0,0,0,0,0,0,0,0,0,0,0,0,0,0,0,0,0,0,0,0,0,0,0,0,0,0,0,0,0,0,0,0,0,0,0,0,0,0,0,0,0,0,,,,,,,,
82,82,Flood Flow Canal Head Regulator,Telangana SW,36,Telangana,516,NIZAMABAD,-,-,-,-,-,-,-,-,-,18.91368898,78.34351872,29-03-2026 18:00,0,0,0,0,0,0,0,0,0,0,0,0,0,0,0,0,0,0,0,0,0,0,0,0,0,0,0,0,0,0,0,0,0,0,0,0,0,0,0,0,0,0,,,,,,,,
83,83,Flood Flow Canal Head Regulator,Telangana SW,36,Telangana,516,NIZAMABAD,-,-,-,-,-,-,-,-,-,18.91368898,78.34351872,29-03-2026 19:00,0,0,0,0,0,0,0,0,0,0,0,0,0,0,0,0,0,0,0,0,0,0,0,0,0,0,0,0,0,0,0,0,0,0,0,0,0,0,0,0,0,0,,,,,,,,
84,84,Flood Flow Canal Head Regulator,Telangana SW,36,Telangana,516,NIZAMABAD,-,-,-,-,-,-,-,-,-,18.91368898,78.34351872,29-03-2026 20:00,0,0,0,0,0,0,0,0,0,0,0,0,0,0,0,0,0,0,0,0,0,0,0,0,0,0,0,0,0,0,0,0,0,0,0,0,0,0,0,0,0,0,,,,,,,,
85,85,Flood Flow Canal Head Regulator,Telangana SW,36,Telangana,516,NIZAMABAD,-,-,-,-,-,-,-,-,-,18.91368898,78.34351872,29-03-2026 21:00,0,0,0,0,0,0,0,0,0,0,0,0,0,0,0,0,0,0,0,0,0,0,0,0,0,0,0,0,0,0,0,0,0,0,0,0,0,0,0,0,0,0,,,,,,,,
86,86,Flood Flow Canal Head Regulator,Telangana SW,36,Telangana,516,NIZAMABAD,-,-,-,-,-,-,-,-,-,18.91368898,78.34351872,29-03-2026 22:00,0,0,0,0,0,0,0,0,0,0,0,0,0,0,0,0,0,0,0,0,0,0,0,0,0,0,0,0,0,0,0,0,0,0,0,0,0,0,0,0,0,0,,,,,,,,
87,87,Flood Flow Canal Head Regulator,Telangana SW,36,Telangana,516,NIZAMABAD,-,-,-,-,-,-,-,-,-,18.91368898,78.34351872,29-03-2026 23:00,0,0,0,0,0,0,0,0,0,0,0,0,0,0,0,0,0,0,0,0,0,0,0,0,0,0,0,0,0,0,0,0,0,0,0,0,0,0,0,0,0,0,,,,,,,,
88,88,Flood Flow Canal Head Regulator,Telangana SW,36,Telangana,516,NIZAMABAD,-,-,-,-,-,-,-,-,-,18.91368898,78.34351872,30-03-2026 00:00,0,0,0,0,0,0,0,0,0,0,0,0,0,0,0,0,0,0,0,0,0,0,0,0,0,0,0,0,0,0,0,0,0,0,0,0,0,0,0,0,0,0,,,,,,,,
89,89,Flood Flow Canal Head Regulator,Telangana SW,36,Telangana,516,NIZAMABAD,-,-,-,-,-,-,-,-,-,18.91368898,78.34351872,30-03-2026 02:00,0,0,0,0,0,0,0,0,0,0,0,0,0,0,0,0,0,0,0,0,0,0,0,0,0,0,0,0,0,0,0,0,0,0,0,0,0,0,0,0,0,0,,,,,,,,
90,90,Flood Flow Canal Head Regulator,Telangana SW,36,Telangana,516,NIZAMABAD,-,-,-,-,-,-,-,-,-,18.91368898,78.34351872,30-03-2026 03:00,0,0,0,0,0,0,0,0,0,0,0,0,0,0,0,0,0,0,0,0,0,0,0,0,0,0,0,0,0,0,0,0,0,0,0,0,0,0,0,0,0,0,,,,,,,,
91,91,Flood Flow Canal Head Regulator,Telangana SW,36,Telangana,516,NIZAMABAD,-,-,-,-,-,-,-,-,-,18.91368898,78.34351872,30-03-2026 04:00,0,0,0,0,0,0,0,0,0,0,0,0,0,0,0,0,0,0,0,0,0,0,0,0,0,0,0,0,0,0,0,0,0,0,0,0,0,0,0,0,0,0,,,,,,,,
92,92,Flood Flow Canal Head Regulator,Telangana SW,36,Telangana,516,NIZAMABAD,-,-,-,-,-,-,-,-,-,18.91368898,78.34351872,30-03-2026 05:00,0,0,0,0,0,0,0,0,0,0,0,0,0,0,0,0,0,0,0,0,0,0,0,0,0,0,0,0,0,0,0,0,0,0,0,0,0,0,0,0,0,0,,,,,,,,
93,93,Flood Flow Canal Head Regulator,Telangana SW,36,Telangana,516,NIZAMABAD,-,-,-,-,-,-,-,-,-,18.91368898,78.34351872,30-03-2026 06:00,0,0,0,0,0,0,0,0,0,0,0,0,0,0,0,0,0,0,0,0,0,0,0,0,0,0,0,0,0,0,0,0,0,0,0,0,0,0,0,0,0,0,,,,,,,,
94,94,Flood Flow Canal Head Regulator,Telangana SW,36,Telangana,516,NIZAMABAD,-,-,-,-,-,-,-,-,-,18.91368898,78.34351872,30-03-2026 07:00,0,0,0,0,0,0,0,0,0,0,0,0,0,0,0,0,0,0,0,0,0,0,0,0,0,0,0,0,0,0,0,0,0,0,0,0,0,0,0,0,0,0,,,,,,,,
95,95,Flood Flow Canal Head Regulator,Telangana SW,36,Telangana,516,NIZAMABAD,-,-,-,-,-,-,-,-,-,18.91368898,78.34351872,30-03-2026 08:00,0,0,0,0,0,0,0,0,0,0,0,0,0,0,0,0,0,0,0,0,0,0,0,0,0,0,0,0,0,0,0,0,0,0,0,0,0,0,0,0,0,0,,,,,,,,
96,96,Flood Flow Canal Head Regulator,Telangana SW,36,Telangana,516,NIZAMABAD,-,-,-,-,-,-,-,-,-,18.91368898,78.34351872,30-03-2026 10:00,0,0,0,0,0,0,0,0,0,0,0,0,0,0,0,0,0,0,0,0,0,0,0,0,0,0,0,0,0,0,0,0,0,0,0,0,0,0,0,0,0,0,,,,,,,,
97,97,Flood Flow Canal Head Regulator,Telangana SW,36,Telangana,516,NIZAMABAD,-,-,-,-,-,-,-,-,-,18.91368898,78.34351872,30-03-2026 11:00,0,0,0,0,0,0,0,0,0,0,0,0,0,0,0,0,0,0,0,0,0,0,0,0,0,0,0,0,0,0,0,0,0,0,0,0,0,0,0,0,0,0,,,,,,,,
98,98,Flood Flow Canal Head Regulator,Telangana SW,36,Telangana,516,NIZAMABAD,-,-,-,-,-,-,-,-,-,18.91368898,78.34351872,30-03-2026 12:00,0,0,0,0,0,0,0,0,0,0,0,0,0,0,0,0,0,0,0,0,0,0,0,0,0,0,0,0,0,0,0,0,0,0,0,0,0,0,0,0,0,0,,,,,,,,
99,99,Flood Flow Canal Head Regulator,Telangana SW,36,Telangana,516,NIZAMABAD,-,-,-,-,-,-,-,-,-,18.91368898,78.34351872,30-03-2026 13:00,0,0,0,0,0,0,0,0,0,0,0,0,0,0,0,0,0,0,0,0,0,0,0,0,0,0,0,0,0,0,0,0,0,0,0,0,0,0,0,0,0,0,,,,,,,,
100,100,Flood Flow Canal Head Regulator,Telangana SW,36,Telangana,516,NIZAMABAD,-,-,-,-,-,-,-,-,-,18.91368898,78.34351872,30-03-2026 14:00,0,0,0,0,0,0,0,0,0,0,0,0,0,0,0,0,0,0,0,0,0,0,0,0,0,0,0,0,0,0,0,0,0,0,0,0,0,0,0,0,0,0,,,,,,,,
101,101,Flood Flow Canal Head Regulator,Telangana SW,36,Telangana,516,NIZAMABAD,-,-,-,-,-,-,-,-,-,18.91368898,78.34351872,30-03-2026 15:00,0,0,0,0,0,0,0,0,0,0,0,0,0,0,0,0,0,0,0,0,0,0,0,0,0,0,0,0,0,0,0,0,0,0,0,0,0,0,0,0,0,0,,,,,,,,
102,102,Flood Flow Canal Head Regulator,Telangana SW,36,Telangana,516,NIZAMABAD,-,-,-,-,-,-,-,-,-,18.91368898,78.34351872,30-03-2026 17:00,0,0,0,0,0,0,0,0,0,0,0,0,0,0,0,0,0,0,0,0,0,0,0,0,0,0,0,0,0,0,0,0,0,0,0,0,0,0,0,0,0,0,,,,,,,,
103,103,Flood Flow Canal Head Regulator,Telangana SW,36,Telangana,516,NIZAMABAD,-,-,-,-,-,-,-,-,-,18.91368898,78.34351872,30-03-2026 18:00,0,0,0,0,0,0,0,0,0,0,0,0,0,0,0,0,0,0,0,0,0,0,0,0,0,0,0,0,0,0,0,0,0,0,0,0,0,0,0,0,0,0,,,,,,,,
104,104,Flood Flow Canal Head Regulator,Telangana SW,36,Telangana,516,NIZAMABAD,-,-,-,-,-,-,-,-,-,18.91368898,78.34351872,30-03-2026 19:00,0,0,0,0,0,0,0,0,0,0,0,0,0,0,0,0,0,0,0,0,0,0,0,0,0,0,0,0,0,0,0,0,0,0,0,0,0,0,0,0,0,0,,,,,,,,
105,105,Flood Flow Canal Head Regulator,Telangana SW,36,Telangana,516,NIZAMABAD,-,-,-,-,-,-,-,-,-,18.91368898,78.34351872,30-03-2026 20:00,0,0,0,0,0,0,0,0,0,0,0,0,0,0,0,0,0,0,0,0,0,0,0,0,0,0,0,0,0,0,0,0,0,0,0,0,0,0,0,0,0,0,,,,,,,,
106,106,Flood Flow Canal Head Regulator,Telangana SW,36,Telangana,516,NIZAMABAD,-,-,-,-,-,-,-,-,-,18.91368898,78.34351872,30-03-2026 21:00,0,0,0,0,0,0,0,0,0,0,0,0,0,0,0,0,0,0,0,0,0,0,0,0,0,0,0,0,0,0,0,0,0,0,0,0,0,0,0,0,0,0,,,,,,,,
107,107,Flood Flow Canal Head Regulator,Telangana SW,36,Telangana,516,NIZAMABAD,-,-,-,-,-,-,-,-,-,18.91368898,78.34351872,30-03-2026 22:00,0,0,0,0,0,0,0,0,0,0,0,0,0,0,0,0,0,0,0,0,0,0,0,0,0,0,0,0,0,0,0,0,0,0,0,0,0,0,0,0,0,0,,,,,,,,
108,108,Flood Flow Canal Head Regulator,Telangana SW,36,Telangana,516,NIZAMABAD,-,-,-,-,-,-,-,-,-,18.91368898,78.34351872,31-03-2026 00:00,0,0,0,0,0,0,0,0,0,0,0,0,0,0,0,0,0,0,0,0,0,0,0,0,0,0,0,0,0,0,0,0,0,0,0,0,0,0,0,0,0,0,,,,,,,,
109,109,Flood Flow Canal Head Regulator,Telangana SW,36,Telangana,516,NIZAMABAD,-,-,-,-,-,-,-,-,-,18.91368898,78.34351872,31-03-2026 01:00,0,0,0,0,0,0,0,0,0,0,0,0,0,0,0,0,0,0,0,0,0,0,0,0,0,0,0,0,0,0,0,0,0,0,0,0,0,0,0,0,0,0,,,,,,,,
110,110,Flood Flow Canal Head Regulator,Telangana SW,36,Telangana,516,NIZAMABAD,-,-,-,-,-,-,-,-,-,18.91368898,78.34351872,31-03-2026 02:00,0,0,0,0,0,0,0,0,0,0,0,0,0,0,0,0,0,0,0,0,0,0,0,0,0,0,0,0,0,0,0,0,0,0,0,0,0,0,0,0,0,0,,,,,,,,
111,111,Flood Flow Canal Head Regulator,Telangana SW,36,Telangana,516,NIZAMABAD,-,-,-,-,-,-,-,-,-,18.91368898,78.34351872,31-03-2026 03:00,0,0,0,0,0,0,0,0,0,0,0,0,0,0,0,0,0,0,0,0,0,0,0,0,0,0,0,0,0,0,0,0,0,0,0,0,0,0,0,0,0,0,,,,,,,,
112,112,Flood Flow Canal Head Regulator,Telangana SW,36,Telangana,516,NIZAMABAD,-,-,-,-,-,-,-,-,-,18.91368898,78.34351872,31-03-2026 04:00,0,0,0,0,0,0,0,0,0,0,0,0,0,0,0,0,0,0,0,0,0,0,0,0,0,0,0,0,0,0,0,0,0,0,0,0,0,0,0,0,0,0,,,,,,,,
113,113,Flood Flow Canal Head Regulator,Telangana SW,36,Telangana,516,NIZAMABAD,-,-,-,-,-,-,-,-,-,18.91368898,78.34351872,31-03-2026 06:00,0,0,0,0,0,0,0,0,0,0,0,0,0,0,0,0,0,0,0,0,0,0,0,0,0,0,0,0,0,0,0,0,0,0,0,0,0,0,0,0,0,0,,,,,,,,
114,114,Flood Flow Canal Head Regulator,Telangana SW,36,Telangana,516,NIZAMABAD,-,-,-,-,-,-,-,-,-,18.91368898,78.34351872,31-03-2026 07:00,0,0,0,0,0,0,0,0,0,0,0,0,0,0,0,0,0,0,0,0,0,0,0,0,0,0,0,0,0,0,0,0,0,0,0,0,0,0,0,0,0,0,,,,,,,,
115,115,Flood Flow Canal Head Regulator,Telangana SW,36,Telangana,516,NIZAMABAD,-,-,-,-,-,-,-,-,-,18.91368898,78.34351872,31-03-2026 08:00,0,0,0,0,0,0,0,0,0,0,0,0,0,0,0,0,0,0,0,0,0,0,0,0,0,0,0,0,0,0,0,0,0,0,0,0,0,0,0,0,0,0,,,,,,,,
116,116,Flood Flow Canal Head Regulator,Telangana SW,36,Telangana,516,NIZAMABAD,-,-,-,-,-,-,-,-,-,18.91368898,78.34351872,01-04-2026 14:00,0,0,0,0,0,0,0,0,0,0,0,0,0,0,0,0,0,0,0,0,0,0,0,0,0,0,0,0,0,0,0,0,0,0,0,0,0,0,0,0,0,0,,,,,,,,
117,117,Flood Flow Canal Head Regulator,Telangana SW,36,Telangana,516,NIZAMABAD,-,-,-,-,-,-,-,-,-,18.91368898,78.34351872,01-04-2026 15:00,0,0,0,0,0,0,0,0,0,0,0,0,0,0,0,0,0,0,0,0,0,0,0,0,0,0,0,0,0,0,0,0,0,0,0,0,0,0,0,0,0,0,,,,,,,,
118,118,Flood Flow Canal Head Regulator,Telangana SW,36,Telangana,516,NIZAMABAD,-,-,-,-,-,-,-,-,-,18.91368898,78.34351872,01-04-2026 16:00,0,0,0,0,0,0,0,0,0,0,0,0,0,0,0,0,0,0,0,0,0,0,0,0,0,0,0,0,0,0,0,0,0,0,0,0,0,0,0,0,0,0,,,,,,,,
119,119,Flood Flow Canal Head Regulator,Telangana SW,36,Telangana,516,NIZAMABAD,-,-,-,-,-,-,-,-,-,18.91368898,78.34351872,01-04-2026 17:00,0,0,0,0,0,0,0,0,0,0,0,0,0,0,0,0,0,0,0,0,0,0,0,0,0,0,0,0,0,0,0,0,0,0,0,0,0,0,0,0,0,0,,,,,,,,
120,120,Flood Flow Canal Head Regulator,Telangana SW,36,Telangana,516,NIZAMABAD,-,-,-,-,-,-,-,-,-,18.91368898,78.34351872,01-04-2026 18:00,0,0,0,0,0,0,0,0,0,0,0,0,0,0,0,0,0,0,0,0,0,0,0,0,0,0,0,0,0,0,0,0,0,0,0,0,0,0,0,0,0,0,,,,,,,,
121,121,Flood Flow Canal Head Regulator,Telangana SW,36,Telangana,516,NIZAMABAD,-,-,-,-,-,-,-,-,-,18.91368898,78.34351872,01-04-2026 19:00,0,0,0,0,0,0,0,0,0,0,0,0,0,0,0,0,0,0,0,0,0,0,0,0,0,0,0,0,0,0,0,0,0,0,0,0,0,0,0,0,0,0,,,,,,,,
122,122,Flood Flow Canal Head Regulator,Telangana SW,36,Telangana,516,NIZAMABAD,-,-,-,-,-,-,-,-,-,18.91368898,78.34351872,01-04-2026 21:00,0,0,0,0,0,0,0,0,0,0,0,0,0,0,0,0,0,0,0,0,0,0,0,0,0,0,0,0,0,0,0,0,0,0,0,0,0,0,0,0,0,0,,,,,,,,
123,123,Flood Flow Canal Head Regulator,Telangana SW,36,Telangana,516,NIZAMABAD,-,-,-,-,-,-,-,-,-,18.91368898,78.34351872,01-04-2026 22:00,0,0,0,0,0,0,0,0,0,0,0,0,0,0,0,0,0,0,0,0,0,0,0,0,0,0,0,0,0,0,0,0,0,0,0,0,0,0,0,0,0,0,,,,,,,,
124,124,Flood Flow Canal Head Regulator,Telangana SW,36,Telangana,516,NIZAMABAD,-,-,-,-,-,-,-,-,-,18.91368898,78.34351872,01-04-2026 23:00,0,0,0,0,0,0,0,0,0,0,0,0,0,0,0,0,0,0,0,0,0,0,0,0,0,0,0,0,0,0,0,0,0,0,0,0,0,0,0,0,0,0,,,,,,,,
125,125,Flood Flow Canal Head Regulator,Telangana SW,36,Telangana,516,NIZAMABAD,-,-,-,-,-,-,-,-,-,18.91368898,78.34351872,02-04-2026 00:00,0,0,0,0,0,0,0,0,0,0,0,0,0,0,0,0,0,0,0,0,0,0,0,0,0,0,0,0,0,0,0,0,0,0,0,0,0,0,0,0,0,0,,,,,,,,
126,126,Flood Flow Canal Head Regulator,Telangana SW,36,Telangana,516,NIZAMABAD,-,-,-,-,-,-,-,-,-,18.91368898,78.34351872,02-04-2026 01:00,0,0,0,0,0,0,0,0,0,0,0,0,0,0,0,0,0,0,0,0,0,0,0,0,0,0,0,0,0,0,0,0,0,0,0,0,0,0,0,0,0,0,,,,,,,,
127,127,Flood Flow Canal Head Regulator,Telangana SW,36,Telangana,516,NIZAMABAD,-,-,-,-,-,-,-,-,-,18.91368898,78.34351872,02-04-2026 02:00,0,0,0,0,0,0,0,0,0,0,0,0,0,0,0,0,0,0,0,0,0,0,0,0,0,0,0,0,0,0,0,0,0,0,0,0,0,0,0,0,0,0,,,,,,,,
128,128,Flood Flow Canal Head Regulator,Telangana SW,36,Telangana,516,NIZAMABAD,-,-,-,-,-,-,-,-,-,18.91368898,78.34351872,02-04-2026 03:00,0,0,0,0,0,0,0,0,0,0,0,0,0,0,0,0,0,0,0,0,0,0,0,0,0,0,0,0,0,0,0,0,0,0,0,0,0,0,0,0,0,0,,,,,,,,
129,129,Flood Flow Canal Head Regulator,Telangana SW,36,Telangana,516,NIZAMABAD,-,-,-,-,-,-,-,-,-,18.91368898,78.34351872,02-04-2026 05:00,0,0,0,0,0,0,0,0,0,0,0,0,0,0,0,0,0,0,0,0,0,0,0,0,0,0,0,0,0,0,0,0,0,0,0,0,0,0,0,0,0,0,,,,,,,,
130,130,Flood Flow Canal Head Regulator,Telangana SW,36,Telangana,516,NIZAMABAD,-,-,-,-,-,-,-,-,-,18.91368898,78.34351872,02-04-2026 06:00,0,0,0,0,0,0,0,0,0,0,0,0,0,0,0,0,0,0,0,0,0,0,0,0,0,0,0,0,0,0,0,0,0,0,0,0,0,0,0,0,0,0,,,,,,,,
131,131,Flood Flow Canal Head Regulator,Telangana SW,36,Telangana,516,NIZAMABAD,-,-,-,-,-,-,-,-,-,18.91368898,78.34351872,02-04-2026 07:00,0,0,0,0,0,0,0,0,0,0,0,0,0,0,0,0,0,0,0,0,0,0,0,0,0,0,0,0,0,0,0,0,0,0,0,0,0,0,0,0,0,0,,,,,,,,
132,132,Flood Flow Canal Head Regulator,Telangana SW,36,Telangana,516,NIZAMABAD,-,-,-,-,-,-,-,-,-,18.91368898,78.34351872,02-04-2026 08:00,0,0,0,0,0,0,0,0,0,0,0,0,0,0,0,0,0,0,0,0,0,0,0,0,0,0,0,0,0,0,0,0,0,0,0,0,0,0,0,0,0,0,,,,,,,,
133,133,Flood Flow Canal Head Regulator,Telangana SW,36,Telangana,516,NIZAMABAD,-,-,-,-,-,-,-,-,-,18.91368898,78.34351872,02-04-2026 09:00,0,0,0,0,0,0,0,0,0,0,0,0,0,0,0,0,0,0,0,0,0,0,0,0,0,0,0,0,0,0,0,0,0,0,0,0,0,0,0,0,0,0,,,,,,,,
134,134,Flood Flow Canal Head Regulator,Telangana SW,36,Telangana,516,NIZAMABAD,-,-,-,-,-,-,-,-,-,18.91368898,78.34351872,02-04-2026 10:00,0,0,0,0,0,0,0,0,0,0,0,0,0,0,0,0,0,0,0,0,0,0,0,0,0,0,0,0,0,0,0,0,0,0,0,0,0,0,0,0,0,0,,,,,,,,
135,135,Flood Flow Canal Head Regulator,Telangana SW,36,Telangana,516,NIZAMABAD,-,-,-,-,-,-,-,-,-,18.91368898,78.34351872,02-04-2026 12:00,0,0,0,0,0,0,0,0,0,0,0,0,0,0,0,0,0,0,0,0,0,0,0,0,0,0,0,0,0,0,0,0,0,0,0,0,0,0,0,0,0,0,,,,,,,,
136,136,Flood Flow Canal Head Regulator,Telangana SW,36,Telangana,516,NIZAMABAD,-,-,-,-,-,-,-,-,-,18.91368898,78.34351872,02-04-2026 13:00,0,0,0,0,0,0,0,0,0,0,0,0,0,0,0,0,0,0,0,0,0,0,0,0,0,0,0,0,0,0,0,0,0,0,0,0,0,0,0,0,0,0,,,,,,,,
137,137,Flood Flow Canal Head Regulator,Telangana SW,36,Telangana,516,NIZAMABAD,-,-,-,-,-,-,-,-,-,18.91368898,78.34351872,02-04-2026 14:00,0,0,0,0,0,0,0,0,0,0,0,0,0,0,0,0,0,0,0,0,0,0,0,0,0,0,0,0,0,0,0,0,0,0,0,0,0,0,0,0,0,0,,,,,,,,
138,138,Flood Flow Canal Head Regulator,Telangana SW,36,Telangana,516,NIZAMABAD,-,-,-,-,-,-,-,-,-,18.91368898,78.34351872,02-04-2026 15:00,0,0,0,0,0,0,0,0,0,0,0,0,0,0,0,0,0,0,0,0,0,0,0,0,0,0,0,0,0,0,0,0,0,0,0,0,0,0,0,0,0,0,,,,,,,,
139,139,Flood Flow Canal Head Regulator,Telangana SW,36,Telangana,516,NIZAMABAD,-,-,-,-,-,-,-,-,-,18.91368898,78.34351872,02-04-2026 16:00,0,0,0,0,0,0,0,0,0,0,0,0,0,0,0,0,0,0,0,0,0,0,0,0,0,0,0,0,0,0,0,0,0,0,0,0,0,0,0,0,0,0,,,,,,,,
140,140,Flood Flow Canal Head Regulator,Telangana SW,36,Telangana,516,NIZAMABAD,-,-,-,-,-,-,-,-,-,18.91368898,78.34351872,02-04-2026 17:00,0,0,0,0,0,0,0,0,0,0,0,0,0,0,0,0,0,0,0,0,0,0,0,0,0,0,0,0,0,0,0,0,0,0,0,0,0,0,0,0,0,0,,,,,,,,
141,141,Flood Flow Canal Head Regulator,Telangana SW,36,Telangana,516,NIZAMABAD,-,-,-,-,-,-,-,-,-,18.91368898,78.34351872,02-04-2026 18:00,0,0,0,0,0,0,0,0,0,0,0,0,0,0,0,0,0,0,0,0,0,0,0,0,0,0,0,0,0,0,0,0,0,0,0,0,0,0,0,0,0,0,,,,,,,,
142,142,Flood Flow Canal Head Regulator,Telangana SW,36,Telangana,516,NIZAMABAD,-,-,-,-,-,-,-,-,-,18.91368898,78.34351872,02-04-2026 20:00,0,0,0,0,0,0,0,0,0,0,0,0,0,0,0,0,0,0,0,0,0,0,0,0,0,0,0,0,0,0,0,0,0,0,0,0,0,0,0,0,0,0,,,,,,,,
143,143,Flood Flow Canal Head Regulator,Telangana SW,36,Telangana,516,NIZAMABAD,-,-,-,-,-,-,-,-,-,18.91368898,78.34351872,02-04-2026 21:00,0,0,0,0,0,0,0,0,0,0,0,0,0,0,0,0,0,0,0,0,0,0,0,0,0,0,0,0,0,0,0,0,0,0,0,0,0,0,0,0,0,0,,,,,,,,
144,144,Flood Flow Canal Head Regulator,Telangana SW,36,Telangana,516,NIZAMABAD,-,-,-,-,-,-,-,-,-,18.91368898,78.34351872,02-04-2026 22:00,0,0,0,0,0,0,0,0,0,0,0,0,0,0,0,0,0,0,0,0,0,0,0,0,0,0,0,0,0,0,0,0,0,0,0,0,0,0,0,0,0,0,,,,,,,,
145,145,Flood Flow Canal Head Regulator,Telangana SW,36,Telangana,516,NIZAMABAD,-,-,-,-,-,-,-,-,-,18.91368898,78.34351872,02-04-2026 23:00,0,0,0,0,0,0,0,0,0,0,0,0,0,0,0,0,0,0,0,0,0,0,0,0,0,0,0,0,0,0,0,0,0,0,0,0,0,0,0,0,0,0,,,,,,,,
146,146,Flood Flow Canal Head Regulator,Telangana SW,36,Telangana,516,NIZAMABAD,-,-,-,-,-,-,-,-,-,18.91368898,78.34351872,03-04-2026 00:00,0,0,0,0,0,0,0,0,0,0,0,0,0,0,0,0,0,0,0,0,0,0,0,0,0,0,0,0,0,0,0,0,0,0,0,0,0,0,0,0,0,0,,,,,,,,
147,147,Flood Flow Canal Head Regulator,Telangana SW,36,Telangana,516,NIZAMABAD,-,-,-,-,-,-,-,-,-,18.91368898,78.34351872,03-04-2026 01:00,0,0,0,0,0,0,0,0,0,0,0,0,0,0,0,0,0,0,0,0,0,0,0,0,0,0,0,0,0,0,0,0,0,0,0,0,0,0,0,0,0,0,,,,,,,,
148,148,Flood Flow Canal Head Regulator,Telangana SW,36,Telangana,516,NIZAMABAD,-,-,-,-,-,-,-,-,-,18.91368898,78.34351872,03-04-2026 03:00,0,0,0,0,0,0,0,0,0,0,0,0,0,0,0,0,0,0,0,0,0,0,0,0,0,0,0,0,0,0,0,0,0,0,0,0,0,0,0,0,0,0,,,,,,,,
149,149,Flood Flow Canal Head Regulator,Telangana SW,36,Telangana,516,NIZAMABAD,-,-,-,-,-,-,-,-,-,18.91368898,78.34351872,03-04-2026 04:00,0,0,0,0,0,0,0,0,0,0,0,0,0,0,0,0,0,0,0,0,0,0,0,0,0,0,0,0,0,0,0,0,0,0,0,0,0,0,0,0,0,0,,,,,,,,
150,150,Flood Flow Canal Head Regulator,Telangana SW,36,Telangana,516,NIZAMABAD,-,-,-,-,-,-,-,-,-,18.91368898,78.34351872,03-04-2026 06:00,0,0,0,0,0,0,0,0,0,0,0,0,0,0,0,0,0,0,0,0,0,0,0,0,0,0,0,0,0,0,0,0,0,0,0,0,0,0,0,0,0,0,,,,,,,,
151,151,Flood Flow Canal Head Regulator,Telangana SW,36,Telangana,516,NIZAMABAD,-,-,-,-,-,-,-,-,-,18.91368898,78.34351872,03-04-2026 08:00,0,0,0,0,0,0,0,0,0,0,0,0,0,0,0,0,0,0,0,0,0,0,0,0,0,0,0,0,0,0,0,0,0,0,0,0,0,0,0,0,0,0,,,,,,,,
152,152,Flood Flow Canal Head Regulator,Telangana SW,36,Telangana,516,NIZAMABAD,-,-,-,-,-,-,-,-,-,18.91368898,78.34351872,03-04-2026 09:00,0,0,0,0,0,0,0,0,0,0,0,0,0,0,0,0,0,0,0,0,0,0,0,0,0,0,0,0,0,0,0,0,0,0,0,0,0,0,0,0,0,0,,,,,,,,
153,153,Flood Flow Canal Head Regulator,Telangana SW,36,Telangana,516,NIZAMABAD,-,-,-,-,-,-,-,-,-,18.91368898,78.34351872,03-04-2026 10:00,0,0,0,0,0,0,0,0,0,0,0,0,0,0,0,0,0,0,0,0,0,0,0,0,0,0,0,0,0,0,0,0,0,0,0,0,0,0,0,0,0,0,,,,,,,,
154,154,Flood Flow Canal Head Regulator,Telangana SW,36,Telangana,516,NIZAMABAD,-,-,-,-,-,-,-,-,-,18.91368898,78.34351872,03-04-2026 12:00,0,0,0,0,0,0,0,0,0,0,0,0,0,0,0,0,0,0,0,0,0,0,0,0,0,0,0,0,0,0,0,0,0,0,0,0,0,0,0,0,0,0,,,,,,,,
155,155,Flood Flow Canal Head Regulator,Telangana SW,36,Telangana,516,NIZAMABAD,-,-,-,-,-,-,-,-,-,18.91368898,78.34351872,03-04-2026 13:00,0,0,0,0,0,0,0,0,0,0,0,0,0,0,0,0,0,0,0,0,0,0,0,0,0,0,0,0,0,0,0,0,0,0,0,0,0,0,0,0,0,0,,,,,,,,
156,156,Flood Flow Canal Head Regulator,Telangana SW,36,Telangana,516,NIZAMABAD,-,-,-,-,-,-,-,-,-,18.91368898,78.34351872,03-04-2026 14:00,0,0,0,0,0,0,0,0,0,0,0,0,0,0,0,0,0,0,0,0,0,0,0,0,0,0,0,0,0,0,0,0,0,0,0,0,0,0,0,0,0,0,,,,,,,,
157,157,Flood Flow Canal Head Regulator,Telangana SW,36,Telangana,516,NIZAMABAD,-,-,-,-,-,-,-,-,-,18.91368898,78.34351872,03-04-2026 15:00,0,0,0,0,0,0,0,0,0,0,0,0,0,0,0,0,0,0,0,0,0,0,0,0,0,0,0,0,0,0,0,0,0,0,0,0,0,0,0,0,0,0,,,,,,,,
158,158,Flood Flow Canal Head Regulator,Telangana SW,36,Telangana,516,NIZAMABAD,-,-,-,-,-,-,-,-,-,18.91368898,78.34351872,03-04-2026 16:00,0,0,0,0,0,0,0,0,0,0,0,0,0,0,0,0,0,0,0,0,0,0,0,0,0,0,0,0,0,0,0,0,0,0,0,0,0,0,0,0,0,0,,,,,,,,
159,159,Flood Flow Canal Head Regulator,Telangana SW,36,Telangana,516,NIZAMABAD,-,-,-,-,-,-,-,-,-,18.91368898,78.34351872,03-04-2026 17:00,0,0,0,0,0,0,0,0,0,0,0,0,0,0,0,0,0,0,0,0,0,0,0,0,0,0,0,0,0,0,0,0,0,0,0,0,0,0,0,0,0,0,,,,,,,,
160,160,Flood Flow Canal Head Regulator,Telangana SW,36,Telangana,516,NIZAMABAD,-,-,-,-,-,-,-,-,-,18.91368898,78.34351872,03-04-2026 19:00,0,0,0,0,0,0,0,0,0,0,0,0,0,0,0,0,0,0,0,0,0,0,0,0,0,0,0,0,0,0,0,0,0,0,0,0,0,0,0,0,0,0,,,,,,,,
161,161,Flood Flow Canal Head Regulator,Telangana SW,36,Telangana,516,NIZAMABAD,-,-,-,-,-,-,-,-,-,18.91368898,78.34351872,03-04-2026 20:00,0,0,0,0,0,0,0,0,0,0,0,0,0,0,0,0,0,0,0,0,0,0,0,0,0,0,0,0,0,0,0,0,0,0,0,0,0,0,0,0,0,0,,,,,,,,
162,162,Flood Flow Canal Head Regulator,Telangana SW,36,Telangana,516,NIZAMABAD,-,-,-,-,-,-,-,-,-,18.91368898,78.34351872,03-04-2026 21:00,0,0,0,0,0,0,0,0,0,0,0,0,0,0,0,0,0,0,0,0,0,0,0,0,0,0,0,0,0,0,0,0,0,0,0,0,0,0,0,0,0,0,,,,,,,,
163,163,Flood Flow Canal Head Regulator,Telangana SW,36,Telangana,516,NIZAMABAD,-,-,-,-,-,-,-,-,-,18.91368898,78.34351872,03-04-2026 22:00,0,0,0,0,0,0,0,0,0,0,0,0,0,0,0,0,0,0,0,0,0,0,0,0,0,0,0,0,0,0,0,0,0,0,0,0,0,0,0,0,0,0,,,,,,,,
164,164,Flood Flow Canal Head Regulator,Telangana SW,36,Telangana,516,NIZAMABAD,-,-,-,-,-,-,-,-,-,18.91368898,78.34351872,03-04-2026 23:00,0,0,0,0,0,0,0,0,0,0,0,0,0,0,0,0,0,0,0,0,0,0,0,0,0,0,0,0,0,0,0,0,0,0,0,0,0,0,0,0,0,0,,,,,,,,
165,165,Flood Flow Canal Head Regulator,Telangana SW,36,Telangana,516,NIZAMABAD,-,-,-,-,-,-,-,-,-,18.91368898,78.34351872,04-04-2026 00:00,0,0,0,0,0,0,0,0,0,0,0,0,0,0,0,0,0,0,0,0,0,0,0,0,0,0,0,0,0,0,0,0,0,0,0,0,0,0,0,0,0,0,,,,,,,,
166,166,Flood Flow Canal Head Regulator,Telangana SW,36,Telangana,516,NIZAMABAD,-,-,-,-,-,-,-,-,-,18.91368898,78.34351872,04-04-2026 01:00,0,0,0,0,0,0,0,0,0,0,0,0,0,0,0,0,0,0,0,0,0,0,0,0,0,0,0,0,0,0,0,0,0,0,0,0,0,0,0,0,0,0,,,,,,,,
167,167,Flood Flow Canal Head Regulator,Telangana SW,36,Telangana,516,NIZAMABAD,-,-,-,-,-,-,-,-,-,18.91368898,78.34351872,04-04-2026 03:00,0,0,0,0,0,0,0,0,0,0,0,0,0,0,0,0,0,0,0,0,0,0,0,0,0,0,0,0,0,0,0,0,0,0,0,0,0,0,0,0,0,0,,,,,,,,
168,168,Flood Flow Canal Head Regulator,Telangana SW,36,Telangana,516,NIZAMABAD,-,-,-,-,-,-,-,-,-,18.91368898,78.34351872,04-04-2026 04:00,0,0,0,0,0,0,0,0,0,0,0,0,0,0,0,0,0,0,0,0,0,0,0,0,0,0,0,0,0,0,0,0,0,0,0,0,0,0,0,0,0,0,,,,,,,,
169,169,Flood Flow Canal Head Regulator,Telangana SW,36,Telangana,516,NIZAMABAD,-,-,-,-,-,-,-,-,-,18.91368898,78.34351872,04-04-2026 05:00,0,0,0,0,0,0,0,0,0,0,0,0,0,0,0,0,0,0,0,0,0,0,0,0,0,0,0,0,0,0,0,0,0,0,0,0,0,0,0,0,0,0,,,,,,,,
170,170,Flood Flow Canal Head Regulator,Telangana SW,36,Telangana,516,NIZAMABAD,-,-,-,-,-,-,-,-,-,18.91368898,78.34351872,04-04-2026 06:00,0,0,0,0,0,0,0,0,0,0,0,0,0,0,0,0,0,0,0,0,0,0,0,0,0,0,0,0,0,0,0,0,0,0,0,0,0,0,0,0,0,0,,,,,,,,
171,171,Flood Flow Canal Head Regulator,Telangana SW,36,Telangana,516,NIZAMABAD,-,-,-,-,-,-,-,-,-,18.91368898,78.34351872,04-04-2026 07:00,0,0,0,0,0,0,0,0,0,0,0,0,0,0,0,0,0,0,0,0,0,0,0,0,0,0,0,0,0,0,0,0,0,0,0,0,0,0,0,0,0,0,,,,,,,,
172,172,Flood Flow Canal Head Regulator,Telangana SW,36,Telangana,516,NIZAMABAD,-,-,-,-,-,-,-,-,-,18.91368898,78.34351872,04-04-2026 08:00,0,0,0,0,0,0,0,0,0,0,0,0,0,0,0,0,0,0,0,0,0,0,0,0,0,0,0,0,0,0,0,0,0,0,0,0,0,0,0,0,0,0,,,,,,,,
173,173,Flood Flow Canal Head Regulator,Telangana SW,36,Telangana,516,NIZAMABAD,-,-,-,-,-,-,-,-,-,18.91368898,78.34351872,04-04-2026 10:00,0,0,0,0,0,0,0,0,0,0,0,0,0,0,0,0,0,0,0,0,0,0,0,0,0,0,0,0,0,0,0,0,0,0,0,0,0,0,0,0,0,0,,,,,,,,
174,174,Flood Flow Canal Head Regulator,Telangana SW,36,Telangana,516,NIZAMABAD,-,-,-,-,-,-,-,-,-,18.91368898,78.34351872,04-04-2026 11:00,0,0,0,0,0,0,0,0,0,0,0,0,0,0,0,0,0,0,0,0,0,0,0,0,0,0,0,0,0,0,0,0,0,0,0,0,0,0,0,0,0,0,,,,,,,,
175,175,Flood Flow Canal Head Regulator,Telangana SW,36,Telangana,516,NIZAMABAD,-,-,-,-,-,-,-,-,-,18.91368898,78.34351872,04-04-2026 12:00,0,0,0,0,0,0,0,0,0,0,0,0,0,0,0,0,0,0,0,0,0,0,0,0,0,0,0,0,0,0,0,0,0,0,0,0,0,0,0,0,0,0,,,,,,,,
176,176,Flood Flow Canal Head Regulator,Telangana SW,36,Telangana,516,NIZAMABAD,-,-,-,-,-,-,-,-,-,18.91368898,78.34351872,04-04-2026 13:00,0,0,0,0,0,0,0,0,0,0,0,0,0,0,0,0,0,0,0,0,0,0,0,0,0,0,0,0,0,0,0,0,0,0,0,0,0,0,0,0,0,0,,,,,,,,
177,177,Flood Flow Canal Head Regulator,Telangana SW,36,Telangana,516,NIZAMABAD,-,-,-,-,-,-,-,-,-,18.91368898,78.34351872,04-04-2026 14:00,0,0,0,0,0,0,0,0,0,0,0,0,0,0,0,0,0,0,0,0,0,0,0,0,0,0,0,0,0,0,0,0,0,0,0,0,0,0,0,0,0,0,,,,,,,,
178,178,Flood Flow Canal Head Regulator,Telangana SW,36,Telangana,516,NIZAMABAD,-,-,-,-,-,-,-,-,-,18.91368898,78.34351872,04-04-2026 15:00,0,0,0,0,0,0,0,0,0,0,0,0,0,0,0,0,0,0,0,0,0,0,0,0,0,0,0,0,0,0,0,0,0,0,0,0,0,0,0,0,0,0,,,,,,,,
179,179,Flood Flow Canal Head Regulator,Telangana SW,36,Telangana,516,NIZAMABAD,-,-,-,-,-,-,-,-,-,18.91368898,78.34351872,04-04-2026 17:00,0,0,0,0,0,0,0,0,0,0,0,0,0,0,0,0,0,0,0,0,0,0,0,0,0,0,0,0,0,0,0,0,0,0,0,0,0,0,0,0,0,0,,,,,,,,
180,180,Flood Flow Canal Head Regulator,Telangana SW,36,Telangana,516,NIZAMABAD,-,-,-,-,-,-,-,-,-,18.91368898,78.34351872,04-04-2026 18:00,0,0,0,0,0,0,0,0,0,0,0,0,0,0,0,0,0,0,0,0,0,0,0,0,0,0,0,0,0,0,0,0,0,0,0,0,0,0,0,0,0,0,,,,,,,,
181,181,Flood Flow Canal Head Regulator,Telangana SW,36,Telangana,516,NIZAMABAD,-,-,-,-,-,-,-,-,-,18.91368898,78.34351872,04-04-2026 19:00,0,0,0,0,0,0,0,0,0,0,0,0,0,0,0,0,0,0,0,0,0,0,0,0,0,0,0,0,0,0,0,0,0,0,0,0,0,0,0,0,0,0,,,,,,,,
182,182,Flood Flow Canal Head Regulator,Telangana SW,36,Telangana,516,NIZAMABAD,-,-,-,-,-,-,-,-,-,18.91368898,78.34351872,05-04-2026 11:00,0,0,0,0,0,0,0,0,0,0,0,0,0,0,0,0,0,0,0,0,0,0,0,0,0,0,0,0,0,0,0,0,0,0,0,0,0,0,0,0,0,0,,,,,,,,
183,183,Flood Flow Canal Head Regulator,Telangana SW,36,Telangana,516,NIZAMABAD,-,-,-,-,-,-,-,-,-,18.91368898,78.34351872,05-04-2026 12:00,0,0,0,0,0,0,0,0,0,0,0,0,0,0,0,0,0,0,0,0,0,0,0,0,0,0,0,0,0,0,0,0,0,0,0,0,0,0,0,0,0,0,,,,,,,,
184,184,Flood Flow Canal Head Regulator,Telangana SW,36,Telangana,516,NIZAMABAD,-,-,-,-,-,-,-,-,-,18.91368898,78.34351872,05-04-2026 13:00,0,0,0,0,0,0,0,0,0,0,0,0,0,0,0,0,0,0,0,0,0,0,0,0,0,0,0,0,0,0,0,0,0,0,0,0,0,0,0,0,0,0,,,,,,,,
185,185,Flood Flow Canal Head Regulator,Telangana SW,36,Telangana,516,NIZAMABAD,-,-,-,-,-,-,-,-,-,18.91368898,78.34351872,05-04-2026 15:00,0,0,0,0,0,0,0,0,0,0,0,0,0,0,0,0,0,0,0,0,0,0,0,0,0,0,0,0,0,0,0,0,0,0,0,0,0,0,0,0,0,0,,,,,,,,
186,186,Flood Flow Canal Head Regulator,Telangana SW,36,Telangana,516,NIZAMABAD,-,-,-,-,-,-,-,-,-,18.91368898,78.34351872,05-04-2026 16:00,0,0,0,0,0,0,0,0,0,0,0,0,0,0,0,0,0,0,0,0,0,0,0,0,0,0,0,0,0,0,0,0,0,0,0,0,0,0,0,0,0,0,,,,,,,,
187,187,Flood Flow Canal Head Regulator,Telangana SW,36,Telangana,516,NIZAMABAD,-,-,-,-,-,-,-,-,-,18.91368898,78.34351872,05-04-2026 17:00,0,0,0,0,0,0,0,0,0,0,0,0,0,0,0,0,0,0,0,0,0,0,0,0,0,0,0,0,0,0,0,0,0,0,0,0,0,0,0,0,0,0,,,,,,,,
188,188,Flood Flow Canal Head Regulator,Telangana SW,36,Telangana,516,NIZAMABAD,-,-,-,-,-,-,-,-,-,18.91368898,78.34351872,05-04-2026 18:00,0,0,0,0,0,0,0,0,0,0,0,0,0,0,0,0,0,0,0,0,0,0,0,0,0,0,0,0,0,0,0,0,0,0,0,0,0,0,0,0,0,0,,,,,,,,
189,189,Flood Flow Canal Head Regulator,Telangana SW,36,Telangana,516,NIZAMABAD,-,-,-,-,-,-,-,-,-,18.91368898,78.34351872,05-04-2026 19:00,0,0,0,0,0,0,0,0,0,0,0,0,0,0,0,0,0,0,0,0,0,0,0,0,0,0,0,0,0,0,0,0,0,0,0,0,0,0,0,0,0,0,,,,,,,,
190,190,Flood Flow Canal Head Regulator,Telangana SW,36,Telangana,516,NIZAMABAD,-,-,-,-,-,-,-,-,-,18.91368898,78.34351872,05-04-2026 21:00,0,0,0,0,0,0,0,0,0,0,0,0,0,0,0,0,0,0,0,0,0,0,0,0,0,0,0,0,0,0,0,0,0,0,0,0,0,0,0,0,0,0,,,,,,,,
191,191,Flood Flow Canal Head Regulator,Telangana SW,36,Telangana,516,NIZAMABAD,-,-,-,-,-,-,-,-,-,18.91368898,78.34351872,05-04-2026 22:00,0,0,0,0,0,0,0,0,0,0,0,0,0,0,0,0,0,0,0,0,0,0,0,0,0,0,0,0,0,0,0,0,0,0,0,0,0,0,0,0,0,0,,,,,,,,
192,192,Flood Flow Canal Head Regulator,Telangana SW,36,Telangana,516,NIZAMABAD,-,-,-,-,-,-,-,-,-,18.91368898,78.34351872,05-04-2026 23:00,0,0,0,0,0,0,0,0,0,0,0,0,0,0,0,0,0,0,0,0,0,0,0,0,0,0,0,0,0,0,0,0,0,0,0,0,0,0,0,0,0,0,,,,,,,,
193,193,Flood Flow Canal Head Regulator,Telangana SW,36,Telangana,516,NIZAMABAD,-,-,-,-,-,-,-,-,-,18.91368898,78.34351872,06-04-2026 00:00,0,0,0,0,0,0,0,0,0,0,0,0,0,0,0,0,0,0,0,0,0,0,0,0,0,0,0,0,0,0,0,0,0,0,0,0,0,0,0,0,0,0,,,,,,,,
194,194,Flood Flow Canal Head Regulator,Telangana SW,36,Telangana,516,NIZAMABAD,-,-,-,-,-,-,-,-,-,18.91368898,78.34351872,06-04-2026 01:00,0,0,0,0,0,0,0,0,0,0,0,0,0,0,0,0,0,0,0,0,0,0,0,0,0,0,0,0,0,0,0,0,0,0,0,0,0,0,0,0,0,0,,,,,,,,
195,195,Flood Flow Canal Head Regulator,Telangana SW,36,Telangana,516,NIZAMABAD,-,-,-,-,-,-,-,-,-,18.91368898,78.34351872,06-04-2026 03:00,0,0,0,0,0,0,0,0,0,0,0,0,0,0,0,0,0,0,0,0,0,0,0,0,0,0,0,0,0,0,0,0,0,0,0,0,0,0,0,0,0,0,,,,,,,,
196,196,Flood Flow Canal Head Regulator,Telangana SW,36,Telangana,516,NIZAMABAD,-,-,-,-,-,-,-,-,-,18.91368898,78.34351872,06-04-2026 04:00,0,0,0,0,0,0,0,0,0,0,0,0,0,0,0,0,0,0,0,0,0,0,0,0,0,0,0,0,0,0,0,0,0,0,0,0,0,0,0,0,0,0,,,,,,,,
197,197,Flood Flow Canal Head Regulator,Telangana SW,36,Telangana,516,NIZAMABAD,-,-,-,-,-,-,-,-,-,18.91368898,78.34351872,06-04-2026 05:00,0,0,0,0,0,0,0,0,0,0,0,0,0,0,0,0,0,0,0,0,0,0,0,0,0,0,0,0,0,0,0,0,0,0,0,0,0,0,0,0,0,0,,,,,,,,
198,198,Flood Flow Canal Head Regulator,Telangana SW,36,Telangana,516,NIZAMABAD,-,-,-,-,-,-,-,-,-,18.91368898,78.34351872,06-04-2026 07:00,0,0,0,0,0,0,0,0,0,0,0,0,0,0,0,0,0,0,0,0,0,0,0,0,0,0,0,0,0,0,0,0,0,0,0,0,0,0,0,0,0,0,,,,,,,,
199,199,Flood Flow Canal Head Regulator,Telangana SW,36,Telangana,516,NIZAMABAD,-,-,-,-,-,-,-,-,-,18.91368898,78.34351872,06-04-2026 08:00,0,0,0,0,0,0,0,0,0,0,0,0,0,0,0,0,0,0,0,0,0,0,0,0,0,0,0,0,0,0,0,0,0,0,0,0,0,0,0,0,0,0,,,,,,,,
200,200,Flood Flow Canal Head Regulator,Telangana SW,36,Telangana,516,NIZAMABAD,-,-,-,-,-,-,-,-,-,18.91368898,78.34351872,06-04-2026 09:00,0,0,0,0,0,0,0,0,0,0,0,0,0,0,0,0,0,0,0,0,0,0,0,0,0,0,0,0,0,0,0,0,0,0,0,0,0,0,0,0,0,0,,,,,,,,
201,201,Flood Flow Canal Head Regulator,Telangana SW,36,Telangana,516,NIZAMABAD,-,-,-,-,-,-,-,-,-,18.91368898,78.34351872,06-04-2026 10:00,0,0,0,0,0,0,0,0,0,0,0,0,0,0,0,0,0,0,0,0,0,0,0,0,0,0,0,0,0,0,0,0,0,0,0,0,0,0,0,0,0,0,,,,,,,,
202,202,Flood Flow Canal Head Regulator,Telangana SW,36,Telangana,516,NIZAMABAD,-,-,-,-,-,-,-,-,-,18.91368898,78.34351872,06-04-2026 12:00,0,0,0,0,0,0,0,0,0,0,0,0,0,0,0,0,0,0,0,0,0,0,0,0,0,0,0,0,0,0,0,0,0,0,0,0,0,0,0,0,0,0,,,,,,,,
203,203,Flood Flow Canal Head Regulator,Telangana SW,36,Telangana,516,NIZAMABAD,-,-,-,-,-,-,-,-,-,18.91368898,78.34351872,06-04-2026 13:00,0,0,0,0,0,0,0,0,0,0,0,0,0,0,0,0,0,0,0,0,0,0,0,0,0,0,0,0,0,0,0,0,0,0,0,0,0,0,0,0,0,0,,,,,,,,
204,204,Flood Flow Canal Head Regulator,Telangana SW,36,Telangana,516,NIZAMABAD,-,-,-,-,-,-,-,-,-,18.91368898,78.34351872,06-04-2026 14:00,0,0,0,0,0,0,0,0,0,0,0,0,0,0,0,0,0,0,0,0,0,0,0,0,0,0,0,0,0,0,0,0,0,0,0,0,0,0,0,0,0,0,,,,,,,,
205,205,Flood Flow Canal Head Regulator,Telangana SW,36,Telangana,516,NIZAMABAD,-,-,-,-,-,-,-,-,-,18.91368898,78.34351872,06-04-2026 15:00,0,0,0,0,0,0,0,0,0,0,0,0,0,0,0,0,0,0,0,0,0,0,0,0,0,0,0,0,0,0,0,0,0,0,0,0,0,0,0,0,0,0,,,,,,,,
206,206,Flood Flow Canal Head Regulator,Telangana SW,36,Telangana,516,NIZAMABAD,-,-,-,-,-,-,-,-,-,18.91368898,78.34351872,06-04-2026 16:00,0,0,0,0,0,0,0,0,0,0,0,0,0,0,0,0,0,0,0,0,0,0,0,0,0,0,0,0,0,0,0,0,0,0,0,0,0,0,0,0,0,0,,,,,,,,
207,207,Flood Flow Canal Head Regulator,Telangana SW,36,Telangana,516,NIZAMABAD,-,-,-,-,-,-,-,-,-,18.91368898,78.34351872,06-04-2026 18:00,0,0,0,0,0,0,0,0,0,0,0,0,0,0,0,0,0,0,0,0,0,0,0,0,0,0,0,0,0,0,0,0,0,0,0,0,0,0,0,0,0,0,,,,,,,,
208,208,Flood Flow Canal Head Regulator,Telangana SW,36,Telangana,516,NIZAMABAD,-,-,-,-,-,-,-,-,-,18.91368898,78.34351872,06-04-2026 19:00,0,0,0,0,0,0,0,0,0,0,0,0,0,0,0,0,0,0,0,0,0,0,0,0,0,0,0,0,0,0,0,0,0,0,0,0,0,0,0,0,0,0,,,,,,,,
209,209,Flood Flow Canal Head Regulator,Telangana SW,36,Telangana,516,NIZAMABAD,-,-,-,-,-,-,-,-,-,18.91368898,78.34351872,06-04-2026 21:00,0,0,0,0,0,0,0,0,0,0,0,0,0,0,0,0,0,0,0,0,0,0,0,0,0,0,0,0,0,0,0,0,0,0,0,0,0,0,0,0,0,0,,,,,,,,
210,210,Flood Flow Canal Head Regulator,Telangana SW,36,Telangana,516,NIZAMABAD,-,-,-,-,-,-,-,-,-,18.91368898,78.34351872,06-04-2026 22:00,0,0,0,0,0,0,0,0,0,0,0,0,0,0,0,0,0,0,0,0,0,0,0,0,0,0,0,0,0,0,0,0,0,0,0,0,0,0,0,0,0,0,,,,,,,,
211,211,Flood Flow Canal Head Regulator,Telangana SW,36,Telangana,516,NIZAMABAD,-,-,-,-,-,-,-,-,-,18.91368898,78.34351872,07-04-2026 01:00,0,0,0,0,0,0,0,0,0,0,0,0,0,0,0,0,0,0,0,0,0,0,0,0,0,0,0,0,0,0,0,0,0,0,0,0,0,0,0,0,0,0,,,,,,,,
212,212,Flood Flow Canal Head Regulator,Telangana SW,36,Telangana,516,NIZAMABAD,-,-,-,-,-,-,-,-,-,18.91368898,78.34351872,07-04-2026 03:00,0,0,0,0,0,0,0,0,0,0,0,0,0,0,0,0,0,0,0,0,0,0,0,0,0,0,0,0,0,0,0,0,0,0,0,0,0,0,0,0,0,0,,,,,,,,
213,213,Flood Flow Canal Head Regulator,Telangana SW,36,Telangana,516,NIZAMABAD,-,-,-,-,-,-,-,-,-,18.91368898,78.34351872,07-04-2026 04:00,0,0,0,0,0,0,0,0,0,0,0,0,0,0,0,0,0,0,0,0,0,0,0,0,0,0,0,0,0,0,0,0,0,0,0,0,0,0,0,0,0,0,,,,,,,,
214,214,Flood Flow Canal Head Regulator,Telangana SW,36,Telangana,516,NIZAMABAD,-,-,-,-,-,-,-,-,-,18.91368898,78.34351872,07-04-2026 06:00,0,0,0,0,0,0,0,0,0,0,0,0,0,0,0,0,0,0,0,0,0,0,0,0,0,0,0,0,0,0,0,0,0,0,0,0,0,0,0,0,0,0,,,,,,,,
215,215,Flood Flow Canal Head Regulator,Telangana SW,36,Telangana,516,NIZAMABAD,-,-,-,-,-,-,-,-,-,18.91368898,78.34351872,07-04-2026 12:00,0,0,0,0,0,0,0,0,0,0,0,0,0,0,0,0,0,0,0,0,0,0,0,0,0,0,0,0,0,0,0,0,0,0,0,0,0,0,0,0,0,0,,,,,,,,
216,216,Flood Flow Canal Head Regulator,Telangana SW,36,Telangana,516,NIZAMABAD,-,-,-,-,-,-,-,-,-,18.91368898,78.34351872,07-04-2026 13:00,0,0,0,0,0,0,0,0,0,0,0,0,0,0,0,0,0,0,0,0,0,0,0,0,0,0,0,0,0,0,0,0,0,0,0,0,0,0,0,0,0,0,,,,,,,,
217,217,Flood Flow Canal Head Regulator,Telangana SW,36,Telangana,516,NIZAMABAD,-,-,-,-,-,-,-,-,-,18.91368898,78.34351872,07-04-2026 15:00,0,0,0,0,0,0,0,0,0,0,0,0,0,0,0,0,0,0,0,0,0,0,0,0,0,0,0,0,0,0,0,0,0,0,0,0,0,0,0,0,0,0,,,,,,,,
218,218,Flood Flow Canal Head Regulator,Telangana SW,36,Telangana,516,NIZAMABAD,-,-,-,-,-,-,-,-,-,18.91368898,78.34351872,07-04-2026 17:00,0,0,0,0,0,0,0,0,0,0,0,0,0,0,0,0,0,0,0,0,0,0,0,0,0,0,0,0,0,0,0,0,0,0,0,0,0,0,0,0,0,0,,,,,,,,
219,219,Flood Flow Canal Head Regulator,Telangana SW,36,Telangana,516,NIZAMABAD,-,-,-,-,-,-,-,-,-,18.91368898,78.34351872,07-04-2026 18:00,0,0,0,0,0,0,0,0,0,0,0,0,0,0,0,0,0,0,0,0,0,0,0,0,0,0,0,0,0,0,0,0,0,0,0,0,0,0,0,0,0,0,,,,,,,,
220,220,Flood Flow Canal Head Regulator,Telangana SW,36,Telangana,516,NIZAMABAD,-,-,-,-,-,-,-,-,-,18.91368898,78.34351872,07-04-2026 19:00,0,0,0,0,0,0,0,0,0,0,0,0,0,0,0,0,0,0,0,0,0,0,0,0,0,0,0,0,0,0,0,0,0,0,0,0,0,0,0,0,0,0,,,,,,,,
221,221,Flood Flow Canal Head Regulator,Telangana SW,36,Telangana,516,NIZAMABAD,-,-,-,-,-,-,-,-,-,18.91368898,78.34351872,07-04-2026 20:00,0,0,0,0,0,0,0,0,0,0,0,0,0,0,0,0,0,0,0,0,0,0,0,0,0,0,0,0,0,0,0,0,0,0,0,0,0,0,0,0,0,0,,,,,,,,
222,222,Flood Flow Canal Head Regulator,Telangana SW,36,Telangana,516,NIZAMABAD,-,-,-,-,-,-,-,-,-,18.91368898,78.34351872,07-04-2026 21:00,0,0,0,0,0,0,0,0,0,0,0,0,0,0,0,0,0,0,0,0,0,0,0,0,0,0,0,0,0,0,0,0,0,0,0,0,0,0,0,0,0,0,,,,,,,,
223,223,Flood Flow Canal Head Regulator,Telangana SW,36,Telangana,516,NIZAMABAD,-,-,-,-,-,-,-,-,-,18.91368898,78.34351872,07-04-2026 23:00,0,0,0,0,0,0,0,0,0,0,0,0,0,0,0,0,0,0,0,0,0,0,0,0,0,0,0,0,0,0,0,0,0,0,0,0,0,0,0,0,0,0,,,,,,,,
224,224,Flood Flow Canal Head Regulator,Telangana SW,36,Telangana,516,NIZAMABAD,-,-,-,-,-,-,-,-,-,18.91368898,78.34351872,08-04-2026 00:00,0,0,0,0,0,0,0,0,0,0,0,0,0,0,0,0,0,0,0,0,0,0,0,0,0,0,0,0,0,0,0,0,0,0,0,0,0,0,0,0,0,0,,,,,,,,
225,225,Flood Flow Canal Head Regulator,Telangana SW,36,Telangana,516,NIZAMABAD,-,-,-,-,-,-,-,-,-,18.91368898,78.34351872,08-04-2026 01:00,0,0,0,0,0,0,0,0,0,0,0,0,0,0,0,0,0,0,0,0,0,0,0,0,0,0,0,0,0,0,0,0,0,0,0,0,0,0,0,0,0,0,,,,,,,,
226,226,Flood Flow Canal Head Regulator,Telangana SW,36,Telangana,516,NIZAMABAD,-,-,-,-,-,-,-,-,-,18.91368898,78.34351872,08-04-2026 02:00,0,0,0,0,0,0,0,0,0,0,0,0,0,0,0,0,0,0,0,0,0,0,0,0,0,0,0,0,0,0,0,0,0,0,0,0,0,0,0,0,0,0,,,,,,,,
227,227,Flood Flow Canal Head Regulator,Telangana SW,36,Telangana,516,NIZAMABAD,-,-,-,-,-,-,-,-,-,18.91368898,78.34351872,08-04-2026 04:00,0,0,0,0,0,0,0,0,0,0,0,0,0,0,0,0,0,0,0,0,0,0,0,0,0,0,0,0,0,0,0,0,0,0,0,0,0,0,0,0,0,0,,,,,,,,
228,228,Flood Flow Canal Head Regulator,Telangana SW,36,Telangana,516,NIZAMABAD,-,-,-,-,-,-,-,-,-,18.91368898,78.34351872,08-04-2026 05:00,0,0,0,0,0,0,0,0,0,0,0,0,0,0,0,0,0,0,0,0,0,0,0,0,0,0,0,0,0,0,0,0,0,0,0,0,0,0,0,0,0,0,,,,,,,,
229,229,Flood Flow Canal Head Regulator,Telangana SW,36,Telangana,516,NIZAMABAD,-,-,-,-,-,-,-,-,-,18.91368898,78.34351872,08-04-2026 06:00,0,0,0,0,0,0,0,0,0,0,0,0,0,0,0,0,0,0,0,0,0,0,0,0,0,0,0,0,0,0,0,0,0,0,0,0,0,0,0,0,0,0,,,,,,,,
230,230,Flood Flow Canal Head Regulator,Telangana SW,36,Telangana,516,NIZAMABAD,-,-,-,-,-,-,-,-,-,18.91368898,78.34351872,08-04-2026 07:00,0,0,0,0,0,0,0,0,0,0,0,0,0,0,0,0,0,0,0,0,0,0,0,0,0,0,0,0,0,0,0,0,0,0,0,0,0,0,0,0,0,0,,,,,,,,
231,231,Flood Flow Canal Head Regulator,Telangana SW,36,Telangana,516,NIZAMABAD,-,-,-,-,-,-,-,-,-,18.91368898,78.34351872,08-04-2026 08:00,0,0,0,0,0,0,0,0,0,0,0,0,0,0,0,0,0,0,0,0,0,0,0,0,0,0,0,0,0,0,0,0,0,0,0,0,0,0,0,0,0,0,,,,,,,,
232,232,Flood Flow Canal Head Regulator,Telangana SW,36,Telangana,516,NIZAMABAD,-,-,-,-,-,-,-,-,-,18.91368898,78.34351872,08-04-2026 10:00,0,0,0,0,0,0,0,0,0,0,0,0,0,0,0,0,0,0,0,0,0,0,0,0,0,0,0,0,0,0,0,0,0,0,0,0,0,0,0,0,0,0,,,,,,,,
233,233,Flood Flow Canal Head Regulator,Telangana SW,36,Telangana,516,NIZAMABAD,-,-,-,-,-,-,-,-,-,18.91368898,78.34351872,08-04-2026 11:00,0,0,0,0,0,0,0,0,0,0,0,0,0,0,0,0,0,0,0,0,0,0,0,0,0,0,0,0,0,0,0,0,0,0,0,0,0,0,0,0,0,0,,,,,,,,
234,234,Flood Flow Canal Head Regulator,Telangana SW,36,Telangana,516,NIZAMABAD,-,-,-,-,-,-,-,-,-,18.91368898,78.34351872,08-04-2026 12:00,0,0,0,0,0,0,0,0,0,0,0,0,0,0,0,0,0,0,0,0,0,0,0,0,0,0,0,0,0,0,0,0,0,0,0,0,0,0,0,0,0,0,,,,,,,,
235,235,Flood Flow Canal Head Regulator,Telangana SW,36,Telangana,516,NIZAMABAD,-,-,-,-,-,-,-,-,-,18.91368898,78.34351872,08-04-2026 13:00,0,0,0,0,0,0,0,0,0,0,0,0,0,0,0,0,0,0,0,0,0,0,0,0,0,0,0,0,0,0,0,0,0,0,0,0,0,0,0,0,0,0,,,,,,,,
236,236,Flood Flow Canal Head Regulator,Telangana SW,36,Telangana,516,NIZAMABAD,-,-,-,-,-,-,-,-,-,18.91368898,78.34351872,08-04-2026 14:00,0,0,0,0,0,0,0,0,0,0,0,0,0,0,0,0,0,0,0,0,0,0,0,0,0,0,0,0,0,0,0,0,0,0,0,0,0,0,0,0,0,0,,,,,,,,
237,237,Flood Flow Canal Head Regulator,Telangana SW,36,Telangana,516,NIZAMABAD,-,-,-,-,-,-,-,-,-,18.91368898,78.34351872,08-04-2026 15:00,0,0,0,0,0,0,0,0,0,0,0,0,0,0,0,0,0,0,0,0,0,0,0,0,0,0,0,0,0,0,0,0,0,0,0,0,0,0,0,0,0,0,,,,,,,,
238,238,Flood Flow Canal Head Regulator,Telangana SW,36,Telangana,516,NIZAMABAD,-,-,-,-,-,-,-,-,-,18.91368898,78.34351872,08-04-2026 16:00,0,0,0,0,0,0,0,0,0,0,0,0,0,0,0,0,0,0,0,0,0,0,0,0,0,0,0,0,0,0,0,0,0,0,0,0,0,0,0,0,0,0,,,,,,,,
239,239,Flood Flow Canal Head Regulator,Telangana SW,36,Telangana,516,NIZAMABAD,-,-,-,-,-,-,-,-,-,18.91368898,78.34351872,08-04-2026 18:00,0,0,0,0,0,0,0,0,0,0,0,0,0,0,0,0,0,0,0,0,0,0,0,0,0,0,0,0,0,0,0,0,0,0,0,0,0,0,0,0,0,0,,,,,,,,
240,240,Flood Flow Canal Head Regulator,Telangana SW,36,Telangana,516,NIZAMABAD,-,-,-,-,-,-,-,-,-,18.91368898,78.34351872,08-04-2026 19:00,0,0,0,0,0,0,0,0,0,0,0,0,0,0,0,0,0,0,0,0,0,0,0,0,0,0,0,0,0,0,0,0,0,0,0,0,0,0,0,0,0,0,,,,,,,,
241,241,Flood Flow Canal Head Regulator,Telangana SW,36,Telangana,516,NIZAMABAD,-,-,-,-,-,-,-,-,-,18.91368898,78.34351872,08-04-2026 20:00,0,0,0,0,0,0,0,0,0,0,0,0,0,0,0,0,0,0,0,0,0,0,0,0,0,0,0,0,0,0,0,0,0,0,0,0,0,0,0,0,0,0,,,,,,,,
242,242,Flood Flow Canal Head Regulator,Telangana SW,36,Telangana,516,NIZAMABAD,-,-,-,-,-,-,-,-,-,18.91368898,78.34351872,08-04-2026 21:00,0,0,0,0,0,0,0,0,0,0,0,0,0,0,0,0,0,0,0,0,0,0,0,0,0,0,0,0,0,0,0,0,0,0,0,0,0,0,0,0,0,0,,,,,,,,
243,243,Flood Flow Canal Head Regulator,Telangana SW,36,Telangana,516,NIZAMABAD,-,-,-,-,-,-,-,-,-,18.91368898,78.34351872,08-04-2026 22:00,0,0,0,0,0,0,0,0,0,0,0,0,0,0,0,0,0,0,0,0,0,0,0,0,0,0,0,0,0,0,0,0,0,0,0,0,0,0,0,0,0,0,,,,,,,,
244,244,Flood Flow Canal Head Regulator,Telangana SW,36,Telangana,516,NIZAMABAD,-,-,-,-,-,-,-,-,-,18.91368898,78.34351872,08-04-2026 23:00,0,0,0,0,0,0,0,0,0,0,0,0,0,0,0,0,0,0,0,0,0,0,0,0,0,0,0,0,0,0,0,0,0,0,0,0,0,0,0,0,0,0,,,,,,,,
245,245,Flood Flow Canal Head Regulator,Telangana SW,36,Telangana,516,NIZAMABAD,-,-,-,-,-,-,-,-,-,18.91368898,78.34351872,09-04-2026 00:00,0,0,0,0,0,0,0,0,0,0,0,0,0,0,0,0,0,0,0,0,0,0,0,0,0,0,0,0,0,0,0,0,0,0,0,0,0,0,0,0,0,0,,,,,,,,
246,246,Flood Flow Canal Head Regulator,Telangana SW,36,Telangana,516,NIZAMABAD,-,-,-,-,-,-,-,-,-,18.91368898,78.34351872,09-04-2026 02:00,0,0,0,0,0,0,0,0,0,0,0,0,0,0,0,0,0,0,0,0,0,0,0,0,0,0,0,0,0,0,0,0,0,0,0,0,0,0,0,0,0,0,,,,,,,,
247,247,Flood Flow Canal Head Regulator,Telangana SW,36,Telangana,516,NIZAMABAD,-,-,-,-,-,-,-,-,-,18.91368898,78.34351872,09-04-2026 03:00,0,0,0,0,0,0,0,0,0,0,0,0,0,0,0,0,0,0,0,0,0,0,0,0,0,0,0,0,0,0,0,0,0,0,0,0,0,0,0,0,0,0,,,,,,,,
248,248,Flood Flow Canal Head Regulator,Telangana SW,36,Telangana,516,NIZAMABAD,-,-,-,-,-,-,-,-,-,18.91368898,78.34351872,09-04-2026 04:00,0,0,0,0,0,0,0,0,0,0,0,0,0,0,0,0,0,0,0,0,0,0,0,0,0,0,0,0,0,0,0,0,0,0,0,0,0,0,0,0,0,0,,,,,,,,
249,249,Flood Flow Canal Head Regulator,Telangana SW,36,Telangana,516,NIZAMABAD,-,-,-,-,-,-,-,-,-,18.91368898,78.34351872,09-04-2026 05:00,0,0,0,0,0,0,0,0,0,0,0,0,0,0,0,0,0,0,0,0,0,0,0,0,0,0,0,0,0,0,0,0,0,0,0,0,0,0,0,0,0,0,,,,,,,,
250,250,Flood Flow Canal Head Regulator,Telangana SW,36,Telangana,516,NIZAMABAD,-,-,-,-,-,-,-,-,-,18.91368898,78.34351872,09-04-2026 07:00,0,0,0,0,0,0,0,0,0,0,0,0,0,0,0,0,0,0,0,0,0,0,0,0,0,0,0,0,0,0,0,0,0,0,0,0,0,0,0,0,0,0,,,,,,,,
251,251,Flood Flow Canal Head Regulator,Telangana SW,36,Telangana,516,NIZAMABAD,-,-,-,-,-,-,-,-,-,18.91368898,78.34351872,09-04-2026 08:00,0,0,0,0,0,0,0,0,0,0,0,0,0,0,0,0,0,0,0,0,0,0,0,0,0,0,0,0,0,0,0,0,0,0,0,0,0,0,0,0,0,0,,,,,,,,
252,252,Flood Flow Canal Head Regulator,Telangana SW,36,Telangana,516,NIZAMABAD,-,-,-,-,-,-,-,-,-,18.91368898,78.34351872,09-04-2026 09:00,0,0,0,0,0,0,0,0,0,0,0,0,0,0,0,0,0,0,0,0,0,0,0,0,0,0,0,0,0,0,0,0,0,0,0,0,0,0,0,0,0,0,,,,,,,,
253,253,Flood Flow Canal Head Regulator,Telangana SW,36,Telangana,516,NIZAMABAD,-,-,-,-,-,-,-,-,-,18.91368898,78.34351872,09-04-2026 10:00,0,0,0,0,0,0,0,0,0,0,0,0,0,0,0,0,0,0,0,0,0,0,0,0,0,0,0,0,0,0,0,0,0,0,0,0,0,0,0,0,0,0,,,,,,,,
254,254,Flood Flow Canal Head Regulator,Telangana SW,36,Telangana,516,NIZAMABAD,-,-,-,-,-,-,-,-,-,18.91368898,78.34351872,09-04-2026 11:00,0,0,0,0,0,0,0,0,0,0,0,0,0,0,0,0,0,0,0,0,0,0,0,0,0,0,0,0,0,0,0,0,0,0,0,0,0,0,0,0,0,0,,,,,,,,
255,255,Flood Flow Canal Head Regulator,Telangana SW,36,Telangana,516,NIZAMABAD,-,-,-,-,-,-,-,-,-,18.91368898,78.34351872,09-04-2026 12:00,0,0,0,0,0,0,0,0,0,0,0,0,0,0,0,0,0,0,0,0,0,0,0,0,0,0,0,0,0,0,0,0,0,0,0,0,0,0,0,0,0,0,,,,,,,,
256,256,Flood Flow Canal Head Regulator,Telangana SW,36,Telangana,516,NIZAMABAD,-,-,-,-,-,-,-,-,-,18.91368898,78.34351872,09-04-2026 14:00,0,0,0,0,0,0,0,0,0,0,0,0,0,0,0,0,0,0,0,0,0,0,0,0,0,0,0,0,0,0,0,0,0,0,0,0,0,0,0,0,0,0,,,,,,,,
257,257,Flood Flow Canal Head Regulator,Telangana SW,36,Telangana,516,NIZAMABAD,-,-,-,-,-,-,-,-,-,18.91368898,78.34351872,09-04-2026 15:00,0,0,0,0,0,0,0,0,0,0,0,0,0,0,0,0,0,0,0,0,0,0,0,0,0,0,0,0,0,0,0,0,0,0,0,0,0,0,0,0,0,0,,,,,,,,
258,258,Flood Flow Canal Head Regulator,Telangana SW,36,Telangana,516,NIZAMABAD,-,-,-,-,-,-,-,-,-,18.91368898,78.34351872,09-04-2026 16:00,0,0,0,0,0,0,0,0,0,0,0,0,0,0,0,0,0,0,0,0,0,0,0,0,0,0,0,0,0,0,0,0,0,0,0,0,0,0,0,0,0,0,,,,,,,,
259,259,Flood Flow Canal Head Regulator,Telangana SW,36,Telangana,516,NIZAMABAD,-,-,-,-,-,-,-,-,-,18.91368898,78.34351872,09-04-2026 17:00,0,0,0,0,0,0,0,0,0,0,0,0,0,0,0,0,0,0,0,0,0,0,0,0,0,0,0,0,0,0,0,0,0,0,0,0,0,0,0,0,0,0,,,,,,,,
260,260,Flood Flow Canal Head Regulator,Telangana SW,36,Telangana,516,NIZAMABAD,-,-,-,-,-,-,-,-,-,18.91368898,78.34351872,09-04-2026 18:00,0,0,0,0,0,0,0,0,0,0,0,0,0,0,0,0,0,0,0,0,0,0,0,0,0,0,0,0,0,0,0,0,0,0,0,0,0,0,0,0,0,0,,,,,,,,
261,261,Flood Flow Canal Head Regulator,Telangana SW,36,Telangana,516,NIZAMABAD,-,-,-,-,-,-,-,-,-,18.91368898,78.34351872,09-04-2026 19:00,0,0,0,0,0,0,0,0,0,0,0,0,0,0,0,0,0,0,0,0,0,0,0,0,0,0,0,0,0,0,0,0,0,0,0,0,0,0,0,0,0,0,,,,,,,,
262,262,Flood Flow Canal Head Regulator,Telangana SW,36,Telangana,516,NIZAMABAD,-,-,-,-,-,-,-,-,-,18.91368898,78.34351872,09-04-2026 21:00,0,0,0,0,0,0,0,0,0,0,0,0,0,0,0,0,0,0,0,0,0,0,0,0,0,0,0,0,0,0,0,0,0,0,0,0,0,0,0,0,0,0,,,,,,,,
263,263,Flood Flow Canal Head Regulator,Telangana SW,36,Telangana,516,NIZAMABAD,-,-,-,-,-,-,-,-,-,18.91368898,78.34351872,09-04-2026 22:00,0,0,0,0,0,0,0,0,0,0,0,0,0,0,0,0,0,0,0,0,0,0,0,0,0,0,0,0,0,0,0,0,0,0,0,0,0,0,0,0,0,0,,,,,,,,
264,264,Flood Flow Canal Head Regulator,Telangana SW,36,Telangana,516,NIZAMABAD,-,-,-,-,-,-,-,-,-,18.91368898,78.34351872,09-04-2026 23:00,0,0,0,0,0,0,0,0,0,0,0,0,0,0,0,0,0,0,0,0,0,0,0,0,0,0,0,0,0,0,0,0,0,0,0,0,0,0,0,0,0,0,,,,,,,,
265,265,Flood Flow Canal Head Regulator,Telangana SW,36,Telangana,516,NIZAMABAD,-,-,-,-,-,-,-,-,-,18.91368898,78.34351872,10-04-2026 00:00,0,0,0,0,0,0,0,0,0,0,0,0,0,0,0,0,0,0,0,0,0,0,0,0,0,0,0,0,0,0,0,0,0,0,0,0,0,0,0,0,0,0,,,,,,,,
266,266,Flood Flow Canal Head Regulator,Telangana SW,36,Telangana,516,NIZAMABAD,-,-,-,-,-,-,-,-,-,18.91368898,78.34351872,10-04-2026 01:00,0,0,0,0,0,0,0,0,0,0,0,0,0,0,0,0,0,0,0,0,0,0,0,0,0,0,0,0,0,0,0,0,0,0,0,0,0,0,0,0,0,0,,,,,,,,
267,267,Flood Flow Canal Head Regulator,Telangana SW,36,Telangana,516,NIZAMABAD,-,-,-,-,-,-,-,-,-,18.91368898,78.34351872,10-04-2026 02:00,0,0,0,0,0,0,0,0,0,0,0,0,0,0,0,0,0,0,0,0,0,0,0,0,0,0,0,0,0,0,0,0,0,0,0,0,0,0,0,0,0,0,,,,,,,,
268,268,Flood Flow Canal Head Regulator,Telangana SW,36,Telangana,516,NIZAMABAD,-,-,-,-,-,-,-,-,-,18.91368898,78.34351872,10-04-2026 03:00,0,0,0,0,0,0,0,0,0,0,0,0,0,0,0,0,0,0,0,0,0,0,0,0,0,0,0,0,0,0,0,0,0,0,0,0,0,0,0,0,0,0,,,,,,,,
269,269,Flood Flow Canal Head Regulator,Telangana SW,36,Telangana,516,NIZAMABAD,-,-,-,-,-,-,-,-,-,18.91368898,78.34351872,10-04-2026 04:00,0,0,0,0,0,0,0,0,0,0,0,0,0,0,0,0,0,0,0,0,0,0,0,0,0,0,0,0,0,0,0,0,0,0,0,0,0,0,0,0,0,0,,,,,,,,
270,270,Flood Flow Canal Head Regulator,Telangana SW,36,Telangana,516,NIZAMABAD,-,-,-,-,-,-,-,-,-,18.91368898,78.34351872,10-04-2026 06:00,0,0,0,0,0,0,0,0,0,0,0,0,0,0,0,0,0,0,0,0,0,0,0,0,0,0,0,0,0,0,0,0,0,0,0,0,0,0,0,0,0,0,,,,,,,,
271,271,Flood Flow Canal Head Regulator,Telangana SW,36,Telangana,516,NIZAMABAD,-,-,-,-,-,-,-,-,-,18.91368898,78.34351872,10-04-2026 07:00,0,0,0,0,0,0,0,0,0,0,0,0,0,0,0,0,0,0,0,0,0,0,0,0,0,0,0,0,0,0,0,0,0,0,0,0,0,0,0,0,0,0,,,,,,,,
272,272,Flood Flow Canal Head Regulator,Telangana SW,36,Telangana,516,NIZAMABAD,-,-,-,-,-,-,-,-,-,18.91368898,78.34351872,10-04-2026 08:00,0,0,0,0,0,0,0,0,0,0,0,0,0,0,0,0,0,0,0,0,0,0,0,0,0,0,0,0,0,0,0,0,0,0,0,0,0,0,0,0,0,0,,,,,,,,
273,273,Flood Flow Canal Head Regulator,Telangana SW,36,Telangana,516,NIZAMABAD,-,-,-,-,-,-,-,-,-,18.91368898,78.34351872,10-04-2026 09:00,0,0,0,0,0,0,0,0,0,0,0,0,0,0,0,0,0,0,0,0,0,0,0,0,0,0,0,0,0,0,0,0,0,0,0,0,0,0,0,0,0,0,,,,,,,,
274,274,Flood Flow Canal Head Regulator,Telangana SW,36,Telangana,516,NIZAMABAD,-,-,-,-,-,-,-,-,-,18.91368898,78.34351872,10-04-2026 10:00,0,0,0,0,0,0,0,0,0,0,0,0,0,0,0,0,0,0,0,0,0,0,0,0,0,0,0,0,0,0,0,0,0,0,0,0,0,0,0,0,0,0,,,,,,,,
275,275,Flood Flow Canal Head Regulator,Telangana SW,36,Telangana,516,NIZAMABAD,-,-,-,-,-,-,-,-,-,18.91368898,78.34351872,10-04-2026 11:00,0,0,0,0,0,0,0,0,0,0,0,0,0,0,0,0,0,0,0,0,0,0,0,0,0,0,0,0,0,0,0,0,0,0,0,0,0,0,0,0,0,0,,,,,,,,
276,276,Flood Flow Canal Head Regulator,Telangana SW,36,Telangana,516,NIZAMABAD,-,-,-,-,-,-,-,-,-,18.91368898,78.34351872,10-04-2026 12:00,0,0,0,0,0,0,0,0,0,0,0,0,0,0,0,0,0,0,0,0,0,0,0,0,0,0,0,0,0,0,0,0,0,0,0,0,0,0,0,0,0,0,,,,,,,,
277,277,Flood Flow Canal Head Regulator,Telangana SW,36,Telangana,516,NIZAMABAD,-,-,-,-,-,-,-,-,-,18.91368898,78.34351872,10-04-2026 13:00,0,0,0,0,0,0,0,0,0,0,0,0,0,0,0,0,0,0,0,0,0,0,0,0,0,0,0,0,0,0,0,0,0,0,0,0,0,0,0,0,0,0,,,,,,,,
278,278,Flood Flow Canal Head Regulator,Telangana SW,36,Telangana,516,NIZAMABAD,-,-,-,-,-,-,-,-,-,18.91368898,78.34351872,10-04-2026 15:00,0,0,0,0,0,0,0,0,0,0,0,0,0,0,0,0,0,0,0,0,0,0,0,0,0,0,0,0,0,0,0,0,0,0,0,0,0,0,0,0,0,0,,,,,,,,
279,279,Flood Flow Canal Head Regulator,Telangana SW,36,Telangana,516,NIZAMABAD,-,-,-,-,-,-,-,-,-,18.91368898,78.34351872,10-04-2026 16:00,0,0,0,0,0,0,0,0,0,0,0,0,0,0,0,0,0,0,0,0,0,0,0,0,0,0,0,0,0,0,0,0,0,0,0,0,0,0,0,0,0,0,,,,,,,,
280,280,Flood Flow Canal Head Regulator,Telangana SW,36,Telangana,516,NIZAMABAD,-,-,-,-,-,-,-,-,-,18.91368898,78.34351872,10-04-2026 17:00,0,0,0,0,0,0,0,0,0,0,0,0,0,0,0,0,0,0,0,0,0,0,0,0,0,0,0,0,0,0,0,0,0,0,0,0,0,0,0,0,0,0,,,,,,,,
281,281,Flood Flow Canal Head Regulator,Telangana SW,36,Telangana,516,NIZAMABAD,-,-,-,-,-,-,-,-,-,18.91368898,78.34351872,10-04-2026 19:00,0,0,0,0,0,0,0,0,0,0,0,0,0,0,0,0,0,0,0,0,0,0,0,0,0,0,0,0,0,0,0,0,0,0,0,0,0,0,0,0,0,0,,,,,,,,
282,282,Flood Flow Canal Head Regulator,Telangana SW,36,Telangana,516,NIZAMABAD,-,-,-,-,-,-,-,-,-,18.91368898,78.34351872,10-04-2026 20:00,0,0,0,0,0,0,0,0,0,0,0,0,0,0,0,0,0,0,0,0,0,0,0,0,0,0,0,0,0,0,0,0,0,0,0,0,0,0,0,0,0,0,,,,,,,,
283,283,Flood Flow Canal Head Regulator,Telangana SW,36,Telangana,516,NIZAMABAD,-,-,-,-,-,-,-,-,-,18.91368898,78.34351872,10-04-2026 21:00,0,0,0,0,0,0,0,0,0,0,0,0,0,0,0,0,0,0,0,0,0,0,0,0,0,0,0,0,0,0,0,0,0,0,0,0,0,0,0,0,0,0,,,,,,,,
284,284,Flood Flow Canal Head Regulator,Telangana SW,36,Telangana,516,NIZAMABAD,-,-,-,-,-,-,-,-,-,18.91368898,78.34351872,10-04-2026 22:00,0,0,0,0,0,0,0,0,0,0,0,0,0,0,0,0,0,0,0,0,0,0,0,0,0,0,0,0,0,0,0,0,0,0,0,0,0,0,0,0,0,0,,,,,,,,
285,285,Flood Flow Canal Head Regulator,Telangana SW,36,Telangana,516,NIZAMABAD,-,-,-,-,-,-,-,-,-,18.91368898,78.34351872,11-04-2026 00:00,0,0,0,0,0,0,0,0,0,0,0,0,0,0,0,0,0,0,0,0,0,0,0,0,0,0,0,0,0,0,0,0,0,0,0,0,0,0,0,0,0,0,,,,,,,,
286,286,Flood Flow Canal Head Regulator,Telangana SW,36,Telangana,516,NIZAMABAD,-,-,-,-,-,-,-,-,-,18.91368898,78.34351872,11-04-2026 01:00,0,0,0,0,0,0,0,0,0,0,0,0,0,0,0,0,0,0,0,0,0,0,0,0,0,0,0,0,0,0,0,0,0,0,0,0,0,0,0,0,0,0,,,,,,,,
287,287,Flood Flow Canal Head Regulator,Telangana SW,36,Telangana,516,NIZAMABAD,-,-,-,-,-,-,-,-,-,18.91368898,78.34351872,11-04-2026 02:00,0,0,0,0,0,0,0,0,0,0,0,0,0,0,0,0,0,0,0,0,0,0,0,0,0,0,0,0,0,0,0,0,0,0,0,0,0,0,0,0,0,0,,,,,,,,
288,288,Flood Flow Canal Head Regulator,Telangana SW,36,Telangana,516,NIZAMABAD,-,-,-,-,-,-,-,-,-,18.91368898,78.34351872,11-04-2026 03:00,0,0,0,0,0,0,0,0,0,0,0,0,0,0,0,0,0,0,0,0,0,0,0,0,0,0,0,0,0,0,0,0,0,0,0,0,0,0,0,0,0,0,,,,,,,,
289,289,Flood Flow Canal Head Regulator,Telangana SW,36,Telangana,516,NIZAMABAD,-,-,-,-,-,-,-,-,-,18.91368898,78.34351872,11-04-2026 04:00,0,0,0,0,0,0,0,0,0,0,0,0,0,0,0,0,0,0,0,0,0,0,0,0,0,0,0,0,0,0,0,0,0,0,0,0,0,0,0,0,0,0,,,,,,,,
290,290,Flood Flow Canal Head Regulator,Telangana SW,36,Telangana,516,NIZAMABAD,-,-,-,-,-,-,-,-,-,18.91368898,78.34351872,11-04-2026 05:00,0,0,0,0,0,0,0,0,0,0,0,0,0,0,0,0,0,0,0,0,0,0,0,0,0,0,0,0,0,0,0,0,0,0,0,0,0,0,0,0,0,0,,,,,,,,
291,291,Flood Flow Canal Head Regulator,Telangana SW,36,Telangana,516,NIZAMABAD,-,-,-,-,-,-,-,-,-,18.91368898,78.34351872,11-04-2026 07:00,0,0,0,0,0,0,0,0,0,0,0,0,0,0,0,0,0,0,0,0,0,0,0,0,0,0,0,0,0,0,0,0,0,0,0,0,0,0,0,0,0,0,,,,,,,,
292,292,Flood Flow Canal Head Regulator,Telangana SW,36,Telangana,516,NIZAMABAD,-,-,-,-,-,-,-,-,-,18.91368898,78.34351872,11-04-2026 08:00,0,0,0,0,0,0,0,0,0,0,0,0,0,0,0,0,0,0,0,0,0,0,0,0,0,0,0,0,0,0,0,0,0,0,0,0,0,0,0,0,0,0,,,,,,,,
293,293,Flood Flow Canal Head Regulator,Telangana SW,36,Telangana,516,NIZAMABAD,-,-,-,-,-,-,-,-,-,18.91368898,78.34351872,11-04-2026 09:00,0,0,0,0,0,0,0,0,0,0,0,0,0,0,0,0,0,0,0,0,0,0,0,0,0,0,0,0,0,0,0,0,0,0,0,0,0,0,0,0,0,0,,,,,,,,
294,294,Flood Flow Canal Head Regulator,Telangana SW,36,Telangana,516,NIZAMABAD,-,-,-,-,-,-,-,-,-,18.91368898,78.34351872,11-04-2026 10:00,0,0,0,0,0,0,0,0,0,0,0,0,0,0,0,0,0,0,0,0,0,0,0,0,0,0,0,0,0,0,0,0,0,0,0,0,0,0,0,0,0,0,,,,,,,,
295,295,Flood Flow Canal Head Regulator,Telangana SW,36,Telangana,516,NIZAMABAD,-,-,-,-,-,-,-,-,-,18.91368898,78.34351872,11-04-2026 11:00,0,0,0,0,0,0,0,0,0,0,0,0,0,0,0,0,0,0,0,0,0,0,0,0,0,0,0,0,0,0,0,0,0,0,0,0,0,0,0,0,0,0,,,,,,,,
296,296,Flood Flow Canal Head Regulator,Telangana SW,36,Telangana,516,NIZAMABAD,-,-,-,-,-,-,-,-,-,18.91368898,78.34351872,11-04-2026 12:00,0,0,0,0,0,0,0,0,0,0,0,0,0,0,0,0,0,0,0,0,0,0,0,0,0,0,0,0,0,0,0,0,0,0,0,0,0,0,0,0,0,0,,,,,,,,
297,297,Flood Flow Canal Head Regulator,Telangana SW,36,Telangana,516,NIZAMABAD,-,-,-,-,-,-,-,-,-,18.91368898,78.34351872,11-04-2026 14:00,0,0,0,0,0,0,0,0,0,0,0,0,0,0,0,0,0,0,0,0,0,0,0,0,0,0,0,0,0,0,0,0,0,0,0,0,0,0,0,0,0,0,,,,,,,,
298,298,Flood Flow Canal Head Regulator,Telangana SW,36,Telangana,516,NIZAMABAD,-,-,-,-,-,-,-,-,-,18.91368898,78.34351872,11-04-2026 15:00,0,0,0,0,0,0,0,0,0,0,0,0,0,0,0,0,0,0,0,0,0,0,0,0,0,0,0,0,0,0,0,0,0,0,0,0,0,0,0,0,0,0,,,,,,,,
299,299,Flood Flow Canal Head Regulator,Telangana SW,36,Telangana,516,NIZAMABAD,-,-,-,-,-,-,-,-,-,18.91368898,78.34351872,11-04-2026 16:00,0,0,0,0,0,0,0,0,0,0,0,0,0,0,0,0,0,0,0,0,0,0,0,0,0,0,0,0,0,0,0,0,0,0,0,0,0,0,0,0,0,0,,,,,,,,
300,300,Flood Flow Canal Head Regulator,Telangana SW,36,Telangana,516,NIZAMABAD,-,-,-,-,-,-,-,-,-,18.91368898,78.34351872,11-04-2026 17:00,0,0,0,0,0,0,0,0,0,0,0,0,0,0,0,0,0,0,0,0,0,0,0,0,0,0,0,0,0,0,0,0,0,0,0,0,0,0,0,0,0,0,,,,,,,,
301,301,Flood Flow Canal Head Regulator,Telangana SW,36,Telangana,516,NIZAMABAD,-,-,-,-,-,-,-,-,-,18.91368898,78.34351872,11-04-2026 18:00,0,0,0,0,0,0,0,0,0,0,0,0,0,0,0,0,0,0,0,0,0,0,0,0,0,0,0,0,0,0,0,0,0,0,0,0,0,0,0,0,0,0,,,,,,,,
302,302,Flood Flow Canal Head Regulator,Telangana SW,36,Telangana,516,NIZAMABAD,-,-,-,-,-,-,-,-,-,18.91368898,78.34351872,11-04-2026 19:00,0,0,0,0,0,0,0,0,0,0,0,0,0,0,0,0,0,0,0,0,0,0,0,0,0,0,0,0,0,0,0,0,0,0,0,0,0,0,0,0,0,0,,,,,,,,
303,303,Flood Flow Canal Head Regulator,Telangana SW,36,Telangana,516,NIZAMABAD,-,-,-,-,-,-,-,-,-,18.91368898,78.34351872,11-04-2026 20:00,0,0,0,0,0,0,0,0,0,0,0,0,0,0,0,0,0,0,0,0,0,0,0,0,0,0,0,0,0,0,0,0,0,0,0,0,0,0,0,0,0,0,,,,,,,,
304,304,Flood Flow Canal Head Regulator,Telangana SW,36,Telangana,516,NIZAMABAD,-,-,-,-,-,-,-,-,-,18.91368898,78.34351872,11-04-2026 22:00,0,0,0,0,0,0,0,0,0,0,0,0,0,0,0,0,0,0,0,0,0,0,0,0,0,0,0,0,0,0,0,0,0,0,0,0,0,0,0,0,0,0,,,,,,,,
305,305,Flood Flow Canal Head Regulator,Telangana SW,36,Telangana,516,NIZAMABAD,-,-,-,-,-,-,-,-,-,18.91368898,78.34351872,11-04-2026 23:00,0,0,0,0,0,0,0,0,0,0,0,0,0,0,0,0,0,0,0,0,0,0,0,0,0,0,0,0,0,0,0,0,0,0,0,0,0,0,0,0,0,0,,,,,,,,
306,306,Flood Flow Canal Head Regulator,Telangana SW,36,Telangana,516,NIZAMABAD,-,-,-,-,-,-,-,-,-,18.91368898,78.34351872,12-04-2026 00:00,0,0,0,0,0,0,0,0,0,0,0,0,0,0,0,0,0,0,0,0,0,0,0,0,0,0,0,0,0,0,0,0,0,0,0,0,0,0,0,0,0,0,,,,,,,,
307,307,Flood Flow Canal Head Regulator,Telangana SW,36,Telangana,516,NIZAMABAD,-,-,-,-,-,-,-,-,-,18.91368898,78.34351872,12-04-2026 01:00,0,0,0,0,0,0,0,0,0,0,0,0,0,0,0,0,0,0,0,0,0,0,0,0,0,0,0,0,0,0,0,0,0,0,0,0,0,0,0,0,0,0,,,,,,,,
308,308,Flood Flow Canal Head Regulator,Telangana SW,36,Telangana,516,NIZAMABAD,-,-,-,-,-,-,-,-,-,18.91368898,78.34351872,12-04-2026 02:00,0,0,0,0,0,0,0,0,0,0,0,0,0,0,0,0,0,0,0,0,0,0,0,0,0,0,0,0,0,0,0,0,0,0,0,0,0,0,0,0,0,0,,,,,,,,
309,309,Flood Flow Canal Head Regulator,Telangana SW,36,Telangana,516,NIZAMABAD,-,-,-,-,-,-,-,-,-,18.91368898,78.34351872,12-04-2026 03:00,0,0,0,0,0,0,0,0,0,0,0,0,0,0,0,0,0,0,0,0,0,0,0,0,0,0,0,0,0,0,0,0,0,0,0,0,0,0,0,0,0,0,,,,,,,,
310,310,Flood Flow Canal Head Regulator,Telangana SW,36,Telangana,516,NIZAMABAD,-,-,-,-,-,-,-,-,-,18.91368898,78.34351872,12-04-2026 04:00,0,0,0,0,0,0,0,0,0,0,0,0,0,0,0,0,0,0,0,0,0,0,0,0,0,0,0,0,0,0,0,0,0,0,0,0,0,0,0,0,0,0,,,,,,,,
311,311,Flood Flow Canal Head Regulator,Telangana SW,36,Telangana,516,NIZAMABAD,-,-,-,-,-,-,-,-,-,18.91368898,78.34351872,12-04-2026 06:00,0,0,0,0,0,0,0,0,0,0,0,0,0,0,0,0,0,0,0,0,0,0,0,0,0,0,0,0,0,0,0,0,0,0,0,0,0,0,0,0,0,0,,,,,,,,
312,312,Flood Flow Canal Head Regulator,Telangana SW,36,Telangana,516,NIZAMABAD,-,-,-,-,-,-,-,-,-,18.91368898,78.34351872,12-04-2026 09:00,0,0,0,0,0,0,0,0,0,0,0,0,0,0,0,0,0,0,0,0,0,0,0,0,0,0,0,0,0,0,0,0,0,0,0,0,0,0,0,0,0,0,,,,,,,,
313,313,Flood Flow Canal Head Regulator,Telangana SW,36,Telangana,516,NIZAMABAD,-,-,-,-,-,-,-,-,-,18.91368898,78.34351872,12-04-2026 10:00,0,0,0,0,0,0,0,0,0,0,0,0,0,0,0,0,0,0,0,0,0,0,0,0,0,0,0,0,0,0,0,0,0,0,0,0,0,0,0,0,0,0,,,,,,,,
314,314,Flood Flow Canal Head Regulator,Telangana SW,36,Telangana,516,NIZAMABAD,-,-,-,-,-,-,-,-,-,18.91368898,78.34351872,12-04-2026 11:00,0,0,0,0,0,0,0,0,0,0,0,0,0,0,0,0,0,0,0,0,0,0,0,0,0,0,0,0,0,0,0,0,0,0,0,0,0,0,0,0,0,0,,,,,,,,
315,315,Flood Flow Canal Head Regulator,Telangana SW,36,Telangana,516,NIZAMABAD,-,-,-,-,-,-,-,-,-,18.91368898,78.34351872,12-04-2026 13:00,0,0,0,0,0,0,0,0,0,0,0,0,0,0,0,0,0,0,0,0,0,0,0,0,0,0,0,0,0,0,0,0,0,0,0,0,0,0,0,0,0,0,,,,,,,,
316,316,Flood Flow Canal Head Regulator,Telangana SW,36,Telangana,516,NIZAMABAD,-,-,-,-,-,-,-,-,-,18.91368898,78.34351872,12-04-2026 14:00,0,0,0,0,0,0,0,0,0,0,0,0,0,0,0,0,0,0,0,0,0,0,0,0,0,0,0,0,0,0,0,0,0,0,0,0,0,0,0,0,0,0,,,,,,,,
317,317,Flood Flow Canal Head Regulator,Telangana SW,36,Telangana,516,NIZAMABAD,-,-,-,-,-,-,-,-,-,18.91368898,78.34351872,12-04-2026 15:00,0,0,0,0,0,0,0,0,0,0,0,0,0,0,0,0,0,0,0,0,0,0,0,0,0,0,0,0,0,0,0,0,0,0,0,0,0,0,0,0,0,0,,,,,,,,
318,318,Flood Flow Canal Head Regulator,Telangana SW,36,Telangana,516,NIZAMABAD,-,-,-,-,-,-,-,-,-,18.91368898,78.34351872,12-04-2026 16:00,0,0,0,0,0,0,0,0,0,0,0,0,0,0,0,0,0,0,0,0,0,0,0,0,0,0,0,0,0,0,0,0,0,0,0,0,0,0,0,0,0,0,,,,,,,,
319,319,Flood Flow Canal Head Regulator,Telangana SW,36,Telangana,516,NIZAMABAD,-,-,-,-,-,-,-,-,-,18.91368898,78.34351872,12-04-2026 17:00,0,0,0,0,0,0,0,0,0,0,0,0,0,0,0,0,0,0,0,0,0,0,0,0,0,0,0,0,0,0,0,0,0,0,0,0,0,0,0,0,0,0,,,,,,,,
320,320,Flood Flow Canal Head Regulator,Telangana SW,36,Telangana,516,NIZAMABAD,-,-,-,-,-,-,-,-,-,18.91368898,78.34351872,12-04-2026 19:00,0,0,0,0,0,0,0,0,0,0,0,0,0,0,0,0,0,0,0,0,0,0,0,0,0,0,0,0,0,0,0,0,0,0,0,0,0,0,0,0,0,0,,,,,,,,
321,321,Flood Flow Canal Head Regulator,Telangana SW,36,Telangana,516,NIZAMABAD,-,-,-,-,-,-,-,-,-,18.91368898,78.34351872,12-04-2026 20:00,0,0,0,0,0,0,0,0,0,0,0,0,0,0,0,0,0,0,0,0,0,0,0,0,0,0,0,0,0,0,0,0,0,0,0,0,0,0,0,0,0,0,,,,,,,,
322,322,Flood Flow Canal Head Regulator,Telangana SW,36,Telangana,516,NIZAMABAD,-,-,-,-,-,-,-,-,-,18.91368898,78.34351872,12-04-2026 21:00,0,0,0,0,0,0,0,0,0,0,0,0,0,0,0,0,0,0,0,0,0,0,0,0,0,0,0,0,0,0,0,0,0,0,0,0,0,0,0,0,0,0,,,,,,,,
323,323,Flood Flow Canal Head Regulator,Telangana SW,36,Telangana,516,NIZAMABAD,-,-,-,-,-,-,-,-,-,18.91368898,78.34351872,12-04-2026 22:00,0,0,0,0,0,0,0,0,0,0,0,0,0,0,0,0,0,0,0,0,0,0,0,0,0,0,0,0,0,0,0,0,0,0,0,0,0,0,0,0,0,0,,,,,,,,
324,324,Flood Flow Canal Head Regulator,Telangana SW,36,Telangana,516,NIZAMABAD,-,-,-,-,-,-,-,-,-,18.91368898,78.34351872,12-04-2026 23:00,0,0,0,0,0,0,0,0,0,0,0,0,0,0,0,0,0,0,0,0,0,0,0,0,0,0,0,0,0,0,0,0,0,0,0,0,0,0,0,0,0,0,,,,,,,,
325,325,Flood Flow Canal Head Regulator,Telangana SW,36,Telangana,516,NIZAMABAD,-,-,-,-,-,-,-,-,-,18.91368898,78.34351872,13-04-2026 00:00,0,0,0,0,0,0,0,0,0,0,0,0,0,0,0,0,0,0,0,0,0,0,0,0,0,0,0,0,0,0,0,0,0,0,0,0,0,0,0,0,0,0,,,,,,,,
326,326,Flood Flow Canal Head Regulator,Telangana SW,36,Telangana,516,NIZAMABAD,-,-,-,-,-,-,-,-,-,18.91368898,78.34351872,13-04-2026 02:00,0,0,0,0,0,0,0,0,0,0,0,0,0,0,0,0,0,0,0,0,0,0,0,0,0,0,0,0,0,0,0,0,0,0,0,0,0,0,0,0,0,0,,,,,,,,
327,327,Flood Flow Canal Head Regulator,Telangana SW,36,Telangana,516,NIZAMABAD,-,-,-,-,-,-,-,-,-,18.91368898,78.34351872,13-04-2026 03:00,0,0,0,0,0,0,0,0,0,0,0,0,0,0,0,0,0,0,0,0,0,0,0,0,0,0,0,0,0,0,0,0,0,0,0,0,0,0,0,0,0,0,,,,,,,,
328,328,Flood Flow Canal Head Regulator,Telangana SW,36,Telangana,516,NIZAMABAD,-,-,-,-,-,-,-,-,-,18.91368898,78.34351872,13-04-2026 04:00,0,0,0,0,0,0,0,0,0,0,0,0,0,0,0,0,0,0,0,0,0,0,0,0,0,0,0,0,0,0,0,0,0,0,0,0,0,0,0,0,0,0,,,,,,,,
329,329,Flood Flow Canal Head Regulator,Telangana SW,36,Telangana,516,NIZAMABAD,-,-,-,-,-,-,-,-,-,18.91368898,78.34351872,13-04-2026 05:00,0,0,0,0,0,0,0,0,0,0,0,0,0,0,0,0,0,0,0,0,0,0,0,0,0,0,0,0,0,0,0,0,0,0,0,0,0,0,0,0,0,0,,,,,,,,
330,330,Flood Flow Canal Head Regulator,Telangana SW,36,Telangana,516,NIZAMABAD,-,-,-,-,-,-,-,-,-,18.91368898,78.34351872,13-04-2026 07:00,0,0,0,0,0,0,0,0,0,0,0,0,0,0,0,0,0,0,0,0,0,0,0,0,0,0,0,0,0,0,0,0,0,0,0,0,0,0,0,0,0,0,,,,,,,,
331,331,Flood Flow Canal Head Regulator,Telangana SW,36,Telangana,516,NIZAMABAD,-,-,-,-,-,-,-,-,-,18.91368898,78.34351872,13-04-2026 08:00,0,0,0,0,0,0,0,0,0,0,0,0,0,0,0,0,0,0,0,0,0,0,0,0,0,0,0,0,0,0,0,0,0,0,0,0,0,0,0,0,0,0,,,,,,,,
332,332,Flood Flow Canal Head Regulator,Telangana SW,36,Telangana,516,NIZAMABAD,-,-,-,-,-,-,-,-,-,18.91368898,78.34351872,13-04-2026 09:00,0,0,0,0,0,0,0,0,0,0,0,0,0,0,0,0,0,0,0,0,0,0,0,0,0,0,0,0,0,0,0,0,0,0,0,0,0,0,0,0,0,0,,,,,,,,
333,333,Flood Flow Canal Head Regulator,Telangana SW,36,Telangana,516,NIZAMABAD,-,-,-,-,-,-,-,-,-,18.91368898,78.34351872,13-04-2026 10:00,0,0,0,0,0,0,0,0,0,0,0,0,0,0,0,0,0,0,0,0,0,0,0,0,0,0,0,0,0,0,0,0,0,0,0,0,0,0,0,0,0,0,,,,,,,,
334,334,Flood Flow Canal Head Regulator,Telangana SW,36,Telangana,516,NIZAMABAD,-,-,-,-,-,-,-,-,-,18.91368898,78.34351872,13-04-2026 12:00,0,0,0,0,0,0,0,0,0,0,0,0,0,0,0,0,0,0,0,0,0,0,0,0,0,0,0,0,0,0,0,0,0,0,0,0,0,0,0,0,0,0,,,,,,,,
335,335,Flood Flow Canal Head Regulator,Telangana SW,36,Telangana,516,NIZAMABAD,-,-,-,-,-,-,-,-,-,18.91368898,78.34351872,13-04-2026 13:00,0,0,0,0,0,0,0,0,0,0,0,0,0,0,0,0,0,0,0,0,0,0,0,0,0,0,0,0,0,0,0,0,0,0,0,0,0,0,0,0,0,0,,,,,,,,
336,336,Flood Flow Canal Head Regulator,Telangana SW,36,Telangana,516,NIZAMABAD,-,-,-,-,-,-,-,-,-,18.91368898,78.34351872,13-04-2026 14:00,0,0,0,0,0,0,0,0,0,0,0,0,0,0,0,0,0,0,0,0,0,0,0,0,0,0,0,0,0,0,0,0,0,0,0,0,0,0,0,0,0,0,,,,,,,,
337,337,Flood Flow Canal Head Regulator,Telangana SW,36,Telangana,516,NIZAMABAD,-,-,-,-,-,-,-,-,-,18.91368898,78.34351872,13-04-2026 15:00,0,0,0,0,0,0,0,0,0,0,0,0,0,0,0,0,0,0,0,0,0,0,0,0,0,0,0,0,0,0,0,0,0,0,0,0,0,0,0,0,0,0,,,,,,,,
338,338,Flood Flow Canal Head Regulator,Telangana SW,36,Telangana,516,NIZAMABAD,-,-,-,-,-,-,-,-,-,18.91368898,78.34351872,13-04-2026 16:00,0,0,0,0,0,0,0,0,0,0,0,0,0,0,0,0,0,0,0,0,0,0,0,0,0,0,0,0,0,0,0,0,0,0,0,0,0,0,0,0,0,0,,,,,,,,
339,339,Flood Flow Canal Head Regulator,Telangana SW,36,Telangana,516,NIZAMABAD,-,-,-,-,-,-,-,-,-,18.91368898,78.34351872,13-04-2026 17:00,0,0,0,0,0,0,0,0,0,0,0,0,0,0,0,0,0,0,0,0,0,0,0,0,0,0,0,0,0,0,0,0,0,0,0,0,0,0,0,0,0,0,,,,,,,,
340,340,Flood Flow Canal Head Regulator,Telangana SW,36,Telangana,516,NIZAMABAD,-,-,-,-,-,-,-,-,-,18.91368898,78.34351872,13-04-2026 18:00,0,0,0,0,0,0,0,0,0,0,0,0,0,0,0,0,0,0,0,0,0,0,0,0,0,0,0,0,0,0,0,0,0,0,0,0,0,0,0,0,0,0,,,,,,,,
341,341,Flood Flow Canal Head Regulator,Telangana SW,36,Telangana,516,NIZAMABAD,-,-,-,-,-,-,-,-,-,18.91368898,78.34351872,13-04-2026 20:00,0,0,0,0,0,0,0,0,0,0,0,0,0,0,0,0,0,0,0,0,0,0,0,0,0,0,0,0,0,0,0,0,0,0,0,0,0,0,0,0,0,0,,,,,,,,
342,342,Flood Flow Canal Head Regulator,Telangana SW,36,Telangana,516,NIZAMABAD,-,-,-,-,-,-,-,-,-,18.91368898,78.34351872,13-04-2026 21:00,0,0,0,0,0,0,0,0,0,0,0,0,0,0,0,0,0,0,0,0,0,0,0,0,0,0,0,0,0,0,0,0,0,0,0,0,0,0,0,0,0,0,,,,,,,,
343,343,Flood Flow Canal Head Regulator,Telangana SW,36,Telangana,516,NIZAMABAD,-,-,-,-,-,-,-,-,-,18.91368898,78.34351872,13-04-2026 22:00,0,0,0,0,0,0,0,0,0,0,0,0,0,0,0,0,0,0,0,0,0,0,0,0,0,0,0,0,0,0,0,0,0,0,0,0,0,0,0,0,0,0,,,,,,,,
344,344,Flood Flow Canal Head Regulator,Telangana SW,36,Telangana,516,NIZAMABAD,-,-,-,-,-,-,-,-,-,18.91368898,78.34351872,13-04-2026 23:00,0,0,0,0,0,0,0,0,0,0,0,0,0,0,0,0,0,0,0,0,0,0,0,0,0,0,0,0,0,0,0,0,0,0,0,0,0,0,0,0,0,0,,,,,,,,
345,345,Flood Flow Canal Head Regulator,Telangana SW,36,Telangana,516,NIZAMABAD,-,-,-,-,-,-,-,-,-,18.91368898,78.34351872,14-04-2026 00:00,0,0,0,0,0,0,0,0,0,0,0,0,0,0,0,0,0,0,0,0,0,0,0,0,0,0,0,0,0,0,0,0,0,0,0,0,0,0,0,0,0,0,,,,,,,,
346,346,Flood Flow Canal Head Regulator,Telangana SW,36,Telangana,516,NIZAMABAD,-,-,-,-,-,-,-,-,-,18.91368898,78.34351872,14-04-2026 01:00,0,0,0,0,0,0,0,0,0,0,0,0,0,0,0,0,0,0,0,0,0,0,0,0,0,0,0,0,0,0,0,0,0,0,0,0,0,0,0,0,0,0,,,,,,,,
347,347,Flood Flow Canal Head Regulator,Telangana SW,36,Telangana,516,NIZAMABAD,-,-,-,-,-,-,-,-,-,18.91368898,78.34351872,14-04-2026 02:00,0,0,0,0,0,0,0,0,0,0,0,0,0,0,0,0,0,0,0,0,0,0,0,0,0,0,0,0,0,0,0,0,0,0,0,0,0,0,0,0,0,0,,,,,,,,
348,348,Flood Flow Canal Head Regulator,Telangana SW,36,Telangana,516,NIZAMABAD,-,-,-,-,-,-,-,-,-,18.91368898,78.34351872,14-04-2026 04:00,0,0,0,0,0,0,0,0,0,0,0,0,0,0,0,0,0,0,0,0,0,0,0,0,0,0,0,0,0,0,0,0,0,0,0,0,0,0,0,0,0,0,,,,,,,,
349,349,Flood Flow Canal Head Regulator,Telangana SW,36,Telangana,516,NIZAMABAD,-,-,-,-,-,-,-,-,-,18.91368898,78.34351872,14-04-2026 05:00,0,0,0,0,0,0,0,0,0,0,0,0,0,0,0,0,0,0,0,0,0,0,0,0,0,0,0,0,0,0,0,0,0,0,0,0,0,0,0,0,0,0,,,,,,,,
350,350,Flood Flow Canal Head Regulator,Telangana SW,36,Telangana,516,NIZAMABAD,-,-,-,-,-,-,-,-,-,18.91368898,78.34351872,14-04-2026 07:00,0,0,0,0,0,0,0,0,0,0,0,0,0,0,0,0,0,0,0,0,0,0,0,0,0,0,0,0,0,0,0,0,0,0,0,0,0,0,0,0,0,0,,,,,,,,
351,351,Flood Flow Canal Head Regulator,Telangana SW,36,Telangana,516,NIZAMABAD,-,-,-,-,-,-,-,-,-,18.91368898,78.34351872,14-04-2026 08:00,0,0,0,0,0,0,0,0,0,0,0,0,0,0,0,0,0,0,0,0,0,0,0,0,0,0,0,0,0,0,0,0,0,0,0,0,0,0,0,0,0,0,,,,,,,,
352,352,Flood Flow Canal Head Regulator,Telangana SW,36,Telangana,516,NIZAMABAD,-,-,-,-,-,-,-,-,-,18.91368898,78.34351872,14-04-2026 09:00,0,0,0,0,0,0,0,0,0,0,0,0,0,0,0,0,0,0,0,0,0,0,0,0,0,0,0,0,0,0,0,0,0,0,0,0,0,0,0,0,0,0,,,,,,,,
353,353,Flood Flow Canal Head Regulator,Telangana SW,36,Telangana,516,NIZAMABAD,-,-,-,-,-,-,-,-,-,18.91368898,78.34351872,14-04-2026 10:00,0,0,0,0,0,0,0,0,0,0,0,0,0,0,0,0,0,0,0,0,0,0,0,0,0,0,0,0,0,0,0,0,0,0,0,0,0,0,0,0,0,0,,,,,,,,
354,354,Flood Flow Canal Head Regulator,Telangana SW,36,Telangana,516,NIZAMABAD,-,-,-,-,-,-,-,-,-,18.91368898,78.34351872,14-04-2026 11:00,0,0,0,0,0,0,0,0,0,0,0,0,0,0,0,0,0,0,0,0,0,0,0,0,0,0,0,0,0,0,0,0,0,0,0,0,0,0,0,0,0,0,,,,,,,,
355,355,Flood Flow Canal Head Regulator,Telangana SW,36,Telangana,516,NIZAMABAD,-,-,-,-,-,-,-,-,-,18.91368898,78.34351872,14-04-2026 12:00,0,0,0,0,0,0,0,0,0,0,0,0,0,0,0,0,0,0,0,0,0,0,0,0,0,0,0,0,0,0,0,0,0,0,0,0,0,0,0,0,0,0,,,,,,,,
356,356,Flood Flow Canal Head Regulator,Telangana SW,36,Telangana,516,NIZAMABAD,-,-,-,-,-,-,-,-,-,18.91368898,78.34351872,14-04-2026 13:00,0,0,0,0,0,0,0,0,0,0,0,0,0,0,0,0,0,0,0,0,0,0,0,0,0,0,0,0,0,0,0,0,0,0,0,0,0,0,0,0,0,0,,,,,,,,
357,357,Flood Flow Canal Head Regulator,Telangana SW,36,Telangana,516,NIZAMABAD,-,-,-,-,-,-,-,-,-,18.91368898,78.34351872,14-04-2026 15:00,0,0,0,0,0,0,0,0,0,0,0,0,0,0,0,0,0,0,0,0,0,0,0,0,0,0,0,0,0,0,0,0,0,0,0,0,0,0,0,0,0,0,,,,,,,,
358,358,Flood Flow Canal Head Regulator,Telangana SW,36,Telangana,516,NIZAMABAD,-,-,-,-,-,-,-,-,-,18.91368898,78.34351872,14-04-2026 16:00,0,0,0,0,0,0,0,0,0,0,0,0,0,0,0,0,0,0,0,0,0,0,0,0,0,0,0,0,0,0,0,0,0,0,0,0,0,0,0,0,0,0,,,,,,,,
359,359,Flood Flow Canal Head Regulator,Telangana SW,36,Telangana,516,NIZAMABAD,-,-,-,-,-,-,-,-,-,18.91368898,78.34351872,14-04-2026 17:00,0,0,0,0,0,0,0,0,0,0,0,0,0,0,0,0,0,0,0,0,0,0,0,0,0,0,0,0,0,0,0,0,0,0,0,0,0,0,0,0,0,0,,,,,,,,
360,360,Flood Flow Canal Head Regulator,Telangana SW,36,Telangana,516,NIZAMABAD,-,-,-,-,-,-,-,-,-,18.91368898,78.34351872,14-04-2026 18:00,0,0,0,0,0,0,0,0,0,0,0,0,0,0,0,0,0,0,0,0,0,0,0,0,0,0,0,0,0,0,0,0,0,0,0,0,0,0,0,0,0,0,,,,,,,,
361,361,Flood Flow Canal Head Regulator,Telangana SW,36,Telangana,516,NIZAMABAD,-,-,-,-,-,-,-,-,-,18.91368898,78.34351872,14-04-2026 19:00,0,0,0,0,0,0,0,0,0,0,0,0,0,0,0,0,0,0,0,0,0,0,0,0,0,0,0,0,0,0,0,0,0,0,0,0,0,0,0,0,0,0,,,,,,,,
362,362,Flood Flow Canal Head Regulator,Telangana SW,36,Telangana,516,NIZAMABAD,-,-,-,-,-,-,-,-,-,18.91368898,78.34351872,14-04-2026 20:00,0,0,0,0,0,0,0,0,0,0,0,0,0,0,0,0,0,0,0,0,0,0,0,0,0,0,0,0,0,0,0,0,0,0,0,0,0,0,0,0,0,0,,,,,,,,
363,363,Flood Flow Canal Head Regulator,Telangana SW,36,Telangana,516,NIZAMABAD,-,-,-,-,-,-,-,-,-,18.91368898,78.34351872,14-04-2026 21:00,0,0,0,0,0,0,0,0,0,0,0,0,0,0,0,0,0,0,0,0,0,0,0,0,0,0,0,0,0,0,0,0,0,0,0,0,0,0,0,0,0,0,,,,,,,,
364,364,Flood Flow Canal Head Regulator,Telangana SW,36,Telangana,516,NIZAMABAD,-,-,-,-,-,-,-,-,-,18.91368898,78.34351872,14-04-2026 23:00,0,0,0,0,0,0,0,0,0,0,0,0,0,0,0,0,0,0,0,0,0,0,0,0,0,0,0,0,0,0,0,0,0,0,0,0,0,0,0,0,0,0,,,,,,,,
365,365,Flood Flow Canal Head Regulator,Telangana SW,36,Telangana,516,NIZAMABAD,-,-,-,-,-,-,-,-,-,18.91368898,78.34351872,15-04-2026 00:00,0,0,0,0,0,0,0,0,0,0,0,0,0,0,0,0,0,0,0,0,0,0,0,0,0,0,0,0,0,0,0,0,0,0,0,0,0,0,0,0,0,0,,,,,,,,
366,366,Flood Flow Canal Head Regulator,Telangana SW,36,Telangana,516,NIZAMABAD,-,-,-,-,-,-,-,-,-,18.91368898,78.34351872,15-04-2026 01:00,0,0,0,0,0,0,0,0,0,0,0,0,0,0,0,0,0,0,0,0,0,0,0,0,0,0,0,0,0,0,0,0,0,0,0,0,0,0,0,0,0,0,,,,,,,,
367,367,Flood Flow Canal Head Regulator,Telangana SW,36,Telangana,516,NIZAMABAD,-,-,-,-,-,-,-,-,-,18.91368898,78.34351872,15-04-2026 02:00,0,0,0,0,0,0,0,0,0,0,0,0,0,0,0,0,0,0,0,0,0,0,0,0,0,0,0,0,0,0,0,0,0,0,0,0,0,0,0,0,0,0,,,,,,,,
368,368,Flood Flow Canal Head Regulator,Telangana SW,36,Telangana,516,NIZAMABAD,-,-,-,-,-,-,-,-,-,18.91368898,78.34351872,15-04-2026 03:00,0,0,0,0,0,0,0,0,0,0,0,0,0,0,0,0,0,0,0,0,0,0,0,0,0,0,0,0,0,0,0,0,0,0,0,0,0,0,0,0,0,0,,,,,,,,
369,369,Flood Flow Canal Head Regulator,Telangana SW,36,Telangana,516,NIZAMABAD,-,-,-,-,-,-,-,-,-,18.91368898,78.34351872,15-04-2026 04:00,0,0,0,0,0,0,0,0,0,0,0,0,0,0,0,0,0,0,0,0,0,0,0,0,0,0,0,0,0,0,0,0,0,0,0,0,0,0,0,0,0,0,,,,,,,,
370,370,Flood Flow Canal Head Regulator,Telangana SW,36,Telangana,516,NIZAMABAD,-,-,-,-,-,-,-,-,-,18.91368898,78.34351872,15-04-2026 05:00,0,0,0,0,0,0,0,0,0,0,0,0,0,0,0,0,0,0,0,0,0,0,0,0,0,0,0,0,0,0,0,0,0,0,0,0,0,0,0,0,0,0,,,,,,,,
371,371,Flood Flow Canal Head Regulator,Telangana SW,36,Telangana,516,NIZAMABAD,-,-,-,-,-,-,-,-,-,18.91368898,78.34351872,15-04-2026 07:00,0,0,0,0,0,0,0,0,0,0,0,0,0,0,0,0,0,0,0,0,0,0,0,0,0,0,0,0,0,0,0,0,0,0,0,0,0,0,0,0,0,0,,,,,,,,
372,372,Flood Flow Canal Head Regulator,Telangana SW,36,Telangana,516,NIZAMABAD,-,-,-,-,-,-,-,-,-,18.91368898,78.34351872,15-04-2026 08:00,0,0,0,0,0,0,0,0,0,0,0,0,0,0,0,0,0,0,0,0,0,0,0,0,0,0,0,0,0,0,0,0,0,0,0,0,0,0,0,0,0,0,,,,,,,,
373,373,Flood Flow Canal Head Regulator,Telangana SW,36,Telangana,516,NIZAMABAD,-,-,-,-,-,-,-,-,-,18.91368898,78.34351872,15-04-2026 09:00,0,0,0,0,0,0,0,0,0,0,0,0,0,0,0,0,0,0,0,0,0,0,0,0,0,0,0,0,0,0,0,0,0,0,0,0,0,0,0,0,0,0,,,,,,,,
374,374,Flood Flow Canal Head Regulator,Telangana SW,36,Telangana,516,NIZAMABAD,-,-,-,-,-,-,-,-,-,18.91368898,78.34351872,15-04-2026 10:00,0,0,0,0,0,0,0,0,0,0,0,0,0,0,0,0,0,0,0,0,0,0,0,0,0,0,0,0,0,0,0,0,0,0,0,0,0,0,0,0,0,0,,,,,,,,
375,375,Flood Flow Canal Head Regulator,Telangana SW,36,Telangana,516,NIZAMABAD,-,-,-,-,-,-,-,-,-,18.91368898,78.34351872,15-04-2026 11:00,0,0,0,0,0,0,0,0,0,0,0,0,0,0,0,0,0,0,0,0,0,0,0,0,0,0,0,0,0,0,0,0,0,0,0,0,0,0,0,0,0,0,,,,,,,,
376,376,Flood Flow Canal Head Regulator,Telangana SW,36,Telangana,516,NIZAMABAD,-,-,-,-,-,-,-,-,-,18.91368898,78.34351872,15-04-2026 12:00,0,0,0,0,0,0,0,0,0,0,0,0,0,0,0,0,0,0,0,0,0,0,0,0,0,0,0,0,0,0,0,0,0,0,0,0,0,0,0,0,0,0,,,,,,,,
377,377,Flood Flow Canal Head Regulator,Telangana SW,36,Telangana,516,NIZAMABAD,-,-,-,-,-,-,-,-,-,18.91368898,78.34351872,15-04-2026 14:00,0,0,0,0,0,0,0,0,0,0,0,0,0,0,0,0,0,0,0,0,0,0,0,0,0,0,0,0,0,0,0,0,0,0,0,0,0,0,0,0,0,0,,,,,,,,
378,378,Flood Flow Canal Head Regulator,Telangana SW,36,Telangana,516,NIZAMABAD,-,-,-,-,-,-,-,-,-,18.91368898,78.34351872,15-04-2026 15:00,0,0,0,0,0,0,0,0,0,0,0,0,0,0,0,0,0,0,0,0,0,0,0,0,0,0,0,0,0,0,0,0,0,0,0,0,0,0,0,0,0,0,,,,,,,,
379,379,Flood Flow Canal Head Regulator,Telangana SW,36,Telangana,516,NIZAMABAD,-,-,-,-,-,-,-,-,-,18.91368898,78.34351872,15-04-2026 16:00,0,0,0,0,0,0,0,0,0,0,0,0,0,0,0,0,0,0,0,0,0,0,0,0,0,0,0,0,0,0,0,0,0,0,0,0,0,0,0,0,0,0,,,,,,,,
380,380,Flood Flow Canal Head Regulator,Telangana SW,36,Telangana,516,NIZAMABAD,-,-,-,-,-,-,-,-,-,18.91368898,78.34351872,15-04-2026 17:00,0,0,0,0,0,0,0,0,0,0,0,0,0,0,0,0,0,0,0,0,0,0,0,0,0,0,0,0,0,0,0,0,0,0,0,0,0,0,0,0,0,0,,,,,,,,
381,381,Flood Flow Canal Head Regulator,Telangana SW,36,Telangana,516,NIZAMABAD,-,-,-,-,-,-,-,-,-,18.91368898,78.34351872,15-04-2026 18:00,0,0,0,0,0,0,0,0,0,0,0,0,0,0,0,0,0,0,0,0,0,0,0,0,0,0,0,0,0,0,0,0,0,0,0,0,0,0,0,0,0,0,,,,,,,,
382,382,Flood Flow Canal Head Regulator,Telangana SW,36,Telangana,516,NIZAMABAD,-,-,-,-,-,-,-,-,-,18.91368898,78.34351872,15-04-2026 20:00,0,0,0,0,0,0,0,0,0,0,0,0,0,0,0,0,0,0,0,0,0,0,0,0,0,0,0,0,0,0,0,0,0,0,0,0,0,0,0,0,0,0,,,,,,,,
383,383,Flood Flow Canal Head Regulator,Telangana SW,36,Telangana,516,NIZAMABAD,-,-,-,-,-,-,-,-,-,18.91368898,78.34351872,15-04-2026 21:00,0,0,0,0,0,0,0,0,0,0,0,0,0,0,0,0,0,0,0,0,0,0,0,0,0,0,0,0,0,0,0,0,0,0,0,0,0,0,0,0,0,0,,,,,,,,
384,384,Flood Flow Canal Head Regulator,Telangana SW,36,Telangana,516,NIZAMABAD,-,-,-,-,-,-,-,-,-,18.91368898,78.34351872,15-04-2026 22:00,0,0,0,0,0,0,0,0,0,0,0,0,0,0,0,0,0,0,0,0,0,0,0,0,0,0,0,0,0,0,0,0,0,0,0,0,0,0,0,0,0,0,,,,,,,,
385,385,Flood Flow Canal Head Regulator,Telangana SW,36,Telangana,516,NIZAMABAD,-,-,-,-,-,-,-,-,-,18.91368898,78.34351872,15-04-2026 23:00,0,0,0,0,0,0,0,0,0,0,0,0,0,0,0,0,0,0,0,0,0,0,0,0,0,0,0,0,0,0,0,0,0,0,0,0,0,0,0,0,0,0,,,,,,,,
386,386,Flood Flow Canal Head Regulator,Telangana SW,36,Telangana,516,NIZAMABAD,-,-,-,-,-,-,-,-,-,18.91368898,78.34351872,16-04-2026 00:00,0,0,0,0,0,0,0,0,0,0,0,0,0,0,0,0,0,0,0,0,0,0,0,0,0,0,0,0,0,0,0,0,0,0,0,0,0,0,0,0,0,0,,,,,,,,
387,387,Flood Flow Canal Head Regulator,Telangana SW,36,Telangana,516,NIZAMABAD,-,-,-,-,-,-,-,-,-,18.91368898,78.34351872,16-04-2026 01:00,0,0,0,0,0,0,0,0,0,0,0,0,0,0,0,0,0,0,0,0,0,0,0,0,0,0,0,0,0,0,0,0,0,0,0,0,0,0,0,0,0,0,,,,,,,,
388,388,Flood Flow Canal Head Regulator,Telangana SW,36,Telangana,516,NIZAMABAD,-,-,-,-,-,-,-,-,-,18.91368898,78.34351872,16-04-2026 02:00,0,0,0,0,0,0,0,0,0,0,0,0,0,0,0,0,0,0,0,0,0,0,0,0,0,0,0,0,0,0,0,0,0,0,0,0,0,0,0,0,0,0,,,,,,,,
389,389,Flood Flow Canal Head Regulator,Telangana SW,36,Telangana,516,NIZAMABAD,-,-,-,-,-,-,-,-,-,18.91368898,78.34351872,16-04-2026 04:00,0,0,0,0,0,0,0,0,0,0,0,0,0,0,0,0,0,0,0,0,0,0,0,0,0,0,0,0,0,0,0,0,0,0,0,0,0,0,0,0,0,0,,,,,,,,
390,390,Flood Flow Canal Head Regulator,Telangana SW,36,Telangana,516,NIZAMABAD,-,-,-,-,-,-,-,-,-,18.91368898,78.34351872,16-04-2026 05:00,0,0,0,0,0,0,0,0,0,0,0,0,0,0,0,0,0,0,0,0,0,0,0,0,0,0,0,0,0,0,0,0,0,0,0,0,0,0,0,0,0,0,,,,,,,,
391,391,Flood Flow Canal Head Regulator,Telangana SW,36,Telangana,516,NIZAMABAD,-,-,-,-,-,-,-,-,-,18.91368898,78.34351872,16-04-2026 08:00,0,0,0,0,0,0,0,0,0,0,0,0,0,0,0,0,0,0,0,0,0,0,0,0,0,0,0,0,0,0,0,0,0,0,0,0,0,0,0,0,0,0,,,,,,,,
392,392,Flood Flow Canal Head Regulator,Telangana SW,36,Telangana,516,NIZAMABAD,-,-,-,-,-,-,-,-,-,18.91368898,78.34351872,16-04-2026 09:00,0,0,0,0,0,0,0,0,0,0,0,0,0,0,0,0,0,0,0,0,0,0,0,0,0,0,0,0,0,0,0,0,0,0,0,0,0,0,0,0,0,0,,,,,,,,
393,393,Flood Flow Canal Head Regulator,Telangana SW,36,Telangana,516,NIZAMABAD,-,-,-,-,-,-,-,-,-,18.91368898,78.34351872,16-04-2026 10:00,0,0,0,0,0,0,0,0,0,0,0,0,0,0,0,0,0,0,0,0,0,0,0,0,0,0,0,0,0,0,0,0,0,0,0,0,0,0,0,0,0,0,,,,,,,,
394,394,Flood Flow Canal Head Regulator,Telangana SW,36,Telangana,516,NIZAMABAD,-,-,-,-,-,-,-,-,-,18.91368898,78.34351872,16-04-2026 11:00,0,0,0,0,0,0,0,0,0,0,0,0,0,0,0,0,0,0,0,0,0,0,0,0,0,0,0,0,0,0,0,0,0,0,0,0,0,0,0,0,0,0,,,,,,,,
395,395,Flood Flow Canal Head Regulator,Telangana SW,36,Telangana,516,NIZAMABAD,-,-,-,-,-,-,-,-,-,18.91368898,78.34351872,16-04-2026 13:00,0,0,0,0,0,0,0,0,0,0,0,0,0,0,0,0,0,0,0,0,0,0,0,0,0,0,0,0,0,0,0,0,0,0,0,0,0,0,0,0,0,0,,,,,,,,
396,396,Flood Flow Canal Head Regulator,Telangana SW,36,Telangana,516,NIZAMABAD,-,-,-,-,-,-,-,-,-,18.91368898,78.34351872,16-04-2026 14:00,0,0,0,0,0,0,0,0,0,0,0,0,0,0,0,0,0,0,0,0,0,0,0,0,0,0,0,0,0,0,0,0,0,0,0,0,0,0,0,0,0,0,,,,,,,,
397,397,Flood Flow Canal Head Regulator,Telangana SW,36,Telangana,516,NIZAMABAD,-,-,-,-,-,-,-,-,-,18.91368898,78.34351872,16-04-2026 15:00,0,0,0,0,0,0,0,0,0,0,0,0,0,0,0,0,0,0,0,0,0,0,0,0,0,0,0,0,0,0,0,0,0,0,0,0,0,0,0,0,0,0,,,,,,,,
398,398,Flood Flow Canal Head Regulator,Telangana SW,36,Telangana,516,NIZAMABAD,-,-,-,-,-,-,-,-,-,18.91368898,78.34351872,16-04-2026 16:00,0,0,0,0,0,0,0,0,0,0,0,0,0,0,0,0,0,0,0,0,0,0,0,0,0,0,0,0,0,0,0,0,0,0,0,0,0,0,0,0,0,0,,,,,,,,
399,399,Flood Flow Canal Head Regulator,Telangana SW,36,Telangana,516,NIZAMABAD,-,-,-,-,-,-,-,-,-,18.91368898,78.34351872,16-04-2026 17:00,0,0,0,0,0,0,0,0,0,0,0,0,0,0,0,0,0,0,0,0,0,0,0,0,0,0,0,0,0,0,0,0,0,0,0,0,0,0,0,0,0,0,,,,,,,,
400,400,Flood Flow Canal Head Regulator,Telangana SW,36,Telangana,516,NIZAMABAD,-,-,-,-,-,-,-,-,-,18.91368898,78.34351872,16-04-2026 18:00,0,0,0,0,0,0,0,0,0,0,0,0,0,0,0,0,0,0,0,0,0,0,0,0,0,0,0,0,0,0,0,0,0,0,0,0,0,0,0,0,0,0,,,,,,,,
401,401,Flood Flow Canal Head Regulator,Telangana SW,36,Telangana,516,NIZAMABAD,-,-,-,-,-,-,-,-,-,18.91368898,78.34351872,16-04-2026 19:00,0,0,0,0,0,0,0,0,0,0,0,0,0,0,0,0,0,0,0,0,0,0,0,0,0,0,0,0,0,0,0,0,0,0,0,0,0,0,0,0,0,0,,,,,,,,
402,402,Flood Flow Canal Head Regulator,Telangana SW,36,Telangana,516,NIZAMABAD,-,-,-,-,-,-,-,-,-,18.91368898,78.34351872,16-04-2026 20:00,0,0,0,0,0,0,0,0,0,0,0,0,0,0,0,0,0,0,0,0,0,0,0,0,0,0,0,0,0,0,0,0,0,0,0,0,0,0,0,0,0,0,,,,,,,,
403,403,Flood Flow Canal Head Regulator,Telangana SW,36,Telangana,516,NIZAMABAD,-,-,-,-,-,-,-,-,-,18.91368898,78.34351872,16-04-2026 22:00,0,0,0,0,0,0,0,0,0,0,0,0,0,0,0,0,0,0,0,0,0,0,0,0,0,0,0,0,0,0,0,0,0,0,0,0,0,0,0,0,0,0,,,,,,,,
404,404,Flood Flow Canal Head Regulator,Telangana SW,36,Telangana,516,NIZAMABAD,-,-,-,-,-,-,-,-,-,18.91368898,78.34351872,16-04-2026 23:00,0,0,0,0,0,0,0,0,0,0,0,0,0,0,0,0,0,0,0,0,0,0,0,0,0,0,0,0,0,0,0,0,0,0,0,0,0,0,0,0,0,0,,,,,,,,
405,405,Flood Flow Canal Head Regulator,Telangana SW,36,Telangana,516,NIZAMABAD,-,-,-,-,-,-,-,-,-,18.91368898,78.34351872,17-04-2026 00:00,0,0,0,0,0,0,0,0,0,0,0,0,0,0,0,0,0,0,0,0,0,0,0,0,0,0,0,0,0,0,0,0,0,0,0,0,0,0,0,0,0,0,,,,,,,,
406,406,Flood Flow Canal Head Regulator,Telangana SW,36,Telangana,516,NIZAMABAD,-,-,-,-,-,-,-,-,-,18.91368898,78.34351872,17-04-2026 01:00,0,0,0,0,0,0,0,0,0,0,0,0,0,0,0,0,0,0,0,0,0,0,0,0,0,0,0,0,0,0,0,0,0,0,0,0,0,0,0,0,0,0,,,,,,,,
407,407,Flood Flow Canal Head Regulator,Telangana SW,36,Telangana,516,NIZAMABAD,-,-,-,-,-,-,-,-,-,18.91368898,78.34351872,17-04-2026 02:00,0,0,0,0,0,0,0,0,0,0,0,0,0,0,0,0,0,0,0,0,0,0,0,0,0,0,0,0,0,0,0,0,0,0,0,0,0,0,0,0,0,0,,,,,,,,
408,408,Flood Flow Canal Head Regulator,Telangana SW,36,Telangana,516,NIZAMABAD,-,-,-,-,-,-,-,-,-,18.91368898,78.34351872,17-04-2026 03:00,0,0,0,0,0,0,0,0,0,0,0,0,0,0,0,0,0,0,0,0,0,0,0,0,0,0,0,0,0,0,0,0,0,0,0,0,0,0,0,0,0,0,,,,,,,,
409,409,Flood Flow Canal Head Regulator,Telangana SW,36,Telangana,516,NIZAMABAD,-,-,-,-,-,-,-,-,-,18.91368898,78.34351872,17-04-2026 04:00,0,0,0,0,0,0,0,0,0,0,0,0,0,0,0,0,0,0,0,0,0,0,0,0,0,0,0,0,0,0,0,0,0,0,0,0,0,0,0,0,0,0,,,,,,,,
410,410,Flood Flow Canal Head Regulator,Telangana SW,36,Telangana,516,NIZAMABAD,-,-,-,-,-,-,-,-,-,18.91368898,78.34351872,17-04-2026 06:00,0,0,0,0,0,0,0,0,0,0,0,0,0,0,0,0,0,0,0,0,0,0,0,0,0,0,0,0,0,0,0,0,0,0,0,0,0,0,0,0,0,0,,,,,,,,
411,411,Flood Flow Canal Head Regulator,Telangana SW,36,Telangana,516,NIZAMABAD,-,-,-,-,-,-,-,-,-,18.91368898,78.34351872,17-04-2026 07:00,0,0,0,0,0,0,0,0,0,0,0,0,0,0,0,0,0,0,0,0,0,0,0,0,0,0,0,0,0,0,0,0,0,0,0,0,0,0,0,0,0,0,,,,,,,,
412,412,Flood Flow Canal Head Regulator,Telangana SW,36,Telangana,516,NIZAMABAD,-,-,-,-,-,-,-,-,-,18.91368898,78.34351872,17-04-2026 08:00,0,0,0,0,0,0,0,0,0,0,0,0,0,0,0,0,0,0,0,0,0,0,0,0,0,0,0,0,0,0,0,0,0,0,0,0,0,0,0,0,0,0,,,,,,,,
413,413,Flood Flow Canal Head Regulator,Telangana SW,36,Telangana,516,NIZAMABAD,-,-,-,-,-,-,-,-,-,18.91368898,78.34351872,17-04-2026 09:00,0,0,0,0,0,0,0,0,0,0,0,0,0,0,0,0,0,0,0,0,0,0,0,0,0,0,0,0,0,0,0,0,0,0,0,0,0,0,0,0,0,0,,,,,,,,
414,414,Flood Flow Canal Head Regulator,Telangana SW,36,Telangana,516,NIZAMABAD,-,-,-,-,-,-,-,-,-,18.91368898,78.34351872,17-04-2026 10:00,0,0,0,0,0,0,0,0,0,0,0,0,0,0,0,0,0,0,0,0,0,0,0,0,0,0,0,0,0,0,0,0,0,0,0,0,0,0,0,0,0,0,,,,,,,,
415,415,Flood Flow Canal Head Regulator,Telangana SW,36,Telangana,516,NIZAMABAD,-,-,-,-,-,-,-,-,-,18.91368898,78.34351872,17-04-2026 11:00,0,0,0,0,0,0,0,0,0,0,0,0,0,0,0,0,0,0,0,0,0,0,0,0,0,0,0,0,0,0,0,0,0,0,0,0,0,0,0,0,0,0,,,,,,,,
416,416,Flood Flow Canal Head Regulator,Telangana SW,36,Telangana,516,NIZAMABAD,-,-,-,-,-,-,-,-,-,18.91368898,78.34351872,17-04-2026 12:00,0,0,0,0,0,0,0,0,0,0,0,0,0,0,0,0,0,0,0,0,0,0,0,0,0,0,0,0,0,0,0,0,0,0,0,0,0,0,0,0,0,0,,,,,,,,
417,417,Flood Flow Canal Head Regulator,Telangana SW,36,Telangana,516,NIZAMABAD,-,-,-,-,-,-,-,-,-,18.91368898,78.34351872,17-04-2026 14:00,0,0,0,0,0,0,0,0,0,0,0,0,0,0,0,0,0,0,0,0,0,0,0,0,0,0,0,0,0,0,0,0,0,0,0,0,0,0,0,0,0,0,,,,,,,,
418,418,Flood Flow Canal Head Regulator,Telangana SW,36,Telangana,516,NIZAMABAD,-,-,-,-,-,-,-,-,-,18.91368898,78.34351872,17-04-2026 15:00,0,0,0,0,0,0,0,0,0,0,0,0,0,0,0,0,0,0,0,0,0,0,0,0,0,0,0,0,0,0,0,0,0,0,0,0,0,0,0,0,0,0,,,,,,,,
419,419,Flood Flow Canal Head Regulator,Telangana SW,36,Telangana,516,NIZAMABAD,-,-,-,-,-,-,-,-,-,18.91368898,78.34351872,17-04-2026 16:00,0,0,0,0,0,0,0,0,0,0,0,0,0,0,0,0,0,0,0,0,0,0,0,0,0,0,0,0,0,0,0,0,0,0,0,0,0,0,0,0,0,0,,,,,,,,
420,420,Flood Flow Canal Head Regulator,Telangana SW,36,Telangana,516,NIZAMABAD,-,-,-,-,-,-,-,-,-,18.91368898,78.34351872,17-04-2026 17:00,0,0,0,0,0,0,0,0,0,0,0,0,0,0,0,0,0,0,0,0,0,0,0,0,0,0,0,0,0,0,0,0,0,0,0,0,0,0,0,0,0,0,,,,,,,,
421,421,Flood Flow Canal Head Regulator,Telangana SW,36,Telangana,516,NIZAMABAD,-,-,-,-,-,-,-,-,-,18.91368898,78.34351872,17-04-2026 18:00,0,0,0,0,0,0,0,0,0,0,0,0,0,0,0,0,0,0,0,0,0,0,0,0,0,0,0,0,0,0,0,0,0,0,0,0,0,0,0,0,0,0,,,,,,,,
422,422,Flood Flow Canal Head Regulator,Telangana SW,36,Telangana,516,NIZAMABAD,-,-,-,-,-,-,-,-,-,18.91368898,78.34351872,17-04-2026 19:00,0,0,0,0,0,0,0,0,0,0,0,0,0,0,0,0,0,0,0,0,0,0,0,0,0,0,0,0,0,0,0,0,0,0,0,0,0,0,0,0,0,0,,,,,,,,
423,423,Flood Flow Canal Head Regulator,Telangana SW,36,Telangana,516,NIZAMABAD,-,-,-,-,-,-,-,-,-,18.91368898,78.34351872,17-04-2026 21:00,0,0,0,0,0,0,0,0,0,0,0,0,0,0,0,0,0,0,0,0,0,0,0,0,0,0,0,0,0,0,0,0,0,0,0,0,0,0,0,0,0,0,,,,,,,,
424,424,Flood Flow Canal Head Regulator,Telangana SW,36,Telangana,516,NIZAMABAD,-,-,-,-,-,-,-,-,-,18.91368898,78.34351872,17-04-2026 22:00,0,0,0,0,0,0,0,0,0,0,0,0,0,0,0,0,0,0,0,0,0,0,0,0,0,0,0,0,0,0,0,0,0,0,0,0,0,0,0,0,0,0,,,,,,,,
425,425,Flood Flow Canal Head Regulator,Telangana SW,36,Telangana,516,NIZAMABAD,-,-,-,-,-,-,-,-,-,18.91368898,78.34351872,17-04-2026 23:00,0,0,0,0,0,0,0,0,0,0,0,0,0,0,0,0,0,0,0,0,0,0,0,0,0,0,0,0,0,0,0,0,0,0,0,0,0,0,0,0,0,0,,,,,,,,
426,426,Flood Flow Canal Head Regulator,Telangana SW,36,Telangana,516,NIZAMABAD,-,-,-,-,-,-,-,-,-,18.91368898,78.34351872,18-04-2026 00:00,0,0,0,0,0,0,0,0,0,0,0,0,0,0,0,0,0,0,0,0,0,0,0,0,0,0,0,0,0,0,0,0,0,0,0,0,0,0,0,0,0,0,,,,,,,,
427,427,Flood Flow Canal Head Regulator,Telangana SW,36,Telangana,516,NIZAMABAD,-,-,-,-,-,-,-,-,-,18.91368898,78.34351872,18-04-2026 01:00,0,0,0,0,0,0,0,0,0,0,0,0,0,0,0,0,0,0,0,0,0,0,0,0,0,0,0,0,0,0,0,0,0,0,0,0,0,0,0,0,0,0,,,,,,,,
428,428,Flood Flow Canal Head Regulator,Telangana SW,36,Telangana,516,NIZAMABAD,-,-,-,-,-,-,-,-,-,18.91368898,78.34351872,18-04-2026 02:00,0,0,0,0,0,0,0,0,0,0,0,0,0,0,0,0,0,0,0,0,0,0,0,0,0,0,0,0,0,0,0,0,0,0,0,0,0,0,0,0,0,0,,,,,,,,
429,429,Flood Flow Canal Head Regulator,Telangana SW,36,Telangana,516,NIZAMABAD,-,-,-,-,-,-,-,-,-,18.91368898,78.34351872,18-04-2026 03:00,0,0,0,0,0,0,0,0,0,0,0,0,0,0,0,0,0,0,0,0,0,0,0,0,0,0,0,0,0,0,0,0,0,0,0,0,0,0,0,0,0,0,,,,,,,,
430,430,Flood Flow Canal Head Regulator,Telangana SW,36,Telangana,516,NIZAMABAD,-,-,-,-,-,-,-,-,-,18.91368898,78.34351872,18-04-2026 05:00,0,0,0,0,0,0,0,0,0,0,0,0,0,0,0,0,0,0,0,0,0,0,0,0,0,0,0,0,0,0,0,0,0,0,0,0,0,0,0,0,0,0,,,,,,,,
431,431,Flood Flow Canal Head Regulator,Telangana SW,36,Telangana,516,NIZAMABAD,-,-,-,-,-,-,-,-,-,18.91368898,78.34351872,18-04-2026 06:00,0,0,0,0,0,0,0,0,0,0,0,0,0,0,0,0,0,0,0,0,0,0,0,0,0,0,0,0,0,0,0,0,0,0,0,0,0,0,0,0,0,0,,,,,,,,
432,432,Flood Flow Canal Head Regulator,Telangana SW,36,Telangana,516,NIZAMABAD,-,-,-,-,-,-,-,-,-,18.91368898,78.34351872,18-04-2026 07:00,0,0,0,0,0,0,0,0,0,0,0,0,0,0,0,0,0,0,0,0,0,0,0,0,0,0,0,0,0,0,0,0,0,0,0,0,0,0,0,0,0,0,,,,,,,,
433,433,Flood Flow Canal Head Regulator,Telangana SW,36,Telangana,516,NIZAMABAD,-,-,-,-,-,-,-,-,-,18.91368898,78.34351872,18-04-2026 08:00,0,0,0,0,0,0,0,0,0,0,0,0,0,0,0,0,0,0,0,0,0,0,0,0,0,0,0,0,0,0,0,0,0,0,0,0,0,0,0,0,0,0,,,,,,,,
434,434,Flood Flow Canal Head Regulator,Telangana SW,36,Telangana,516,NIZAMABAD,-,-,-,-,-,-,-,-,-,18.91368898,78.34351872,18-04-2026 09:00,0,0,0,0,0,0,0,0,0,0,0,0,0,0,0,0,0,0,0,0,0,0,0,0,0,0,0,0,0,0,0,0,0,0,0,0,0,0,0,0,0,0,,,,,,,,
435,435,Flood Flow Canal Head Regulator,Telangana SW,36,Telangana,516,NIZAMABAD,-,-,-,-,-,-,-,-,-,18.91368898,78.34351872,18-04-2026 10:00,0,0,0,0,0,0,0,0,0,0,0,0,0,0,0,0,0,0,0,0,0,0,0,0,0,0,0,0,0,0,0,0,0,0,0,0,0,0,0,0,0,0,,,,,,,,
436,436,Flood Flow Canal Head Regulator,Telangana SW,36,Telangana,516,NIZAMABAD,-,-,-,-,-,-,-,-,-,18.91368898,78.34351872,18-04-2026 11:00,0,0,0,0,0,0,0,0,0,0,0,0,0,0,0,0,0,0,0,0,0,0,0,0,0,0,0,0,0,0,0,0,0,0,0,0,0,0,0,0,0,0,,,,,,,,
437,437,Flood Flow Canal Head Regulator,Telangana SW,36,Telangana,516,NIZAMABAD,-,-,-,-,-,-,-,-,-,18.91368898,78.34351872,18-04-2026 13:00,0,0,0,0,0,0,0,0,0,0,0,0,0,0,0,0,0,0,0,0,0,0,0,0,0,0,0,0,0,0,0,0,0,0,0,0,0,0,0,0,0,0,,,,,,,,
438,438,Flood Flow Canal Head Regulator,Telangana SW,36,Telangana,516,NIZAMABAD,-,-,-,-,-,-,-,-,-,18.91368898,78.34351872,18-04-2026 14:00,0,0,0,0,0,0,0,0,0,0,0,0,0,0,0,0,0,0,0,0,0,0,0,0,0,0,0,0,0,0,0,0,0,0,0,0,0,0,0,0,0,0,,,,,,,,
439,439,Flood Flow Canal Head Regulator,Telangana SW,36,Telangana,516,NIZAMABAD,-,-,-,-,-,-,-,-,-,18.91368898,78.34351872,18-04-2026 15:00,0,0,0,0,0,0,0,0,0,0,0,0,0,0,0,0,0,0,0,0,0,0,0,0,0,0,0,0,0,0,0,0,0,0,0,0,0,0,0,0,0,0,,,,,,,,
440,440,Flood Flow Canal Head Regulator,Telangana SW,36,Telangana,516,NIZAMABAD,-,-,-,-,-,-,-,-,-,18.91368898,78.34351872,18-04-2026 16:00,0,0,0,0,0,0,0,0,0,0,0,0,0,0,0,0,0,0,0,0,0,0,0,0,0,0,0,0,0,0,0,0,0,0,0,0,0,0,0,0,0,0,,,,,,,,
441,441,Flood Flow Canal Head Regulator,Telangana SW,36,Telangana,516,NIZAMABAD,-,-,-,-,-,-,-,-,-,18.91368898,78.34351872,18-04-2026 17:00,0,0,0,0,0,0,0,0,0,0,0,0,0,0,0,0,0,0,0,0,0,0,0,0,0,0,0,0,0,0,0,0,0,0,0,0,0,0,0,0,0,0,,,,,,,,
442,442,Flood Flow Canal Head Regulator,Telangana SW,36,Telangana,516,NIZAMABAD,-,-,-,-,-,-,-,-,-,18.91368898,78.34351872,18-04-2026 18:00,0,0,0,0,0,0,0,0,0,0,0,0,0,0,0,0,0,0,0,0,0,0,0,0,0,0,0,0,0,0,0,0,0,0,0,0,0,0,0,0,0,0,,,,,,,,
443,443,Flood Flow Canal Head Regulator,Telangana SW,36,Telangana,516,NIZAMABAD,-,-,-,-,-,-,-,-,-,18.91368898,78.34351872,18-04-2026 19:00,0,0,0,0,0,0,0,0,0,0,0,0,0,0,0,0,0,0,0,0,0,0,0,0,0,0,0,0,0,0,0,0,0,0,0,0,0,0,0,0,0,0,,,,,,,,
444,444,Flood Flow Canal Head Regulator,Telangana SW,36,Telangana,516,NIZAMABAD,-,-,-,-,-,-,-,-,-,18.91368898,78.34351872,18-04-2026 21:00,0,0,0,0,0,0,0,0,0,0,0,0,0,0,0,0,0,0,0,0,0,0,0,0,0,0,0,0,0,0,0,0,0,0,0,0,0,0,0,0,0,0,,,,,,,,
445,445,Flood Flow Canal Head Regulator,Telangana SW,36,Telangana,516,NIZAMABAD,-,-,-,-,-,-,-,-,-,18.91368898,78.34351872,18-04-2026 22:00,0,0,0,0,0,0,0,0,0,0,0,0,0,0,0,0,0,0,0,0,0,0,0,0,0,0,0,0,0,0,0,0,0,0,0,0,0,0,0,0,0,0,,,,,,,,
446,446,Flood Flow Canal Head Regulator,Telangana SW,36,Telangana,516,NIZAMABAD,-,-,-,-,-,-,-,-,-,18.91368898,78.34351872,18-04-2026 23:00,0,0,0,0,0,0,0,0,0,0,0,0,0,0,0,0,0,0,0,0,0,0,0,0,0,0,0,0,0,0,0,0,0,0,0,0,0,0,0,0,0,0,,,,,,,,
447,447,Flood Flow Canal Head Regulator,Telangana SW,36,Telangana,516,NIZAMABAD,-,-,-,-,-,-,-,-,-,18.91368898,78.34351872,19-04-2026 00:00,0,0,0,0,0,0,0,0,0,0,0,0,0,0,0,0,0,0,0,0,0,0,0,0,0,0,0,0,0,0,0,0,0,0,0,0,0,0,0,0,0,0,,,,,,,,
448,448,Flood Flow Canal Head Regulator,Telangana SW,36,Telangana,516,NIZAMABAD,-,-,-,-,-,-,-,-,-,18.91368898,78.34351872,19-04-2026 01:00,0,0,0,0,0,0,0,0,0,0,0,0,0,0,0,0,0,0,0,0,0,0,0,0,0,0,0,0,0,0,0,0,0,0,0,0,0,0,0,0,0,0,,,,,,,,
449,449,Flood Flow Canal Head Regulator,Telangana SW,36,Telangana,516,NIZAMABAD,-,-,-,-,-,-,-,-,-,18.91368898,78.34351872,19-04-2026 02:00,0,0,0,0,0,0,0,0,0,0,0,0,0,0,0,0,0,0,0,0,0,0,0,0,0,0,0,0,0,0,0,0,0,0,0,0,0,0,0,0,0,0,,,,,,,,
450,450,Flood Flow Canal Head Regulator,Telangana SW,36,Telangana,516,NIZAMABAD,-,-,-,-,-,-,-,-,-,18.91368898,78.34351872,19-04-2026 03:00,0,0,0,0,0,0,0,0,0,0,0,0,0,0,0,0,0,0,0,0,0,0,0,0,0,0,0,0,0,0,0,0,0,0,0,0,0,0,0,0,0,0,,,,,,,,
451,451,Flood Flow Canal Head Regulator,Telangana SW,36,Telangana,516,NIZAMABAD,-,-,-,-,-,-,-,-,-,18.91368898,78.34351872,19-04-2026 05:00,0,0,0,0,0,0,0,0,0,0,0,0,0,0,0,0,0,0,0,0,0,0,0,0,0,0,0,0,0,0,0,0,0,0,0,0,0,0,0,0,0,0,,,,,,,,
452,452,Flood Flow Canal Head Regulator,Telangana SW,36,Telangana,516,NIZAMABAD,-,-,-,-,-,-,-,-,-,18.91368898,78.34351872,19-04-2026 06:00,0,0,0,0,0,0,0,0,0,0,0,0,0,0,0,0,0,0,0,0,0,0,0,0,0,0,0,0,0,0,0,0,0,0,0,0,0,0,0,0,0,0,,,,,,,,
453,453,Flood Flow Canal Head Regulator,Telangana SW,36,Telangana,516,NIZAMABAD,-,-,-,-,-,-,-,-,-,18.91368898,78.34351872,19-04-2026 07:00,0,0,0,0,0,0,0,0,0,0,0,0,0,0,0,0,0,0,0,0,0,0,0,0,0,0,0,0,0,0,0,0,0,0,0,0,0,0,0,0,0,0,,,,,,,,
454,454,Flood Flow Canal Head Regulator,Telangana SW,36,Telangana,516,NIZAMABAD,-,-,-,-,-,-,-,-,-,18.91368898,78.34351872,19-04-2026 08:00,0,0,0,0,0,0,0,0,0,0,0,0,0,0,0,0,0,0,0,0,0,0,0,0,0,0,0,0,0,0,0,0,0,0,0,0,0,0,0,0,0,0,,,,,,,,
455,455,Flood Flow Canal Head Regulator,Telangana SW,36,Telangana,516,NIZAMABAD,-,-,-,-,-,-,-,-,-,18.91368898,78.34351872,19-04-2026 09:00,0,0,0,0,0,0,0,0,0,0,0,0,0,0,0,0,0,0,0,0,0,0,0,0,0,0,0,0,0,0,0,0,0,0,0,0,0,0,0,0,0,0,,,,,,,,
456,456,Flood Flow Canal Head Regulator,Telangana SW,36,Telangana,516,NIZAMABAD,-,-,-,-,-,-,-,-,-,18.91368898,78.34351872,19-04-2026 10:00,0,0,0,0,0,0,0,0,0,0,0,0,0,0,0,0,0,0,0,0,0,0,0,0,0,0,0,0,0,0,0,0,0,0,0,0,0,0,0,0,0,0,,,,,,,,
457,457,Flood Flow Canal Head Regulator,Telangana SW,36,Telangana,516,NIZAMABAD,-,-,-,-,-,-,-,-,-,18.91368898,78.34351872,19-04-2026 11:00,0,0,0,0,0,0,0,0,0,0,0,0,0,0,0,0,0,0,0,0,0,0,0,0,0,0,0,0,0,0,0,0,0,0,0,0,0,0,0,0,0,0,,,,,,,,
458,458,Flood Flow Canal Head Regulator,Telangana SW,36,Telangana,516,NIZAMABAD,-,-,-,-,-,-,-,-,-,18.91368898,78.34351872,19-04-2026 13:00,0,0,0,0,0,0,0,0,0,0,0,0,0,0,0,0,0,0,0,0,0,0,0,0,0,0,0,0,0,0,0,0,0,0,0,0,0,0,0,0,0,0,,,,,,,,
459,459,Flood Flow Canal Head Regulator,Telangana SW,36,Telangana,516,NIZAMABAD,-,-,-,-,-,-,-,-,-,18.91368898,78.34351872,19-04-2026 14:00,0,0,0,0,0,0,0,0,0,0,0,0,0,0,0,0,0,0,0,0,0,0,0,0,0,0,0,0,0,0,0,0,0,0,0,0,0,0,0,0,0,0,,,,,,,,
460,460,Flood Flow Canal Head Regulator,Telangana SW,36,Telangana,516,NIZAMABAD,-,-,-,-,-,-,-,-,-,18.91368898,78.34351872,19-04-2026 15:00,0,0,0,0,0,0,0,0,0,0,0,0,0,0,0,0,0,0,0,0,0,0,0,0,0,0,0,0,0,0,0,0,0,0,0,0,0,0,0,0,0,0,,,,,,,,
461,461,Flood Flow Canal Head Regulator,Telangana SW,36,Telangana,516,NIZAMABAD,-,-,-,-,-,-,-,-,-,18.91368898,78.34351872,19-04-2026 16:00,0,0,0,0,0,0,0,0,0,0,0,0,0,0,0,0,0,0,0,0,0,0,0,0,0,0,0,0,0,0,0,0,0,0,0,0,0,0,0,0,0,0,,,,,,,,
462,462,Flood Flow Canal Head Regulator,Telangana SW,36,Telangana,516,NIZAMABAD,-,-,-,-,-,-,-,-,-,18.91368898,78.34351872,19-04-2026 17:00,0,0,0,0,0,0,0,0,0,0,0,0,0,0,0,0,0,0,0,0,0,0,0,0,0,0,0,0,0,0,0,0,0,0,0,0,0,0,0,0,0,0,,,,,,,,
463,463,Flood Flow Canal Head Regulator,Telangana SW,36,Telangana,516,NIZAMABAD,-,-,-,-,-,-,-,-,-,18.91368898,78.34351872,19-04-2026 18:00,0,0,0,0,0,0,0,0,0,0,0,0,0,0,0,0,0,0,0,0,0,0,0,0,0,0,0,0,0,0,0,0,0,0,0,0,0,0,0,0,0,0,,,,,,,,
464,464,Flood Flow Canal Head Regulator,Telangana SW,36,Telangana,516,NIZAMABAD,-,-,-,-,-,-,-,-,-,18.91368898,78.34351872,19-04-2026 19:00,0,0,0,0,0,0,0,0,0,0,0,0,0,0,0,0,0,0,0,0,0,0,0,0,0,0,0,0,0,0,0,0,0,0,0,0,0,0,0,0,0,0,,,,,,,,
465,465,Flood Flow Canal Head Regulator,Telangana SW,36,Telangana,516,NIZAMABAD,-,-,-,-,-,-,-,-,-,18.91368898,78.34351872,19-04-2026 21:00,0,0,0,0,0,0,0,0,0,0,0,0,0,0,0,0,0,0,0,0,0,0,0,0,0,0,0,0,0,0,0,0,0,0,0,0,0,0,0,0,0,0,,,,,,,,
466,466,Flood Flow Canal Head Regulator,Telangana SW,36,Telangana,516,NIZAMABAD,-,-,-,-,-,-,-,-,-,18.91368898,78.34351872,19-04-2026 22:00,0,0,0,0,0,0,0,0,0,0,0,0,0,0,0,0,0,0,0,0,0,0,0,0,0,0,0,0,0,0,0,0,0,0,0,0,0,0,0,0,0,0,,,,,,,,
467,467,Flood Flow Canal Head Regulator,Telangana SW,36,Telangana,516,NIZAMABAD,-,-,-,-,-,-,-,-,-,18.91368898,78.34351872,19-04-2026 23:00,0,0,0,0,0,0,0,0,0,0,0,0,0,0,0,0,0,0,0,0,0,0,0,0,0,0,0,0,0,0,0,0,0,0,0,0,0,0,0,0,0,0,,,,,,,,
468,468,Flood Flow Canal Head Regulator,Telangana SW,36,Telangana,516,NIZAMABAD,-,-,-,-,-,-,-,-,-,18.91368898,78.34351872,20-04-2026 00:00,0,0,0,0,0,0,0,0,0,0,0,0,0,0,0,0,0,0,0,0,0,0,0,0,0,0,0,0,0,0,0,0,0,0,0,0,0,0,0,0,0,0,,,,,,,,
469,469,Flood Flow Canal Head Regulator,Telangana SW,36,Telangana,516,NIZAMABAD,-,-,-,-,-,-,-,-,-,18.91368898,78.34351872,20-04-2026 01:00,0,0,0,0,0,0,0,0,0,0,0,0,0,0,0,0,0,0,0,0,0,0,0,0,0,0,0,0,0,0,0,0,0,0,0,0,0,0,0,0,0,0,,,,,,,,
470,470,Flood Flow Canal Head Regulator,Telangana SW,36,Telangana,516,NIZAMABAD,-,-,-,-,-,-,-,-,-,18.91368898,78.34351872,20-04-2026 02:00,0,0,0,0,0,0,0,0,0,0,0,0,0,0,0,0,0,0,0,0,0,0,0,0,0,0,0,0,0,0,0,0,0,0,0,0,0,0,0,0,0,0,,,,,,,,
471,471,Flood Flow Canal Head Regulator,Telangana SW,36,Telangana,516,NIZAMABAD,-,-,-,-,-,-,-,-,-,18.91368898,78.34351872,20-04-2026 03:00,0,0,0,0,0,0,0,0,0,0,0,0,0,0,0,0,0,0,0,0,0,0,0,0,0,0,0,0,0,0,0,0,0,0,0,0,0,0,0,0,0,0,,,,,,,,
472,472,Flood Flow Canal Head Regulator,Telangana SW,36,Telangana,516,NIZAMABAD,-,-,-,-,-,-,-,-,-,18.91368898,78.34351872,20-04-2026 05:00,0,0,0,0,0,0,0,0,0,0,0,0,0,0,0,0,0,0,0,0,0,0,0,0,0,0,0,0,0,0,0,0,0,0,0,0,0,0,0,0,0,0,,,,,,,,
473,473,Flood Flow Canal Head Regulator,Telangana SW,36,Telangana,516,NIZAMABAD,-,-,-,-,-,-,-,-,-,18.91368898,78.34351872,20-04-2026 06:00,0,0,0,0,0,0,0,0,0,0,0,0,0,0,0,0,0,0,0,0,0,0,0,0,0,0,0,0,0,0,0,0,0,0,0,0,0,0,0,0,0,0,,,,,,,,
474,474,Flood Flow Canal Head Regulator,Telangana SW,36,Telangana,516,NIZAMABAD,-,-,-,-,-,-,-,-,-,18.91368898,78.34351872,20-04-2026 07:00,0,0,0,0,0,0,0,0,0,0,0,0,0,0,0,0,0,0,0,0,0,0,0,0,0,0,0,0,0,0,0,0,0,0,0,0,0,0,0,0,0,0,,,,,,,,
475,475,Flood Flow Canal Head Regulator,Telangana SW,36,Telangana,516,NIZAMABAD,-,-,-,-,-,-,-,-,-,18.91368898,78.34351872,20-04-2026 08:00,0,0,0,0,0,0,0,0,0,0,0,0,0,0,0,0,0,0,0,0,0,0,0,0,0,0,0,0,0,0,0,0,0,0,0,0,0,0,0,0,0,0,,,,,,,,
476,476,Flood Flow Canal Head Regulator,Telangana SW,36,Telangana,516,NIZAMABAD,-,-,-,-,-,-,-,-,-,18.91368898,78.34351872,20-04-2026 09:00,0,0,0,0,0,0,0,0,0,0,0,0,0,0,0,0,0,0,0,0,0,0,0,0,0,0,0,0,0,0,0,0,0,0,0,0,0,0,0,0,0,0,,,,,,,,
477,477,Flood Flow Canal Head Regulator,Telangana SW,36,Telangana,516,NIZAMABAD,-,-,-,-,-,-,-,-,-,18.91368898,78.34351872,20-04-2026 10:00,0,0,0,0,0,0,0,0,0,0,0,0,0,0,0,0,0,0,0,0,0,0,0,0,0,0,0,0,0,0,0,0,0,0,0,0,0,0,0,0,0,0,,,,,,,,
478,478,Flood Flow Canal Head Regulator,Telangana SW,36,Telangana,516,NIZAMABAD,-,-,-,-,-,-,-,-,-,18.91368898,78.34351872,20-04-2026 12:00,0,0,0,0,0,0,0,0,0,0,0,0,0,0,0,0,0,0,0,0,0,0,0,0,0,0,0,0,0,0,0,0,0,0,0,0,0,0,0,0,0,0,,,,,,,,
479,479,Flood Flow Canal Head Regulator,Telangana SW,36,Telangana,516,NIZAMABAD,-,-,-,-,-,-,-,-,-,18.91368898,78.34351872,20-04-2026 13:00,0,0,0,0,0,0,0,0,0,0,0,0,0,0,0,0,0,0,0,0,0,0,0,0,0,0,0,0,0,0,0,0,0,0,0,0,0,0,0,0,0,0,,,,,,,,
480,480,Flood Flow Canal Head Regulator,Telangana SW,36,Telangana,516,NIZAMABAD,-,-,-,-,-,-,-,-,-,18.91368898,78.34351872,20-04-2026 14:00,0,0,0,0,0,0,0,0,0,0,0,0,0,0,0,0,0,0,0,0,0,0,0,0,0,0,0,0,0,0,0,0,0,0,0,0,0,0,0,0,0,0,,,,,,,,
481,481,Flood Flow Canal Head Regulator,Telangana SW,36,Telangana,516,NIZAMABAD,-,-,-,-,-,-,-,-,-,18.91368898,78.34351872,20-04-2026 15:00,0,0,0,0,0,0,0,0,0,0,0,0,0,0,0,0,0,0,0,0,0,0,0,0,0,0,0,0,0,0,0,0,0,0,0,0,0,0,0,0,0,0,,,,,,,,
482,482,Flood Flow Canal Head Regulator,Telangana SW,36,Telangana,516,NIZAMABAD,-,-,-,-,-,-,-,-,-,18.91368898,78.34351872,20-04-2026 16:00,0,0,0,0,0,0,0,0,0,0,0,0,0,0,0,0,0,0,0,0,0,0,0,0,0,0,0,0,0,0,0,0,0,0,0,0,0,0,0,0,0,0,,,,,,,,
483,483,Flood Flow Canal Head Regulator,Telangana SW,36,Telangana,516,NIZAMABAD,-,-,-,-,-,-,-,-,-,18.91368898,78.34351872,20-04-2026 17:00,0,0,0,0,0,0,0,0,0,0,0,0,0,0,0,0,0,0,0,0,0,0,0,0,0,0,0,0,0,0,0,0,0,0,0,0,0,0,0,0,0,0,,,,,,,,
484,484,Flood Flow Canal Head Regulator,Telangana SW,36,Telangana,516,NIZAMABAD,-,-,-,-,-,-,-,-,-,18.91368898,78.34351872,20-04-2026 18:00,0,0,0,0,0,0,0,0,0,0,0,0,0,0,0,0,0,0,0,0,0,0,0,0,0,0,0,0,0,0,0,0,0,0,0,0,0,0,0,0,0,0,,,,,,,,
485,485,Flood Flow Canal Head Regulator,Telangana SW,36,Telangana,516,NIZAMABAD,-,-,-,-,-,-,-,-,-,18.91368898,78.34351872,20-04-2026 20:00,0,0,0,0,0,0,0,0,0,0,0,0,0,0,0,0,0,0,0,0,0,0,0,0,0,0,0,0,0,0,0,0,0,0,0,0,0,0,0,0,0,0,,,,,,,,
486,486,Flood Flow Canal Head Regulator,Telangana SW,36,Telangana,516,NIZAMABAD,-,-,-,-,-,-,-,-,-,18.91368898,78.34351872,20-04-2026 21:00,0,0,0,0,0,0,0,0,0,0,0,0,0,0,0,0,0,0,0,0,0,0,0,0,0,0,0,0,0,0,0,0,0,0,0,0,0,0,0,0,0,0,,,,,,,,
487,487,Flood Flow Canal Head Regulator,Telangana SW,36,Telangana,516,NIZAMABAD,-,-,-,-,-,-,-,-,-,18.91368898,78.34351872,20-04-2026 22:00,0,0,0,0,0,0,0,0,0,0,0,0,0,0,0,0,0,0,0,0,0,0,0,0,0,0,0,0,0,0,0,0,0,0,0,0,0,0,0,0,0,0,,,,,,,,
488,488,Flood Flow Canal Head Regulator,Telangana SW,36,Telangana,516,NIZAMABAD,-,-,-,-,-,-,-,-,-,18.91368898,78.34351872,20-04-2026 23:00,0,0,0,0,0,0,0,0,0,0,0,0,0,0,0,0,0,0,0,0,0,0,0,0,0,0,0,0,0,0,0,0,0,0,0,0,0,0,0,0,0,0,,,,,,,,
489,489,Flood Flow Canal Head Regulator,Telangana SW,36,Telangana,516,NIZAMABAD,-,-,-,-,-,-,-,-,-,18.91368898,78.34351872,21-04-2026 00:00,0,0,0,0,0,0,0,0,0,0,0,0,0,0,0,0,0,0,0,0,0,0,0,0,0,0,0,0,0,0,0,0,0,0,0,0,0,0,0,0,0,0,,,,,,,,
490,490,Flood Flow Canal Head Regulator,Telangana SW,36,Telangana,516,NIZAMABAD,-,-,-,-,-,-,-,-,-,18.91368898,78.34351872,21-04-2026 01:00,0,0,0,0,0,0,0,0,0,0,0,0,0,0,0,0,0,0,0,0,0,0,0,0,0,0,0,0,0,0,0,0,0,0,0,0,0,0,0,0,0,0,,,,,,,,
491,491,Flood Flow Canal Head Regulator,Telangana SW,36,Telangana,516,NIZAMABAD,-,-,-,-,-,-,-,-,-,18.91368898,78.34351872,21-04-2026 02:00,0,0,0,0,0,0,0,0,0,0,0,0,0,0,0,0,0,0,0,0,0,0,0,0,0,0,0,0,0,0,0,0,0,0,0,0,0,0,0,0,0,0,,,,,,,,
492,492,Flood Flow Canal Head Regulator,Telangana SW,36,Telangana,516,NIZAMABAD,-,-,-,-,-,-,-,-,-,18.91368898,78.34351872,21-04-2026 04:00,0,0,0,0,0,0,0,0,0,0,0,0,0,0,0,0,0,0,0,0,0,0,0,0,0,0,0,0,0,0,0,0,0,0,0,0,0,0,0,0,0,0,,,,,,,,
493,493,Flood Flow Canal Head Regulator,Telangana SW,36,Telangana,516,NIZAMABAD,-,-,-,-,-,-,-,-,-,18.91368898,78.34351872,21-04-2026 05:00,0,0,0,0,0,0,0,0,0,0,0,0,0,0,0,0,0,0,0,0,0,0,0,0,0,0,0,0,0,0,0,0,0,0,0,0,0,0,0,0,0,0,,,,,,,,
494,494,Flood Flow Canal Head Regulator,Telangana SW,36,Telangana,516,NIZAMABAD,-,-,-,-,-,-,-,-,-,18.91368898,78.34351872,21-04-2026 06:00,0,0,0,0,0,0,0,0,0,0,0,0,0,0,0,0,0,0,0,0,0,0,0,0,0,0,0,0,0,0,0,0,0,0,0,0,0,0,0,0,0,0,,,,,,,,
495,495,Flood Flow Canal Head Regulator,Telangana SW,36,Telangana,516,NIZAMABAD,-,-,-,-,-,-,-,-,-,18.91368898,78.34351872,21-04-2026 07:00,0,0,0,0,0,0,0,0,0,0,0,0,0,0,0,0,0,0,0,0,0,0,0,0,0,0,0,0,0,0,0,0,0,0,0,0,0,0,0,0,0,0,,,,,,,,
496,496,Flood Flow Canal Head Regulator,Telangana SW,36,Telangana,516,NIZAMABAD,-,-,-,-,-,-,-,-,-,18.91368898,78.34351872,21-04-2026 08:00,0,0,0,0,0,0,0,0,0,0,0,0,0,0,0,0,0,0,0,0,0,0,0,0,0,0,0,0,0,0,0,0,0,0,0,0,0,0,0,0,0,0,,,,,,,,
497,497,Flood Flow Canal Head Regulator,Telangana SW,36,Telangana,516,NIZAMABAD,-,-,-,-,-,-,-,-,-,18.91368898,78.34351872,21-04-2026 09:00,0,0,0,0,0,0,0,0,0,0,0,0,0,0,0,0,0,0,0,0,0,0,0,0,0,0,0,0,0,0,0,0,0,0,0,0,0,0,0,0,0,0,,,,,,,,
498,498,Flood Flow Canal Head Regulator,Telangana SW,36,Telangana,516,NIZAMABAD,-,-,-,-,-,-,-,-,-,18.91368898,78.34351872,21-04-2026 11:00,0,0,0,0,0,0,0,0,0,0,0,0,0,0,0,0,0,0,0,0,0,0,0,0,0,0,0,0,0,0,0,0,0,0,0,0,0,0,0,0,0,0,,,,,,,,
499,499,Flood Flow Canal Head Regulator,Telangana SW,36,Telangana,516,NIZAMABAD,-,-,-,-,-,-,-,-,-,18.91368898,78.34351872,21-04-2026 12:00,0,0,0,0,0,0,0,0,0,0,0,0,0,0,0,0,0,0,0,0,0,0,0,0,0,0,0,0,0,0,0,0,0,0,0,0,0,0,0,0,0,0,,,,,,,,
500,500,Flood Flow Canal Head Regulator,Telangana SW,36,Telangana,516,NIZAMABAD,-,-,-,-,-,-,-,-,-,18.91368898,78.34351872,21-04-2026 13:00,0,0,0,0,0,0,0,0,0,0,0,0,0,0,0,0,0,0,0,0,0,0,0,0,0,0,0,0,0,0,0,0,0,0,0,0,0,0,0,0,0,0,,,,,,,,
501,501,Flood Flow Canal Head Regulator,Telangana SW,36,Telangana,516,NIZAMABAD,-,-,-,-,-,-,-,-,-,18.91368898,78.34351872,21-04-2026 14:00,0,0,0,0,0,0,0,0,0,0,0,0,0,0,0,0,0,0,0,0,0,0,0,0,0,0,0,0,0,0,0,0,0,0,0,0,0,0,0,0,0,0,,,,,,,,
502,502,Flood Flow Canal Head Regulator,Telangana SW,36,Telangana,516,NIZAMABAD,-,-,-,-,-,-,-,-,-,18.91368898,78.34351872,21-04-2026 15:00,0,0,0,0,0,0,0,0,0,0,0,0,0,0,0,0,0,0,0,0,0,0,0,0,0,0,0,0,0,0,0,0,0,0,0,0,0,0,0,0,0,0,,,,,,,,
503,503,Flood Flow Canal Head Regulator,Telangana SW,36,Telangana,516,NIZAMABAD,-,-,-,-,-,-,-,-,-,18.91368898,78.34351872,22-04-2026 18:00,0,0,0,0,0,0,0,0,0,0,0,0,0,0,0,0,0,0,0,0,0,0,0,0,0,0,0,0,0,0,0,0,0,0,0,0,0,0,0,0,0,0,,,,,,,,
504,504,Flood Flow Canal Head Regulator,Telangana SW,36,Telangana,516,NIZAMABAD,-,-,-,-,-,-,-,-,-,18.91368898,78.34351872,22-04-2026 20:00,0,0,0,0,0,0,0,0,0,0,0,0,0,0,0,0,0,0,0,0,0,0,0,0,0,0,0,0,0,0,0,0,0,0,0,0,0,0,0,0,0,0,,,,,,,,
505,505,Flood Flow Canal Head Regulator,Telangana SW,36,Telangana,516,NIZAMABAD,-,-,-,-,-,-,-,-,-,18.91368898,78.34351872,22-04-2026 21:00,0,0,0,0,0,0,0,0,0,0,0,0,0,0,0,0,0,0,0,0,0,0,0,0,0,0,0,0,0,0,0,0,0,0,0,0,0,0,0,0,0,0,,,,,,,,
506,506,Flood Flow Canal Head Regulator,Telangana SW,36,Telangana,516,NIZAMABAD,-,-,-,-,-,-,-,-,-,18.91368898,78.34351872,22-04-2026 22:00,0,0,0,0,0,0,0,0,0,0,0,0,0,0,0,0,0,0,0,0,0,0,0,0,0,0,0,0,0,0,0,0,0,0,0,0,0,0,0,0,0,0,,,,,,,,
507,507,Flood Flow Canal Head Regulator,Telangana SW,36,Telangana,516,NIZAMABAD,-,-,-,-,-,-,-,-,-,18.91368898,78.34351872,22-04-2026 23:00,0,0,0,0,0,0,0,0,0,0,0,0,0,0,0,0,0,0,0,0,0,0,0,0,0,0,0,0,0,0,0,0,0,0,0,0,0,0,0,0,0,0,,,,,,,,
508,508,Flood Flow Canal Head Regulator,Telangana SW,36,Telangana,516,NIZAMABAD,-,-,-,-,-,-,-,-,-,18.91368898,78.34351872,23-04-2026 01:00,0,0,0,0,0,0,0,0,0,0,0,0,0,0,0,0,0,0,0,0,0,0,0,0,0,0,0,0,0,0,0,0,0,0,0,0,0,0,0,0,0,0,,,,,,,,
509,509,Flood Flow Canal Head Regulator,Telangana SW,36,Telangana,516,NIZAMABAD,-,-,-,-,-,-,-,-,-,18.91368898,78.34351872,23-04-2026 02:00,0,0,0,0,0,0,0,0,0,0,0,0,0,0,0,0,0,0,0,0,0,0,0,0,0,0,0,0,0,0,0,0,0,0,0,0,0,0,0,0,0,0,,,,,,,,
510,510,Flood Flow Canal Head Regulator,Telangana SW,36,Telangana,516,NIZAMABAD,-,-,-,-,-,-,-,-,-,18.91368898,78.34351872,23-04-2026 03:00,0,0,0,0,0,0,0,0,0,0,0,0,0,0,0,0,0,0,0,0,0,0,0,0,0,0,0,0,0,0,0,0,0,0,0,0,0,0,0,0,0,0,,,,,,,,
511,511,Flood Flow Canal Head Regulator,Telangana SW,36,Telangana,516,NIZAMABAD,-,-,-,-,-,-,-,-,-,18.91368898,78.34351872,23-04-2026 04:00,0,0,0,0,0,0,0,0,0,0,0,0,0,0,0,0,0,0,0,0,0,0,0,0,0,0,0,0,0,0,0,0,0,0,0,0,0,0,0,0,0,0,,,,,,,,
512,512,Flood Flow Canal Head Regulator,Telangana SW,36,Telangana,516,NIZAMABAD,-,-,-,-,-,-,-,-,-,18.91368898,78.34351872,23-04-2026 06:00,0,0,0,0,0,0,0,0,0,0,0,0,0,0,0,0,0,0,0,0,0,0,0,0,0,0,0,0,0,0,0,0,0,0,0,0,0,0,0,0,0,0,,,,,,,,
513,513,Flood Flow Canal Head Regulator,Telangana SW,36,Telangana,516,NIZAMABAD,-,-,-,-,-,-,-,-,-,18.91368898,78.34351872,23-04-2026 07:00,0,0,0,0,0,0,0,0,0,0,0,0,0,0,0,0,0,0,0,0,0,0,0,0,0,0,0,0,0,0,0,0,0,0,0,0,0,0,0,0,0,0,,,,,,,,
514,514,Flood Flow Canal Head Regulator,Telangana SW,36,Telangana,516,NIZAMABAD,-,-,-,-,-,-,-,-,-,18.91368898,78.34351872,23-04-2026 08:00,0,0,0,0,0,0,0,0,0,0,0,0,0,0,0,0,0,0,0,0,0,0,0,0,0,0,0,0,0,0,0,0,0,0,0,0,0,0,0,0,0,0,,,,,,,,
515,515,Flood Flow Canal Head Regulator,Telangana SW,36,Telangana,516,NIZAMABAD,-,-,-,-,-,-,-,-,-,18.91368898,78.34351872,23-04-2026 09:00,0,0,0,0,0,0,0,0,0,0,0,0,0,0,0,0,0,0,0,0,0,0,0,0,0,0,0,0,0,0,0,0,0,0,0,0,0,0,0,0,0,0,,,,,,,,
516,516,Flood Flow Canal Head Regulator,Telangana SW,36,Telangana,516,NIZAMABAD,-,-,-,-,-,-,-,-,-,18.91368898,78.34351872,23-04-2026 10:00,0,0,0,0,0,0,0,0,0,0,0,0,0,0,0,0,0,0,0,0,0,0,0,0,0,0,0,0,0,0,0,0,0,0,0,0,0,0,0,0,0,0,,,,,,,,
517,517,Flood Flow Canal Head Regulator,Telangana SW,36,Telangana,516,NIZAMABAD,-,-,-,-,-,-,-,-,-,18.91368898,78.34351872,23-04-2026 12:00,0,0,0,0,0,0,0,0,0,0,0,0,0,0,0,0,0,0,0,0,0,0,0,0,0,0,0,0,0,0,0,0,0,0,0,0,0,0,0,0,0,0,,,,,,,,
518,518,Flood Flow Canal Head Regulator,Telangana SW,36,Telangana,516,NIZAMABAD,-,-,-,-,-,-,-,-,-,18.91368898,78.34351872,23-04-2026 13:00,0,0,0,0,0,0,0,0,0,0,0,0,0,0,0,0,0,0,0,0,0,0,0,0,0,0,0,0,0,0,0,0,0,0,0,0,0,0,0,0,0,0,,,,,,,,
519,519,Flood Flow Canal Head Regulator,Telangana SW,36,Telangana,516,NIZAMABAD,-,-,-,-,-,-,-,-,-,18.91368898,78.34351872,23-04-2026 14:00,0,0,0,0,0,0,0,0,0,0,0,0,0,0,0,0,0,0,0,0,0,0,0,0,0,0,0,0,0,0,0,0,0,0,0,0,0,0,0,0,0,0,,,,,,,,
520,520,Flood Flow Canal Head Regulator,Telangana SW,36,Telangana,516,NIZAMABAD,-,-,-,-,-,-,-,-,-,18.91368898,78.34351872,23-04-2026 15:00,0,0,0,0,0,0,0,0,0,0,0,0,0,0,0,0,0,0,0,0,0,0,0,0,0,0,0,0,0,0,0,0,0,0,0,0,0,0,0,0,0,0,,,,,,,,
521,521,Flood Flow Canal Head Regulator,Telangana SW,36,Telangana,516,NIZAMABAD,-,-,-,-,-,-,-,-,-,18.91368898,78.34351872,23-04-2026 17:00,0,0,0,0,0,0,0,0,0,0,0,0,0,0,0,0,0,0,0,0,0,0,0,0,0,0,0,0,0,0,0,0,0,0,0,0,0,0,0,0,0,0,,,,,,,,
522,522,Flood Flow Canal Head Regulator,Telangana SW,36,Telangana,516,NIZAMABAD,-,-,-,-,-,-,-,-,-,18.91368898,78.34351872,23-04-2026 18:00,0,0,0,0,0,0,0,0,0,0,0,0,0,0,0,0,0,0,0,0,0,0,0,0,0,0,0,0,0,0,0,0,0,0,0,0,0,0,0,0,0,0,,,,,,,,
523,523,Flood Flow Canal Head Regulator,Telangana SW,36,Telangana,516,NIZAMABAD,-,-,-,-,-,-,-,-,-,18.91368898,78.34351872,23-04-2026 19:00,0,0,0,0,0,0,0,0,0,0,0,0,0,0,0,0,0,0,0,0,0,0,0,0,0,0,0,0,0,0,0,0,0,0,0,0,0,0,0,0,0,0,,,,,,,,
524,524,Flood Flow Canal Head Regulator,Telangana SW,36,Telangana,516,NIZAMABAD,-,-,-,-,-,-,-,-,-,18.91368898,78.34351872,23-04-2026 20:00,0,0,0,0,0,0,0,0,0,0,0,0,0,0,0,0,0,0,0,0,0,0,0,0,0,0,0,0,0,0,0,0,0,0,0,0,0,0,0,0,0,0,,,,,,,,
525,525,Flood Flow Canal Head Regulator,Telangana SW,36,Telangana,516,NIZAMABAD,-,-,-,-,-,-,-,-,-,18.91368898,78.34351872,23-04-2026 22:00,0,0,0,0,0,0,0,0,0,0,0,0,0,0,0,0,0,0,0,0,0,0,0,0,0,0,0,0,0,0,0,0,0,0,0,0,0,0,0,0,0,0,,,,,,,,
526,526,Flood Flow Canal Head Regulator,Telangana SW,36,Telangana,516,NIZAMABAD,-,-,-,-,-,-,-,-,-,18.91368898,78.34351872,23-04-2026 23:00,0,0,0,0,0,0,0,0,0,0,0,0,0,0,0,0,0,0,0,0,0,0,0,0,0,0,0,0,0,0,0,0,0,0,0,0,0,0,0,0,0,0,,,,,,,,
527,527,Flood Flow Canal Head Regulator,Telangana SW,36,Telangana,516,NIZAMABAD,-,-,-,-,-,-,-,-,-,18.91368898,78.34351872,24-04-2026 00:00,0,0,0,0,0,0,0,0,0,0,0,0,0,0,0,0,0,0,0,0,0,0,0,0,0,0,0,0,0,0,0,0,0,0,0,0,0,0,0,0,0,0,,,,,,,,
528,528,Flood Flow Canal Head Regulator,Telangana SW,36,Telangana,516,NIZAMABAD,-,-,-,-,-,-,-,-,-,18.91368898,78.34351872,24-04-2026 01:00,0,0,0,0,0,0,0,0,0,0,0,0,0,0,0,0,0,0,0,0,0,0,0,0,0,0,0,0,0,0,0,0,0,0,0,0,0,0,0,0,0,0,,,,,,,,
529,529,Flood Flow Canal Head Regulator,Telangana SW,36,Telangana,516,NIZAMABAD,-,-,-,-,-,-,-,-,-,18.91368898,78.34351872,24-04-2026 02:00,0,0,0,0,0,0,0,0,0,0,0,0,0,0,0,0,0,0,0,0,0,0,0,0,0,0,0,0,0,0,0,0,0,0,0,0,0,0,0,0,0,0,,,,,,,,
530,530,Flood Flow Canal Head Regulator,Telangana SW,36,Telangana,516,NIZAMABAD,-,-,-,-,-,-,-,-,-,18.91368898,78.34351872,24-04-2026 04:00,0,0,0,0,0,0,0,0,0,0,0,0,0,0,0,0,0,0,0,0,0,0,0,0,0,0,0,0,0,0,0,0,0,0,0,0,0,0,0,0,0,0,,,,,,,,
531,531,Flood Flow Canal Head Regulator,Telangana SW,36,Telangana,516,NIZAMABAD,-,-,-,-,-,-,-,-,-,18.91368898,78.34351872,24-04-2026 05:00,0,0,0,0,0,0,0,0,0,0,0,0,0,0,0,0,0,0,0,0,0,0,0,0,0,0,0,0,0,0,0,0,0,0,0,0,0,0,0,0,0,0,,,,,,,,
532,532,Flood Flow Canal Head Regulator,Telangana SW,36,Telangana,516,NIZAMABAD,-,-,-,-,-,-,-,-,-,18.91368898,78.34351872,24-04-2026 06:00,0,0,0,0,0,0,0,0,0,0,0,0,0,0,0,0,0,0,0,0,0,0,0,0,0,0,0,0,0,0,0,0,0,0,0,0,0,0,0,0,0,0,,,,,,,,
533,533,Flood Flow Canal Head Regulator,Telangana SW,36,Telangana,516,NIZAMABAD,-,-,-,-,-,-,-,-,-,18.91368898,78.34351872,24-04-2026 07:00,0,0,0,0,0,0,0,0,0,0,0,0,0,0,0,0,0,0,0,0,0,0,0,0,0,0,0,0,0,0,0,0,0,0,0,0,0,0,0,0,0,0,,,,,,,,
534,534,Flood Flow Canal Head Regulator,Telangana SW,36,Telangana,516,NIZAMABAD,-,-,-,-,-,-,-,-,-,18.91368898,78.34351872,24-04-2026 09:00,0,0,0,0,0,0,0,0,0,0,0,0,0,0,0,0,0,0,0,0,0,0,0,0,0,0,0,0,0,0,0,0,0,0,0,0,0,0,0,0,0,0,,,,,,,,
535,535,Flood Flow Canal Head Regulator,Telangana SW,36,Telangana,516,NIZAMABAD,-,-,-,-,-,-,-,-,-,18.91368898,78.34351872,24-04-2026 10:00,0,0,0,0,0,0,0,0,0,0,0,0,0,0,0,0,0,0,0,0,0,0,0,0,0,0,0,0,0,0,0,0,0,0,0,0,0,0,0,0,0,0,,,,,,,,
536,536,Flood Flow Canal Head Regulator,Telangana SW,36,Telangana,516,NIZAMABAD,-,-,-,-,-,-,-,-,-,18.91368898,78.34351872,24-04-2026 11:00,0,0,0,0,0,0,0,0,0,0,0,0,0,0,0,0,0,0,0,0,0,0,0,0,0,0,0,0,0,0,0,0,0,0,0,0,0,0,0,0,0,0,,,,,,,,
537,537,Flood Flow Canal Head Regulator,Telangana SW,36,Telangana,516,NIZAMABAD,-,-,-,-,-,-,-,-,-,18.91368898,78.34351872,24-04-2026 12:00,0,0,0,0,0,0,0,0,0,0,0,0,0,0,0,0,0,0,0,0,0,0,0,0,0,0,0,0,0,0,0,0,0,0,0,0,0,0,0,0,0,0,,,,,,,,
538,538,Flood Flow Canal Head Regulator,Telangana SW,36,Telangana,516,NIZAMABAD,-,-,-,-,-,-,-,-,-,18.91368898,78.34351872,24-04-2026 14:00,0,0,0,0,0,0,0,0,0,0,0,0,0,0,0,0,0,0,0,0,0,0,0,0,0,0,0,0,0,0,0,0,0,0,0,0,0,0,0,0,0,0,,,,,,,,
539,539,Flood Flow Canal Head Regulator,Telangana SW,36,Telangana,516,NIZAMABAD,-,-,-,-,-,-,-,-,-,18.91368898,78.34351872,24-04-2026 15:00,0,0,0,0,0,0,0,0,0,0,0,0,0,0,0,0,0,0,0,0,0,0,0,0,0,0,0,0,0,0,0,0,0,0,0,0,0,0,0,0,0,0,,,,,,,,
540,540,Flood Flow Canal Head Regulator,Telangana SW,36,Telangana,516,NIZAMABAD,-,-,-,-,-,-,-,-,-,18.91368898,78.34351872,24-04-2026 16:00,0,0,0,0,0,0,0,0,0,0,0,0,0,0,0,0,0,0,0,0,0,0,0,0,0,0,0,0,0,0,0,0,0,0,0,0,0,0,0,0,0,0,,,,,,,,
541,541,Flood Flow Canal Head Regulator,Telangana SW,36,Telangana,516,NIZAMABAD,-,-,-,-,-,-,-,-,-,18.91368898,78.34351872,24-04-2026 17:00,0,0,0,0,0,0,0,0,0,0,0,0,0,0,0,0,0,0,0,0,0,0,0,0,0,0,0,0,0,0,0,0,0,0,0,0,0,0,0,0,0,0,,,,,,,,
542,542,Flood Flow Canal Head Regulator,Telangana SW,36,Telangana,516,NIZAMABAD,-,-,-,-,-,-,-,-,-,18.91368898,78.34351872,24-04-2026 19:00,0,0,0,0,0,0,0,0,0,0,0,0,0,0,0,0,0,0,0,0,0,0,0,0,0,0,0,0,0,0,0,0,0,0,0,0,0,0,0,0,0,0,,,,,,,,
543,543,Flood Flow Canal Head Regulator,Telangana SW,36,Telangana,516,NIZAMABAD,-,-,-,-,-,-,-,-,-,18.91368898,78.34351872,24-04-2026 20:00,0,0,0,0,0,0,0,0,0,0,0,0,0,0,0,0,0,0,0,0,0,0,0,0,0,0,0,0,0,0,0,0,0,0,0,0,0,0,0,0,0,0,,,,,,,,
544,544,Flood Flow Canal Head Regulator,Telangana SW,36,Telangana,516,NIZAMABAD,-,-,-,-,-,-,-,-,-,18.91368898,78.34351872,24-04-2026 21:00,0,0,0,0,0,0,0,0,0,0,0,0,0,0,0,0,0,0,0,0,0,0,0,0,0,0,0,0,0,0,0,0,0,0,0,0,0,0,0,0,0,0,,,,,,,,
545,545,Flood Flow Canal Head Regulator,Telangana SW,36,Telangana,516,NIZAMABAD,-,-,-,-,-,-,-,-,-,18.91368898,78.34351872,24-04-2026 22:00,0,0,0,0,0,0,0,0,0,0,0,0,0,0,0,0,0,0,0,0,0,0,0,0,0,0,0,0,0,0,0,0,0,0,0,0,0,0,0,0,0,0,,,,,,,,
546,546,Flood Flow Canal Head Regulator,Telangana SW,36,Telangana,516,NIZAMABAD,-,-,-,-,-,-,-,-,-,18.91368898,78.34351872,24-04-2026 23:00,0,0,0,0,0,0,0,0,0,0,0,0,0,0,0,0,0,0,0,0,0,0,0,0,0,0,0,0,0,0,0,0,0,0,0,0,0,0,0,0,0,0,,,,,,,,
547,547,Flood Flow Canal Head Regulator,Telangana SW,36,Telangana,516,NIZAMABAD,-,-,-,-,-,-,-,-,-,18.91368898,78.34351872,25-04-2026 01:00,0,0,0,0,0,0,0,0,0,0,0,0,0,0,0,0,0,0,0,0,0,0,0,0,0,0,0,0,0,0,0,0,0,0,0,0,0,0,0,0,0,0,,,,,,,,
548,548,Flood Flow Canal Head Regulator,Telangana SW,36,Telangana,516,NIZAMABAD,-,-,-,-,-,-,-,-,-,18.91368898,78.34351872,25-04-2026 02:00,0,0,0,0,0,0,0,0,0,0,0,0,0,0,0,0,0,0,0,0,0,0,0,0,0,0,0,0,0,0,0,0,0,0,0,0,0,0,0,0,0,0,,,,,,,,
549,549,Flood Flow Canal Head Regulator,Telangana SW,36,Telangana,516,NIZAMABAD,-,-,-,-,-,-,-,-,-,18.91368898,78.34351872,25-04-2026 03:00,0,0,0,0,0,0,0,0,0,0,0,0,0,0,0,0,0,0,0,0,0,0,0,0,0,0,0,0,0,0,0,0,0,0,0,0,0,0,0,0,0,0,,,,,,,,
550,550,Flood Flow Canal Head Regulator,Telangana SW,36,Telangana,516,NIZAMABAD,-,-,-,-,-,-,-,-,-,18.91368898,78.34351872,25-04-2026 04:00,0,0,0,0,0,0,0,0,0,0,0,0,0,0,0,0,0,0,0,0,0,0,0,0,0,0,0,0,0,0,0,0,0,0,0,0,0,0,0,0,0,0,,,,,,,,
551,551,Flood Flow Canal Head Regulator,Telangana SW,36,Telangana,516,NIZAMABAD,-,-,-,-,-,-,-,-,-,18.91368898,78.34351872,25-04-2026 06:00,0,0,0,0,0,0,0,0,0,0,0,0,0,0,0,0,0,0,0,0,0,0,0,0,0,0,0,0,0,0,0,0,0,0,0,0,0,0,0,0,0,0,,,,,,,,
552,552,Flood Flow Canal Head Regulator,Telangana SW,36,Telangana,516,NIZAMABAD,-,-,-,-,-,-,-,-,-,18.91368898,78.34351872,25-04-2026 07:00,0,0,0,0,0,0,0,0,0,0,0,0,0,0,0,0,0,0,0,0,0,0,0,0,0,0,0,0,0,0,0,0,0,0,0,0,0,0,0,0,0,0,,,,,,,,
553,553,Flood Flow Canal Head Regulator,Telangana SW,36,Telangana,516,NIZAMABAD,-,-,-,-,-,-,-,-,-,18.91368898,78.34351872,25-04-2026 08:00,0,0,0,0,0,0,0,0,0,0,0,0,0,0,0,0,0,0,0,0,0,0,0,0,0,0,0,0,0,0,0,0,0,0,0,0,0,0,0,0,0,0,,,,,,,,
554,554,Flood Flow Canal Head Regulator,Telangana SW,36,Telangana,516,NIZAMABAD,-,-,-,-,-,-,-,-,-,18.91368898,78.34351872,25-04-2026 09:00,0,0,0,0,0,0,0,0,0,0,0,0,0,0,0,0,0,0,0,0,0,0,0,0,0,0,0,0,0,0,0,0,0,0,0,0,0,0,0,0,0,0,,,,,,,,
555,555,Flood Flow Canal Head Regulator,Telangana SW,36,Telangana,516,NIZAMABAD,-,-,-,-,-,-,-,-,-,18.91368898,78.34351872,25-04-2026 11:00,0,0,0,0,0,0,0,0,0,0,0,0,0,0,0,0,0,0,0,0,0,0,0,0,0,0,0,0,0,0,0,0,0,0,0,0,0,0,0,0,0,0,,,,,,,,
556,556,Flood Flow Canal Head Regulator,Telangana SW,36,Telangana,516,NIZAMABAD,-,-,-,-,-,-,-,-,-,18.91368898,78.34351872,25-04-2026 12:00,0,0,0,0,0,0,0,0,0,0,0,0,0,0,0,0,0,0,0,0,0,0,0,0,0,0,0,0,0,0,0,0,0,0,0,0,0,0,0,0,0,0,,,,,,,,
557,557,Flood Flow Canal Head Regulator,Telangana SW,36,Telangana,516,NIZAMABAD,-,-,-,-,-,-,-,-,-,18.91368898,78.34351872,25-04-2026 13:00,0,0,0,0,0,0,0,0,0,0,0,0,0,0,0,0,0,0,0,0,0,0,0,0,0,0,0,0,0,0,0,0,0,0,0,0,0,0,0,0,0,0,,,,,,,,
558,558,Flood Flow Canal Head Regulator,Telangana SW,36,Telangana,516,NIZAMABAD,-,-,-,-,-,-,-,-,-,18.91368898,78.34351872,25-04-2026 14:00,0,0,0,0,0,0,0,0,0,0,0,0,0,0,0,0,0,0,0,0,0,0,0,0,0,0,0,0,0,0,0,0,0,0,0,0,0,0,0,0,0,0,,,,,,,,
559,559,Flood Flow Canal Head Regulator,Telangana SW,36,Telangana,516,NIZAMABAD,-,-,-,-,-,-,-,-,-,18.91368898,78.34351872,25-04-2026 15:00,0,0,0,0,0,0,0,0,0,0,0,0,0,0,0,0,0,0,0,0,0,0,0,0,0,0,0,0,0,0,0,0,0,0,0,0,0,0,0,0,0,0,,,,,,,,
560,560,Flood Flow Canal Head Regulator,Telangana SW,36,Telangana,516,NIZAMABAD,-,-,-,-,-,-,-,-,-,18.91368898,78.34351872,25-04-2026 17:00,0,0,0,0,0,0,0,0,0,0,0,0,0,0,0,0,0,0,0,0,0,0,0,0,0,0,0,0,0,0,0,0,0,0,0,0,0,0,0,0,0,0,,,,,,,,
561,561,Flood Flow Canal Head Regulator,Telangana SW,36,Telangana,516,NIZAMABAD,-,-,-,-,-,-,-,-,-,18.91368898,78.34351872,25-04-2026 18:00,0,0,0,0,0,0,0,0,0,0,0,0,0,0,0,0,0,0,0,0,0,0,0,0,0,0,0,0,0,0,0,0,0,0,0,0,0,0,0,0,0,0,,,,,,,,
562,562,Flood Flow Canal Head Regulator,Telangana SW,36,Telangana,516,NIZAMABAD,-,-,-,-,-,-,-,-,-,18.91368898,78.34351872,25-04-2026 19:00,0,0,0,0,0,0,0,0,0,0,0,0,0,0,0,0,0,0,0,0,0,0,0,0,0,0,0,0,0,0,0,0,0,0,0,0,0,0,0,0,0,0,,,,,,,,
563,563,Flood Flow Canal Head Regulator,Telangana SW,36,Telangana,516,NIZAMABAD,-,-,-,-,-,-,-,-,-,18.91368898,78.34351872,25-04-2026 20:00,0,0,0,0,0,0,0,0,0,0,0,0,0,0,0,0,0,0,0,0,0,0,0,0,0,0,0,0,0,0,0,0,0,0,0,0,0,0,0,0,0,0,,,,,,,,
564,564,Flood Flow Canal Head Regulator,Telangana SW,36,Telangana,516,NIZAMABAD,-,-,-,-,-,-,-,-,-,18.91368898,78.34351872,25-04-2026 22:00,0,0,0,0,0,0,0,0,0,0,0,0,0,0,0,0,0,0,0,0,0,0,0,0,0,0,0,0,0,0,0,0,0,0,0,0,0,0,0,0,0,0,,,,,,,,
565,565,Flood Flow Canal Head Regulator,Telangana SW,36,Telangana,516,NIZAMABAD,-,-,-,-,-,-,-,-,-,18.91368898,78.34351872,25-04-2026 23:00,0,0,0,0,0,0,0,0,0,0,0,0,0,0,0,0,0,0,0,0,0,0,0,0,0,0,0,0,0,0,0,0,0,0,0,0,0,0,0,0,0,0,,,,,,,,
566,566,Flood Flow Canal Head Regulator,Telangana SW,36,Telangana,516,NIZAMABAD,-,-,-,-,-,-,-,-,-,18.91368898,78.34351872,26-04-2026 00:00,0,0,0,0,0,0,0,0,0,0,0,0,0,0,0,0,0,0,0,0,0,0,0,0,0,0,0,0,0,0,0,0,0,0,0,0,0,0,0,0,0,0,,,,,,,,
567,567,Flood Flow Canal Head Regulator,Telangana SW,36,Telangana,516,NIZAMABAD,-,-,-,-,-,-,-,-,-,18.91368898,78.34351872,26-04-2026 01:00,0,0,0,0,0,0,0,0,0,0,0,0,0,0,0,0,0,0,0,0,0,0,0,0,0,0,0,0,0,0,0,0,0,0,0,0,0,0,0,0,0,0,,,,,,,,
568,568,Flood Flow Canal Head Regulator,Telangana SW,36,Telangana,516,NIZAMABAD,-,-,-,-,-,-,-,-,-,18.91368898,78.34351872,26-04-2026 03:00,0,0,0,0,0,0,0,0,0,0,0,0,0,0,0,0,0,0,0,0,0,0,0,0,0,0,0,0,0,0,0,0,0,0,0,0,0,0,0,0,0,0,,,,,,,,
569,569,Flood Flow Canal Head Regulator,Telangana SW,36,Telangana,516,NIZAMABAD,-,-,-,-,-,-,-,-,-,18.91368898,78.34351872,26-04-2026 04:00,0,0,0,0,0,0,0,0,0,0,0,0,0,0,0,0,0,0,0,0,0,0,0,0,0,0,0,0,0,0,0,0,0,0,0,0,0,0,0,0,0,0,,,,,,,,
570,570,Flood Flow Canal Head Regulator,Telangana SW,36,Telangana,516,NIZAMABAD,-,-,-,-,-,-,-,-,-,18.91368898,78.34351872,26-04-2026 05:00,0,0,0,0,0,0,0,0,0,0,0,0,0,0,0,0,0,0,0,0,0,0,0,0,0,0,0,0,0,0,0,0,0,0,0,0,0,0,0,0,0,0,,,,,,,,
571,571,Flood Flow Canal Head Regulator,Telangana SW,36,Telangana,516,NIZAMABAD,-,-,-,-,-,-,-,-,-,18.91368898,78.34351872,26-04-2026 06:00,0,0,0,0,0,0,0,0,0,0,0,0,0,0,0,0,0,0,0,0,0,0,0,0,0,0,0,0,0,0,0,0,0,0,0,0,0,0,0,0,0,0,,,,,,,,
572,572,Flood Flow Canal Head Regulator,Telangana SW,36,Telangana,516,NIZAMABAD,-,-,-,-,-,-,-,-,-,18.91368898,78.34351872,26-04-2026 07:00,0,0,0,0,0,0,0,0,0,0,0,0,0,0,0,0,0,0,0,0,0,0,0,0,0,0,0,0,0,0,0,0,0,0,0,0,0,0,0,0,0,0,,,,,,,,
573,573,Flood Flow Canal Head Regulator,Telangana SW,36,Telangana,516,NIZAMABAD,-,-,-,-,-,-,-,-,-,18.91368898,78.34351872,26-04-2026 09:00,0,0,0,0,0,0,0,0,0,0,0,0,0,0,0,0,0,0,0,0,0,0,0,0,0,0,0,0,0,0,0,0,0,0,0,0,0,0,0,0,0,0,,,,,,,,
574,574,Flood Flow Canal Head Regulator,Telangana SW,36,Telangana,516,NIZAMABAD,-,-,-,-,-,-,-,-,-,18.91368898,78.34351872,26-04-2026 10:00,0,0,0,0,0,0,0,0,0,0,0,0,0,0,0,0,0,0,0,0,0,0,0,0,0,0,0,0,0,0,0,0,0,0,0,0,0,0,0,0,0,0,,,,,,,,
575,575,Flood Flow Canal Head Regulator,Telangana SW,36,Telangana,516,NIZAMABAD,-,-,-,-,-,-,-,-,-,18.91368898,78.34351872,26-04-2026 11:00,0,0,0,0,0,0,0,0,0,0,0,0,0,0,0,0,0,0,0,0,0,0,0,0,0,0,0,0,0,0,0,0,0,0,0,0,0,0,0,0,0,0,,,,,,,,
576,576,Flood Flow Canal Head Regulator,Telangana SW,36,Telangana,516,NIZAMABAD,-,-,-,-,-,-,-,-,-,18.91368898,78.34351872,26-04-2026 12:00,0,0,0,0,0,0,0,0,0,0,0,0,0,0,0,0,0,0,0,0,0,0,0,0,0,0,0,0,0,0,0,0,0,0,0,0,0,0,0,0,0,0,,,,,,,,
577,577,Flood Flow Canal Head Regulator,Telangana SW,36,Telangana,516,NIZAMABAD,-,-,-,-,-,-,-,-,-,18.91368898,78.34351872,26-04-2026 14:00,0,0,0,0,0,0,0,0,0,0,0,0,0,0,0,0,0,0,0,0,0,0,0,0,0,0,0,0,0,0,0,0,0,0,0,0,0,0,0,0,0,0,,,,,,,,
578,578,Flood Flow Canal Head Regulator,Telangana SW,36,Telangana,516,NIZAMABAD,-,-,-,-,-,-,-,-,-,18.91368898,78.34351872,26-04-2026 15:00,0,0,0,0,0,0,0,0,0,0,0,0,0,0,0,0,0,0,0,0,0,0,0,0,0,0,0,0,0,0,0,0,0,0,0,0,0,0,0,0,0,0,,,,,,,,
579,579,Flood Flow Canal Head Regulator,Telangana SW,36,Telangana,516,NIZAMABAD,-,-,-,-,-,-,-,-,-,18.91368898,78.34351872,26-04-2026 16:00,0,0,0,0,0,0,0,0,0,0,0,0,0,0,0,0,0,0,0,0,0,0,0,0,0,0,0,0,0,0,0,0,0,0,0,0,0,0,0,0,0,0,,,,,,,,
580,580,Flood Flow Canal Head Regulator,Telangana SW,36,Telangana,516,NIZAMABAD,-,-,-,-,-,-,-,-,-,18.91368898,78.34351872,26-04-2026 18:00,0,0,0,0,0,0,0,0,0,0,0,0,0,0,0,0,0,0,0,0,0,0,0,0,0,0,0,0,0,0,0,0,0,0,0,0,0,0,0,0,0,0,,,,,,,,
581,581,Flood Flow Canal Head Regulator,Telangana SW,36,Telangana,516,NIZAMABAD,-,-,-,-,-,-,-,-,-,18.91368898,78.34351872,26-04-2026 19:00,0,0,0,0,0,0,0,0,0,0,0,0,0,0,0,0,0,0,0,0,0,0,0,0,0,0,0,0,0,0,0,0,0,0,0,0,0,0,0,0,0,0,,,,,,,,
582,582,Flood Flow Canal Head Regulator,Telangana SW,36,Telangana,516,NIZAMABAD,-,-,-,-,-,-,-,-,-,18.91368898,78.34351872,26-04-2026 20:00,0,0,0,0,0,0,0,0,0,0,0,0,0,0,0,0,0,0,0,0,0,0,0,0,0,0,0,0,0,0,0,0,0,0,0,0,0,0,0,0,0,0,,,,,,,,
583,583,Flood Flow Canal Head Regulator,Telangana SW,36,Telangana,516,NIZAMABAD,-,-,-,-,-,-,-,-,-,18.91368898,78.34351872,26-04-2026 21:00,0,0,0,0,0,0,0,0,0,0,0,0,0,0,0,0,0,0,0,0,0,0,0,0,0,0,0,0,0,0,0,0,0,0,0,0,0,0,0,0,0,0,,,,,,,,
584,584,Flood Flow Canal Head Regulator,Telangana SW,36,Telangana,516,NIZAMABAD,-,-,-,-,-,-,-,-,-,18.91368898,78.34351872,26-04-2026 23:00,0,0,0,0,0,0,0,0,0,0,0,0,0,0,0,0,0,0,0,0,0,0,0,0,0,0,0,0,0,0,0,0,0,0,0,0,0,0,0,0,0,0,,,,,,,,
585,585,Flood Flow Canal Head Regulator,Telangana SW,36,Telangana,516,NIZAMABAD,-,-,-,-,-,-,-,-,-,18.91368898,78.34351872,27-04-2026 00:00,0,0,0,0,0,0,0,0,0,0,0,0,0,0,0,0,0,0,0,0,0,0,0,0,0,0,0,0,0,0,0,0,0,0,0,0,0,0,0,0,0,0,,,,,,,,
586,586,Flood Flow Canal Head Regulator,Telangana SW,36,Telangana,516,NIZAMABAD,-,-,-,-,-,-,-,-,-,18.91368898,78.34351872,27-04-2026 01:00,0,0,0,0,0,0,0,0,0,0,0,0,0,0,0,0,0,0,0,0,0,0,0,0,0,0,0,0,0,0,0,0,0,0,0,0,0,0,0,0,0,0,,,,,,,,
587,587,Flood Flow Canal Head Regulator,Telangana SW,36,Telangana,516,NIZAMABAD,-,-,-,-,-,-,-,-,-,18.91368898,78.34351872,27-04-2026 03:00,0,0,0,0,0,0,0,0,0,0,0,0,0,0,0,0,0,0,0,0,0,0,0,0,0,0,0,0,0,0,0,0,0,0,0,0,0,0,0,0,0,0,,,,,,,,
588,588,Flood Flow Canal Head Regulator,Telangana SW,36,Telangana,516,NIZAMABAD,-,-,-,-,-,-,-,-,-,18.91368898,78.34351872,27-04-2026 04:00,0,0,0,0,0,0,0,0,0,0,0,0,0,0,0,0,0,0,0,0,0,0,0,0,0,0,0,0,0,0,0,0,0,0,0,0,0,0,0,0,0,0,,,,,,,,
589,589,Flood Flow Canal Head Regulator,Telangana SW,36,Telangana,516,NIZAMABAD,-,-,-,-,-,-,-,-,-,18.91368898,78.34351872,27-04-2026 05:00,0,0,0,0,0,0,0,0,0,0,0,0,0,0,0,0,0,0,0,0,0,0,0,0,0,0,0,0,0,0,0,0,0,0,0,0,0,0,0,0,0,0,,,,,,,,
590,590,Flood Flow Canal Head Regulator,Telangana SW,36,Telangana,516,NIZAMABAD,-,-,-,-,-,-,-,-,-,18.91368898,78.34351872,27-04-2026 07:00,0,0,0,0,0,0,0,0,0,0,0,0,0,0,0,0,0,0,0,0,0,0,0,0,0,0,0,0,0,0,0,0,0,0,0,0,0,0,0,0,0,0,,,,,,,,
591,591,Flood Flow Canal Head Regulator,Telangana SW,36,Telangana,516,NIZAMABAD,-,-,-,-,-,-,-,-,-,18.91368898,78.34351872,27-04-2026 08:00,0,0,0,0,0,0,0,0,0,0,0,0,0,0,0,0,0,0,0,0,0,0,0,0,0,0,0,0,0,0,0,0,0,0,0,0,0,0,0,0,0,0,,,,,,,,
592,592,Flood Flow Canal Head Regulator,Telangana SW,36,Telangana,516,NIZAMABAD,-,-,-,-,-,-,-,-,-,18.91368898,78.34351872,27-04-2026 09:00,0,0,0,0,0,0,0,0,0,0,0,0,0,0,0,0,0,0,0,0,0,0,0,0,0,0,0,0,0,0,0,0,0,0,0,0,0,0,0,0,0,0,,,,,,,,
593,593,Flood Flow Canal Head Regulator,Telangana SW,36,Telangana,516,NIZAMABAD,-,-,-,-,-,-,-,-,-,18.91368898,78.34351872,27-04-2026 10:00,0,0,0,0,0,0,0,0,0,0,0,0,0,0,0,0,0,0,0,0,0,0,0,0,0,0,0,0,0,0,0,0,0,0,0,0,0,0,0,0,0,0,,,,,,,,
594,594,Flood Flow Canal Head Regulator,Telangana SW,36,Telangana,516,NIZAMABAD,-,-,-,-,-,-,-,-,-,18.91368898,78.34351872,27-04-2026 12:00,0,0,0,0,0,0,0,0,0,0,0,0,0,0,0,0,0,0,0,0,0,0,0,0,0,0,0,0,0,0,0,0,0,0,0,0,0,0,0,0,0,0,,,,,,,,
595,595,Flood Flow Canal Head Regulator,Telangana SW,36,Telangana,516,NIZAMABAD,-,-,-,-,-,-,-,-,-,18.91368898,78.34351872,27-04-2026 13:00,0,0,0,0,0,0,0,0,0,0,0,0,0,0,0,0,0,0,0,0,0,0,0,0,0,0,0,0,0,0,0,0,0,0,0,0,0,0,0,0,0,0,,,,,,,,
596,596,Flood Flow Canal Head Regulator,Telangana SW,36,Telangana,516,NIZAMABAD,-,-,-,-,-,-,-,-,-,18.91368898,78.34351872,27-04-2026 14:00,0,0,0,0,0,0,0,0,0,0,0,0,0,0,0,0,0,0,0,0,0,0,0,0,0,0,0,0,0,0,0,0,0,0,0,0,0,0,0,0,0,0,,,,,,,,
597,597,Flood Flow Canal Head Regulator,Telangana SW,36,Telangana,516,NIZAMABAD,-,-,-,-,-,-,-,-,-,18.91368898,78.34351872,27-04-2026 16:00,0,0,0,0,0,0,0,0,0,0,0,0,0,0,0,0,0,0,0,0,0,0,0,0,0,0,0,0,0,0,0,0,0,0,0,0,0,0,0,0,0,0,,,,,,,,
598,598,Flood Flow Canal Head Regulator,Telangana SW,36,Telangana,516,NIZAMABAD,-,-,-,-,-,-,-,-,-,18.91368898,78.34351872,27-04-2026 17:00,0,0,0,0,0,0,0,0,0,0,0,0,0,0,0,0,0,0,0,0,0,0,0,0,0,0,0,0,0,0,0,0,0,0,0,0,0,0,0,0,0,0,,,,,,,,
599,599,Flood Flow Canal Head Regulator,Telangana SW,36,Telangana,516,NIZAMABAD,-,-,-,-,-,-,-,-,-,18.91368898,78.34351872,27-04-2026 18:00,0,0,0,0,0,0,0,0,0,0,0,0,0,0,0,0,0,0,0,0,0,0,0,0,0,0,0,0,0,0,0,0,0,0,0,0,0,0,0,0,0,0,,,,,,,,
600,600,Flood Flow Canal Head Regulator,Telangana SW,36,Telangana,516,NIZAMABAD,-,-,-,-,-,-,-,-,-,18.91368898,78.34351872,27-04-2026 19:00,0,0,0,0,0,0,0,0,0,0,0,0,0,0,0,0,0,0,0,0,0,0,0,0,0,0,0,0,0,0,0,0,0,0,0,0,0,0,0,0,0,0,,,,,,,,
601,601,Flood Flow Canal Head Regulator,Telangana SW,36,Telangana,516,NIZAMABAD,-,-,-,-,-,-,-,-,-,18.91368898,78.34351872,27-04-2026 20:00,0,0,0,0,0,0,0,0,0,0,0,0,0,0,0,0,0,0,0,0,0,0,0,0,0,0,0,0,0,0,0,0,0,0,0,0,0,0,0,0,0,0,,,,,,,,
602,602,Flood Flow Canal Head Regulator,Telangana SW,36,Telangana,516,NIZAMABAD,-,-,-,-,-,-,-,-,-,18.91368898,78.34351872,27-04-2026 22:00,0,0,0,0,0,0,0,0,0,0,0,0,0,0,0,0,0,0,0,0,0,0,0,0,0,0,0,0,0,0,0,0,0,0,0,0,0,0,0,0,0,0,,,,,,,,
603,603,Flood Flow Canal Head Regulator,Telangana SW,36,Telangana,516,NIZAMABAD,-,-,-,-,-,-,-,-,-,18.91368898,78.34351872,27-04-2026 23:00,0,0,0,0,0,0,0,0,0,0,0,0,0,0,0,0,0,0,0,0,0,0,0,0,0,0,0,0,0,0,0,0,0,0,0,0,0,0,0,0,0,0,,,,,,,,
604,604,Flood Flow Canal Head Regulator,Telangana SW,36,Telangana,516,NIZAMABAD,-,-,-,-,-,-,-,-,-,18.91368898,78.34351872,28-04-2026 00:00,0,0,0,0,0,0,0,0,0,0,0,0,0,0,0,0,0,0,0,0,0,0,0,0,0,0,0,0,0,0,0,0,0,0,0,0,0,0,0,0,0,0,,,,,,,,
605,605,Flood Flow Canal Head Regulator,Telangana SW,36,Telangana,516,NIZAMABAD,-,-,-,-,-,-,-,-,-,18.91368898,78.34351872,28-04-2026 01:00,0,0,0,0,0,0,0,0,0,0,0,0,0,0,0,0,0,0,0,0,0,0,0,0,0,0,0,0,0,0,0,0,0,0,0,0,0,0,0,0,0,0,,,,,,,,
606,606,Flood Flow Canal Head Regulator,Telangana SW,36,Telangana,516,NIZAMABAD,-,-,-,-,-,-,-,-,-,18.91368898,78.34351872,28-04-2026 03:00,0,0,0,0,0,0,0,0,0,0,0,0,0,0,0,0,0,0,0,0,0,0,0,0,0,0,0,0,0,0,0,0,0,0,0,0,0,0,0,0,0,0,,,,,,,,
607,607,Flood Flow Canal Head Regulator,Telangana SW,36,Telangana,516,NIZAMABAD,-,-,-,-,-,-,-,-,-,18.91368898,78.34351872,28-04-2026 04:00,0,0,0,0,0,0,0,0,0,0,0,0,0,0,0,0,0,0,0,0,0,0,0,0,0,0,0,0,0,0,0,0,0,0,0,0,0,0,0,0,0,0,,,,,,,,
608,608,Flood Flow Canal Head Regulator,Telangana SW,36,Telangana,516,NIZAMABAD,-,-,-,-,-,-,-,-,-,18.91368898,78.34351872,28-04-2026 05:00,0,0,0,0,0,0,0,0,0,0,0,0,0,0,0,0,0,0,0,0,0,0,0,0,0,0,0,0,0,0,0,0,0,0,0,0,0,0,0,0,0,0,,,,,,,,
609,609,Flood Flow Canal Head Regulator,Telangana SW,36,Telangana,516,NIZAMABAD,-,-,-,-,-,-,-,-,-,18.91368898,78.34351872,28-04-2026 06:00,0,0,0,0,0,0,0,0,0,0,0,0,0,0,0,0,0,0,0,0,0,0,0,0,0,0,0,0,0,0,0,0,0,0,0,0,0,0,0,0,0,0,,,,,,,,
610,610,Flood Flow Canal Head Regulator,Telangana SW,36,Telangana,516,NIZAMABAD,-,-,-,-,-,-,-,-,-,18.91368898,78.34351872,28-04-2026 08:00,0,0,0,0,0,0,0,0,0,0,0,0,0,0,0,0,0,0,0,0,0,0,0,0,0,0,0,0,0,0,0,0,0,0,0,0,0,0,0,0,0,0,,,,,,,,
611,611,Flood Flow Canal Head Regulator,Telangana SW,36,Telangana,516,NIZAMABAD,-,-,-,-,-,-,-,-,-,18.91368898,78.34351872,28-04-2026 09:00,0,0,0,0,0,0,0,0,0,0,0,0,0,0,0,0,0,0,0,0,0,0,0,0,0,0,0,0,0,0,0,0,0,0,0,0,0,0,0,0,0,0,,,,,,,,
612,612,Flood Flow Canal Head Regulator,Telangana SW,36,Telangana,516,NIZAMABAD,-,-,-,-,-,-,-,-,-,18.91368898,78.34351872,28-04-2026 10:00,0,0,0,0,0,0,0,0,0,0,0,0,0,0,0,0,0,0,0,0,0,0,0,0,0,0,0,0,0,0,0,0,0,0,0,0,0,0,0,0,0,0,,,,,,,,
613,613,Flood Flow Canal Head Regulator,Telangana SW,36,Telangana,516,NIZAMABAD,-,-,-,-,-,-,-,-,-,18.91368898,78.34351872,28-04-2026 11:00,0,0,0,0,0,0,0,0,0,0,0,0,0,0,0,0,0,0,0,0,0,0,0,0,0,0,0,0,0,0,0,0,0,0,0,0,0,0,0,0,0,0,,,,,,,,
614,614,Flood Flow Canal Head Regulator,Telangana SW,36,Telangana,516,NIZAMABAD,-,-,-,-,-,-,-,-,-,18.91368898,78.34351872,28-04-2026 12:00,0,0,0,0,0,0,0,0,0,0,0,0,0,0,0,0,0,0,0,0,0,0,0,0,0,0,0,0,0,0,0,0,0,0,0,0,0,0,0,0,0,0,,,,,,,,
615,615,Flood Flow Canal Head Regulator,Telangana SW,36,Telangana,516,NIZAMABAD,-,-,-,-,-,-,-,-,-,18.91368898,78.34351872,28-04-2026 15:00,0,0,0,0,0,0,0,0,0,0,0,0,0,0,0,0,0,0,0,0,0,0,0,0,0,0,0,0,0,0,0,0,0,0,0,0,0,0,0,0,0,0,,,,,,,,
616,616,Flood Flow Canal Head Regulator,Telangana SW,36,Telangana,516,NIZAMABAD,-,-,-,-,-,-,-,-,-,18.91368898,78.34351872,28-04-2026 16:00,0,0,0,0,0,0,0,0,0,0,0,0,0,0,0,0,0,0,0,0,0,0,0,0,0,0,0,0,0,0,0,0,0,0,0,0,0,0,0,0,0,0,,,,,,,,
617,617,Flood Flow Canal Head Regulator,Telangana SW,36,Telangana,516,NIZAMABAD,-,-,-,-,-,-,-,-,-,18.91368898,78.34351872,28-04-2026 17:00,0,0,0,0,0,0,0,0,0,0,0,0,0,0,0,0,0,0,0,0,0,0,0,0,0,0,0,0,0,0,0,0,0,0,0,0,0,0,0,0,0,0,,,,,,,,
618,618,Flood Flow Canal Head Regulator,Telangana SW,36,Telangana,516,NIZAMABAD,-,-,-,-,-,-,-,-,-,18.91368898,78.34351872,28-04-2026 19:00,0,0,0,0,0,0,0,0,0,0,0,0,0,0,0,0,0,0,0,0,0,0,0,0,0,0,0,0,0,0,0,0,0,0,0,0,0,0,0,0,0,0,,,,,,,,
619,619,Flood Flow Canal Head Regulator,Telangana SW,36,Telangana,516,NIZAMABAD,-,-,-,-,-,-,-,-,-,18.91368898,78.34351872,28-04-2026 20:00,0,0,0,0,0,0,0,0,0,0,0,0,0,0,0,0,0,0,0,0,0,0,0,0,0,0,0,0,0,0,0,0,0,0,0,0,0,0,0,0,0,0,,,,,,,,
620,620,Flood Flow Canal Head Regulator,Telangana SW,36,Telangana,516,NIZAMABAD,-,-,-,-,-,-,-,-,-,18.91368898,78.34351872,28-04-2026 21:00,0,0,0,0,0,0,0,0,0,0,0,0,0,0,0,0,0,0,0,0,0,0,0,0,0,0,0,0,0,0,0,0,0,0,0,0,0,0,0,0,0,0,,,,,,,,
621,621,Flood Flow Canal Head Regulator,Telangana SW,36,Telangana,516,NIZAMABAD,-,-,-,-,-,-,-,-,-,18.91368898,78.34351872,28-04-2026 22:00,0,0,0,0,0,0,0,0,0,0,0,0,0,0,0,0,0,0,0,0,0,0,0,0,0,0,0,0,0,0,0,0,0,0,0,0,0,0,0,0,0,0,,,,,,,,
622,622,Flood Flow Canal Head Regulator,Telangana SW,36,Telangana,516,NIZAMABAD,-,-,-,-,-,-,-,-,-,18.91368898,78.34351872,29-04-2026 00:00,0,0,0,0,0,0,0,0,0,0,0,0,0,0,0,0,0,0,0,0,0,0,0,0,0,0,0,0,0,0,0,0,0,0,0,0,0,0,0,0,0,0,,,,,,,,
623,623,Flood Flow Canal Head Regulator,Telangana SW,36,Telangana,516,NIZAMABAD,-,-,-,-,-,-,-,-,-,18.91368898,78.34351872,29-04-2026 01:00,0,0,0,0,0,0,0,0,0,0,0,0,0,0,0,0,0,0,0,0,0,0,0,0,0,0,0,0,0,0,0,0,0,0,0,0,0,0,0,0,0,0,,,,,,,,
624,624,Flood Flow Canal Head Regulator,Telangana SW,36,Telangana,516,NIZAMABAD,-,-,-,-,-,-,-,-,-,18.91368898,78.34351872,29-04-2026 02:00,0,0,0,0,0,0,0,0,0,0,0,0,0,0,0,0,0,0,0,0,0,0,0,0,0,0,0,0,0,0,0,0,0,0,0,0,0,0,0,0,0,0,,,,,,,,
625,625,Flood Flow Canal Head Regulator,Telangana SW,36,Telangana,516,NIZAMABAD,-,-,-,-,-,-,-,-,-,18.91368898,78.34351872,29-04-2026 03:00,0,0,0,0,0,0,0,0,0,0,0,0,0,0,0,0,0,0,0,0,0,0,0,0,0,0,0,0,0,0,0,0,0,0,0,0,0,0,0,0,0,0,,,,,,,,
626,626,Flood Flow Canal Head Regulator,Telangana SW,36,Telangana,516,NIZAMABAD,-,-,-,-,-,-,-,-,-,18.91368898,78.34351872,29-04-2026 04:00,0,0,0,0,0,0,0,0,0,0,0,0,0,0,0,0,0,0,0,0,0,0,0,0,0,0,0,0,0,0,0,0,0,0,0,0,0,0,0,0,0,0,,,,,,,,
627,627,Flood Flow Canal Head Regulator,Telangana SW,36,Telangana,516,NIZAMABAD,-,-,-,-,-,-,-,-,-,18.91368898,78.34351872,29-04-2026 06:00,0,0,0,0,0,0,0,0,0,0,0,0,0,0,0,0,0,0,0,0,0,0,0,0,0,0,0,0,0,0,0,0,0,0,0,0,0,0,0,0,0,0,,,,,,,,
628,628,Flood Flow Canal Head Regulator,Telangana SW,36,Telangana,516,NIZAMABAD,-,-,-,-,-,-,-,-,-,18.91368898,78.34351872,29-04-2026 07:00,0,0,0,0,0,0,0,0,0,0,0,0,0,0,0,0,0,0,0,0,0,0,0,0,0,0,0,0,0,0,0,0,0,0,0,0,0,0,0,0,0,0,,,,,,,,
629,629,Flood Flow Canal Head Regulator,Telangana SW,36,Telangana,516,NIZAMABAD,-,-,-,-,-,-,-,-,-,18.91368898,78.34351872,29-04-2026 08:00,0,0,0,0,0,0,0,0,0,0,0,0,0,0,0,0,0,0,0,0,0,0,0,0,0,0,0,0,0,0,0,0,0,0,0,0,0,0,0,0,0,0,,,,,,,,
630,630,Flood Flow Canal Head Regulator,Telangana SW,36,Telangana,516,NIZAMABAD,-,-,-,-,-,-,-,-,-,18.91368898,78.34351872,29-04-2026 09:00,0,0,0,0,0,0,0,0,0,0,0,0,0,0,0,0,0,0,0,0,0,0,0,0,0,0,0,0,0,0,0,0,0,0,0,0,0,0,0,0,0,0,,,,,,,,
631,631,Flood Flow Canal Head Regulator,Telangana SW,36,Telangana,516,NIZAMABAD,-,-,-,-,-,-,-,-,-,18.91368898,78.34351872,29-04-2026 11:00,0,0,0,0,0,0,0,0,0,0,0,0,0,0,0,0,0,0,0,0,0,0,0,0,0,0,0,0,0,0,0,0,0,0,0,0,0,0,0,0,0,0,,,,,,,,
632,632,Flood Flow Canal Head Regulator,Telangana SW,36,Telangana,516,NIZAMABAD,-,-,-,-,-,-,-,-,-,18.91368898,78.34351872,29-04-2026 12:00,0,0,0,0,0,0,0,0,0,0,0,0,0,0,0,0,0,0,0,0,0,0,0,0,0,0,0,0,0,0,0,0,0,0,0,0,0,0,0,0,0,0,,,,,,,,
633,633,Flood Flow Canal Head Regulator,Telangana SW,36,Telangana,516,NIZAMABAD,-,-,-,-,-,-,-,-,-,18.91368898,78.34351872,29-04-2026 13:00,0,0,0,0,0,0,0,0,0,0,0,0,0,0,0,0,0,0,0,0,0,0,0,0,0,0,0,0,0,0,0,0,0,0,0,0,0,0,0,0,0,0,,,,,,,,
634,634,Flood Flow Canal Head Regulator,Telangana SW,36,Telangana,516,NIZAMABAD,-,-,-,-,-,-,-,-,-,18.91368898,78.34351872,29-04-2026 14:00,0,0,0,0,0,0,0,0,0,0,0,0,0,0,0,0,0,0,0,0,0,0,0,0,0,0,0,0,0,0,0,0,0,0,0,0,0,0,0,0,0,0,,,,,,,,
635,635,Flood Flow Canal Head Regulator,Telangana SW,36,Telangana,516,NIZAMABAD,-,-,-,-,-,-,-,-,-,18.91368898,78.34351872,29-04-2026 16:00,0,0,0,0,0,0,0,0,0,0,0,0,0,0,0,0,0,0,0,0,0,0,0,0,0,0,0,0,0,0,0,0,0,0,0,0,0,0,0,0,0,0,,,,,,,,
636,636,Flood Flow Canal Head Regulator,Telangana SW,36,Telangana,516,NIZAMABAD,-,-,-,-,-,-,-,-,-,18.91368898,78.34351872,29-04-2026 17:00,0,0,0,0,0,0,0,0,0,0,0,0,0,0,0,0,0,0,0,0,0,0,0,0,0,0,0,0,0,0,0,0,0,0,0,0,0,0,0,0,0,0,,,,,,,,
637,637,Flood Flow Canal Head Regulator,Telangana SW,36,Telangana,516,NIZAMABAD,-,-,-,-,-,-,-,-,-,18.91368898,78.34351872,29-04-2026 18:00,0,0,0,0,0,0,0,0,0,0,0,0,0,0,0,0,0,0,0,0,0,0,0,0,0,0,0,0,0,0,0,0,0,0,0,0,0,0,0,0,0,0,,,,,,,,
638,638,Flood Flow Canal Head Regulator,Telangana SW,36,Telangana,516,NIZAMABAD,-,-,-,-,-,-,-,-,-,18.91368898,78.34351872,29-04-2026 19:00,0,0,0,0,0,0,0,0,0,0,0,0,0,0,0,0,0,0,0,0,0,0,0,0,0,0,0,0,0,0,0,0,0,0,0,0,0,0,0,0,0,0,,,,,,,,
639,639,Flood Flow Canal Head Regulator,Telangana SW,36,Telangana,516,NIZAMABAD,-,-,-,-,-,-,-,-,-,18.91368898,78.34351872,29-04-2026 20:00,0,0,0,0,0,0,0,0,0,0,0,0,0,0,0,0,0,0,0,0,0,0,0,0,0,0,0,0,0,0,0,0,0,0,0,0,0,0,0,0,0,0,,,,,,,,
640,640,Flood Flow Canal Head Regulator,Telangana SW,36,Telangana,516,NIZAMABAD,-,-,-,-,-,-,-,-,-,18.91368898,78.34351872,29-04-2026 22:00,0,0,0,0,0,0,0,0,0,0,0,0,0,0,0,0,0,0,0,0,0,0,0,0,0,0,0,0,0,0,0,0,0,0,0,0,0,0,0,0,0,0,,,,,,,,
641,641,Flood Flow Canal Head Regulator,Telangana SW,36,Telangana,516,NIZAMABAD,-,-,-,-,-,-,-,-,-,18.91368898,78.34351872,29-04-2026 23:00,0,0,0,0,0,0,0,0,0,0,0,0,0,0,0,0,0,0,0,0,0,0,0,0,0,0,0,0,0,0,0,0,0,0,0,0,0,0,0,0,0,0,,,,,,,,
642,642,Flood Flow Canal Head Regulator,Telangana SW,36,Telangana,516,NIZAMABAD,-,-,-,-,-,-,-,-,-,18.91368898,78.34351872,30-04-2026 00:00,0,0,0,0,0,0,0,0,0,0,0,0,0,0,0,0,0,0,0,0,0,0,0,0,0,0,0,0,0,0,0,0,0,0,0,0,0,0,0,0,0,0,,,,,,,,
643,643,Flood Flow Canal Head Regulator,Telangana SW,36,Telangana,516,NIZAMABAD,-,-,-,-,-,-,-,-,-,18.91368898,78.34351872,30-04-2026 01:00,0,0,0,0,0,0,0,0,0,0,0,0,0,0,0,0,0,0,0,0,0,0,0,0,0,0,0,0,0,0,0,0,0,0,0,0,0,0,0,0,0,0,,,,,,,,
644,644,Flood Flow Canal Head Regulator,Telangana SW,36,Telangana,516,NIZAMABAD,-,-,-,-,-,-,-,-,-,18.91368898,78.34351872,30-04-2026 03:00,0,0,0,0,0,0,0,0,0,0,0,0,0,0,0,0,0,0,0,0,0,0,0,0,0,0,0,0,0,0,0,0,0,0,0,0,0,0,0,0,0,0,,,,,,,,
645,645,Flood Flow Canal Head Regulator,Telangana SW,36,Telangana,516,NIZAMABAD,-,-,-,-,-,-,-,-,-,18.91368898,78.34351872,30-04-2026 04:00,0,0,0,0,0,0,0,0,0,0,0,0,0,0,0,0,0,0,0,0,0,0,0,0,0,0,0,0,0,0,0,0,0,0,0,0,0,0,0,0,0,0,,,,,,,,
646,646,Flood Flow Canal Head Regulator,Telangana SW,36,Telangana,516,NIZAMABAD,-,-,-,-,-,-,-,-,-,18.91368898,78.34351872,30-04-2026 05:00,0,0,0,0,0,0,0,0,0,0,0,0,0,0,0,0,0,0,0,0,0,0,0,0,0,0,0,0,0,0,0,0,0,0,0,0,0,0,0,0,0,0,,,,,,,,
647,647,Flood Flow Canal Head Regulator,Telangana SW,36,Telangana,516,NIZAMABAD,-,-,-,-,-,-,-,-,-,18.91368898,78.34351872,30-04-2026 06:00,0,0,0,0,0,0,0,0,0,0,0,0,0,0,0,0,0,0,0,0,0,0,0,0,0,0,0,0,0,0,0,0,0,0,0,0,0,0,0,0,0,0,,,,,,,,
648,648,Flood Flow Canal Head Regulator,Telangana SW,36,Telangana,516,NIZAMABAD,-,-,-,-,-,-,-,-,-,18.91368898,78.34351872,30-04-2026 08:00,0,0,0,0,0,0,0,0,0,0,0,0,0,0,0,0,0,0,0,0,0,0,0,0,0,0,0,0,0,0,0,0,0,0,0,0,0,0,0,0,0,0,,,,,,,,
649,649,Flood Flow Canal Head Regulator,Telangana SW,36,Telangana,516,NIZAMABAD,-,-,-,-,-,-,-,-,-,18.91368898,78.34351872,30-04-2026 09:00,0,0,0,0,0,0,0,0,0,0,0,0,0,0,0,0,0,0,0,0,0,0,0,0,0,0,0,0,0,0,0,0,0,0,0,0,0,0,0,0,0,0,,,,,,,,
650,650,Flood Flow Canal Head Regulator,Telangana SW,36,Telangana,516,NIZAMABAD,-,-,-,-,-,-,-,-,-,18.91368898,78.34351872,30-04-2026 10:00,0,0,0,0,0,0,0,0,0,0,0,0,0,0,0,0,0,0,0,0,0,0,0,0,0,0,0,0,0,0,0,0,0,0,0,0,0,0,0,0,0,0,,,,,,,,
651,651,Flood Flow Canal Head Regulator,Telangana SW,36,Telangana,516,NIZAMABAD,-,-,-,-,-,-,-,-,-,18.91368898,78.34351872,30-04-2026 11:00,0,0,0,0,0,0,0,0,0,0,0,0,0,0,0,0,0,0,0,0,0,0,0,0,0,0,0,0,0,0,0,0,0,0,0,0,0,0,0,0,0,0,,,,,,,,
652,652,Flood Flow Canal Head Regulator,Telangana SW,36,Telangana,516,NIZAMABAD,-,-,-,-,-,-,-,-,-,18.91368898,78.34351872,30-04-2026 13:00,0,0,0,0,0,0,0,0,0,0,0,0,0,0,0,0,0,0,0,0,0,0,0,0,0,0,0,0,0,0,0,0,0,0,0,0,0,0,0,0,0,0,,,,,,,,
653,653,Flood Flow Canal Head Regulator,Telangana SW,36,Telangana,516,NIZAMABAD,-,-,-,-,-,-,-,-,-,18.91368898,78.34351872,30-04-2026 14:00,0,0,0,0,0,0,0,0,0,0,0,0,0,0,0,0,0,0,0,0,0,0,0,0,0,0,0,0,0,0,0,0,0,0,0,0,0,0,0,0,0,0,,,,,,,,
654,654,Flood Flow Canal Head Regulator,Telangana SW,36,Telangana,516,NIZAMABAD,-,-,-,-,-,-,-,-,-,18.91368898,78.34351872,30-04-2026 15:00,0,0,0,0,0,0,0,0,0,0,0,0,0,0,0,0,0,0,0,0,0,0,0,0,0,0,0,0,0,0,0,0,0,0,0,0,0,0,0,0,0,0,,,,,,,,
655,655,Flood Flow Canal Head Regulator,Telangana SW,36,Telangana,516,NIZAMABAD,-,-,-,-,-,-,-,-,-,18.91368898,78.34351872,30-04-2026 16:00,0,0,0,0,0,0,0,0,0,0,0,0,0,0,0,0,0,0,0,0,0,0,0,0,0,0,0,0,0,0,0,0,0,0,0,0,0,0,0,0,0,0,,,,,,,,
656,656,Flood Flow Canal Head Regulator,Telangana SW,36,Telangana,516,NIZAMABAD,-,-,-,-,-,-,-,-,-,18.91368898,78.34351872,30-04-2026 18:00,0,0,0,0,0,0,0,0,0,0,0,0,0,0,0,0,0,0,0,0,0,0,0,0,0,0,0,0,0,0,0,0,0,0,0,0,0,0,0,0,0,0,,,,,,,,
657,657,Flood Flow Canal Head Regulator,Telangana SW,36,Telangana,516,NIZAMABAD,-,-,-,-,-,-,-,-,-,18.91368898,78.34351872,30-04-2026 19:00,0,0,0,0,0,0,0,0,0,0,0,0,0,0,0,0,0,0,0,0,0,0,0,0,0,0,0,0,0,0,0,0,0,0,0,0,0,0,0,0,0,0,,,,,,,,
658,658,Flood Flow Canal Head Regulator,Telangana SW,36,Telangana,516,NIZAMABAD,-,-,-,-,-,-,-,-,-,18.91368898,78.34351872,30-04-2026 21:00,0,0,0,0,0,0,0,0,0,0,0,0,0,0,0,0,0,0,0,0,0,0,0,0,0,0,0,0,0,0,0,0,0,0,0,0,0,0,0,0,0,0,,,,,,,,
659,659,Flood Flow Canal Head Regulator,Telangana SW,36,Telangana,516,NIZAMABAD,-,-,-,-,-,-,-,-,-,18.91368898,78.34351872,30-04-2026 22:00,0,0,0,0,0,0,0,0,0,0,0,0,0,0,0,0,0,0,0,0,0,0,0,0,0,0,0,0,0,0,0,0,0,0,0,0,0,0,0,0,0,0,,,,,,,,
660,660,Flood Flow Canal Head Regulator,Telangana SW,36,Telangana,516,NIZAMABAD,-,-,-,-,-,-,-,-,-,18.91368898,78.34351872,30-04-2026 23:00,0,0,0,0,0,0,0,0,0,0,0,0,0,0,0,0,0,0,0,0,0,0,0,0,0,0,0,0,0,0,0,0,0,0,0,0,0,0,0,0,0,0,,,,,,,,
661,661,Flood Flow Canal Head Regulator,Telangana SW,36,Telangana,516,NIZAMABAD,-,-,-,-,-,-,-,-,-,18.91368898,78.34351872,01-05-2026 01:00,0,0,0,0,0,0,0,0,0,0,0,0,0,0,0,0,0,0,0,0,0,0,0,0,0,0,0,0,0,0,0,0,0,0,0,0,0,0,0,0,0,0,,,,,,,,
662,662,Flood Flow Canal Head Regulator,Telangana SW,36,Telangana,516,NIZAMABAD,-,-,-,-,-,-,-,-,-,18.91368898,78.34351872,01-05-2026 02:00,0,0,0,0,0,0,0,0,0,0,0,0,0,0,0,0,0,0,0,0,0,0,0,0,0,0,0,0,0,0,0,0,0,0,0,0,0,0,0,0,0,0,,,,,,,,
663,663,Flood Flow Canal Head Regulator,Telangana SW,36,Telangana,516,NIZAMABAD,-,-,-,-,-,-,-,-,-,18.91368898,78.34351872,01-05-2026 03:00,0,0,0,0,0,0,0,0,0,0,0,0,0,0,0,0,0,0,0,0,0,0,0,0,0,0,0,0,0,0,0,0,0,0,0,0,0,0,0,0,0,0,,,,,,,,
664,664,Flood Flow Canal Head Regulator,Telangana SW,36,Telangana,516,NIZAMABAD,-,-,-,-,-,-,-,-,-,18.91368898,78.34351872,01-05-2026 04:00,0,0,0,0,0,0,0,0,0,0,0,0,0,0,0,0,0,0,0,0,0,0,0,0,0,0,0,0,0,0,0,0,0,0,0,0,0,0,0,0,0,0,,,,,,,,
665,665,Flood Flow Canal Head Regulator,Telangana SW,36,Telangana,516,NIZAMABAD,-,-,-,-,-,-,-,-,-,18.91368898,78.34351872,01-05-2026 06:00,0,0,0,0,0,0,0,0,0,0,0,0,0,0,0,0,0,0,0,0,0,0,0,0,0,0,0,0,0,0,0,0,0,0,0,0,0,0,0,0,0,0,,,,,,,,
666,666,Flood Flow Canal Head Regulator,Telangana SW,36,Telangana,516,NIZAMABAD,-,-,-,-,-,-,-,-,-,18.91368898,78.34351872,01-05-2026 07:00,0,0,0,0,0,0,0,0,0,0,0,0,0,0,0,0,0,0,0,0,0,0,0,0,0,0,0,0,0,0,0,0,0,0,0,0,0,0,0,0,0,0,,,,,,,,
667,667,Flood Flow Canal Head Regulator,Telangana SW,36,Telangana,516,NIZAMABAD,-,-,-,-,-,-,-,-,-,18.91368898,78.34351872,01-05-2026 08:00,0,0,0,0,0,0,0,0,0,0,0,0,0,0,0,0,0,0,0,0,0,0,0,0,0,0,0,0,0,0,0,0,0,0,0,0,0,0,0,0,0,0,,,,,,,,
668,668,Flood Flow Canal Head Regulator,Telangana SW,36,Telangana,516,NIZAMABAD,-,-,-,-,-,-,-,-,-,18.91368898,78.34351872,01-05-2026 09:00,0,0,0,0,0,0,0,0,0,0,0,0,0,0,0,0,0,0,0,0,0,0,0,0,0,0,0,0,0,0,0,0,0,0,0,0,0,0,0,0,0,0,,,,,,,,
669,669,Flood Flow Canal Head Regulator,Telangana SW,36,Telangana,516,NIZAMABAD,-,-,-,-,-,-,-,-,-,18.91368898,78.34351872,01-05-2026 11:00,0,0,0,0,0,0,0,0,0,0,0,0,0,0,0,0,0,0,0,0,0,0,0,0,0,0,0,0,0,0,0,0,0,0,0,0,0,0,0,0,0,0,,,,,,,,
670,670,Flood Flow Canal Head Regulator,Telangana SW,36,Telangana,516,NIZAMABAD,-,-,-,-,-,-,-,-,-,18.91368898,78.34351872,01-05-2026 12:00,0,0,0,0,0,0,0,0,0,0,0,0,0,0,0,0,0,0,0,0,0,0,0,0,0,0,0,0,0,0,0,0,0,0,0,0,0,0,0,0,0,0,,,,,,,,
671,671,Flood Flow Canal Head Regulator,Telangana SW,36,Telangana,516,NIZAMABAD,-,-,-,-,-,-,-,-,-,18.91368898,78.34351872,01-05-2026 13:00,0,0,0,0,0,0,0,0,0,0,0,0,0,0,0,0,0,0,0,0,0,0,0,0,0,0,0,0,0,0,0,0,0,0,0,0,0,0,0,0,0,0,,,,,,,,
672,672,Flood Flow Canal Head Regulator,Telangana SW,36,Telangana,516,NIZAMABAD,-,-,-,-,-,-,-,-,-,18.91368898,78.34351872,01-05-2026 14:00,0,0,0,0,0,0,0,0,0,0,0,0,0,0,0,0,0,0,0,0,0,0,0,0,0,0,0,0,0,0,0,0,0,0,0,0,0,0,0,0,0,0,,,,,,,,
673,673,Flood Flow Canal Head Regulator,Telangana SW,36,Telangana,516,NIZAMABAD,-,-,-,-,-,-,-,-,-,18.91368898,78.34351872,01-05-2026 16:00,0,0,0,0,0,0,0,0,0,0,0,0,0,0,0,0,0,0,0,0,0,0,0,0,0,0,0,0,0,0,0,0,0,0,0,0,0,0,0,0,0,0,,,,,,,,
674,674,Flood Flow Canal Head Regulator,Telangana SW,36,Telangana,516,NIZAMABAD,-,-,-,-,-,-,-,-,-,18.91368898,78.34351872,01-05-2026 17:00,0,0,0,0,0,0,0,0,0,0,0,0,0,0,0,0,0,0,0,0,0,0,0,0,0,0,0,0,0,0,0,0,0,0,0,0,0,0,0,0,0,0,,,,,,,,
675,675,Flood Flow Canal Head Regulator,Telangana SW,36,Telangana,516,NIZAMABAD,-,-,-,-,-,-,-,-,-,18.91368898,78.34351872,01-05-2026 18:00,0,0,0,0,0,0,0,0,0,0,0,0,0,0,0,0,0,0,0,0,0,0,0,0,0,0,0,0,0,0,0,0,0,0,0,0,0,0,0,0,0,0,,,,,,,,
676,676,Flood Flow Canal Head Regulator,Telangana SW,36,Telangana,516,NIZAMABAD,-,-,-,-,-,-,-,-,-,18.91368898,78.34351872,01-05-2026 19:00,0,0,0,0,0,0,0,0,0,0,0,0,0,0,0,0,0,0,0,0,0,0,0,0,0,0,0,0,0,0,0,0,0,0,0,0,0,0,0,0,0,0,,,,,,,,
677,677,Flood Flow Canal Head Regulator,Telangana SW,36,Telangana,516,NIZAMABAD,-,-,-,-,-,-,-,-,-,18.91368898,78.34351872,01-05-2026 21:00,0,0,0,0,0,0,0,0,0,0,0,0,0,0,0,0,0,0,0,0,0,0,0,0,0,0,0,0,0,0,0,0,0,0,0,0,0,0,0,0,0,0,,,,,,,,
678,678,Flood Flow Canal Head Regulator,Telangana SW,36,Telangana,516,NIZAMABAD,-,-,-,-,-,-,-,-,-,18.91368898,78.34351872,01-05-2026 22:00,0,0,0,0,0,0,0,0,0,0,0,0,0,0,0,0,0,0,0,0,0,0,0,0,0,0,0,0,0,0,0,0,0,0,0,0,0,0,0,0,0,0,,,,,,,,
679,679,Flood Flow Canal Head Regulator,Telangana SW,36,Telangana,516,NIZAMABAD,-,-,-,-,-,-,-,-,-,18.91368898,78.34351872,01-05-2026 23:00,0,0,0,0,0,0,0,0,0,0,0,0,0,0,0,0,0,0,0,0,0,0,0,0,0,0,0,0,0,0,0,0,0,0,0,0,0,0,0,0,0,0,,,,,,,,
680,680,Flood Flow Canal Head Regulator,Telangana SW,36,Telangana,516,NIZAMABAD,-,-,-,-,-,-,-,-,-,18.91368898,78.34351872,02-05-2026 00:00,0,0,0,0,0,0,0,0,0,0,0,0,0,0,0,0,0,0,0,0,0,0,0,0,0,0,0,0,0,0,0,0,0,0,0,0,0,0,0,0,0,0,,,,,,,,
681,681,Flood Flow Canal Head Regulator,Telangana SW,36,Telangana,516,NIZAMABAD,-,-,-,-,-,-,-,-,-,18.91368898,78.34351872,02-05-2026 01:00,0,0,0,0,0,0,0,0,0,0,0,0,0,0,0,0,0,0,0,0,0,0,0,0,0,0,0,0,0,0,0,0,0,0,0,0,0,0,0,0,0,0,,,,,,,,
682,682,Flood Flow Canal Head Regulator,Telangana SW,36,Telangana,516,NIZAMABAD,-,-,-,-,-,-,-,-,-,18.91368898,78.34351872,02-05-2026 03:00,0,0,0,0,0,0,0,0,0,0,0,0,0,0,0,0,0,0,0,0,0,0,0,0,0,0,0,0,0,0,0,0,0,0,0,0,0,0,0,0,0,0,,,,,,,,
683,683,Flood Flow Canal Head Regulator,Telangana SW,36,Telangana,516,NIZAMABAD,-,-,-,-,-,-,-,-,-,18.91368898,78.34351872,02-05-2026 04:00,0,0,0,0,0,0,0,0,0,0,0,0,0,0,0,0,0,0,0,0,0,0,0,0,0,0,0,0,0,0,0,0,0,0,0,0,0,0,0,0,0,0,,,,,,,,
684,684,Flood Flow Canal Head Regulator,Telangana SW,36,Telangana,516,NIZAMABAD,-,-,-,-,-,-,-,-,-,18.91368898,78.34351872,11-05-2026 02:00,0,0,0,0,0,0,0,0,0,0,0,0,0,0,0,0,0,0,0,0,0,0,0,0,0,0,0,0,0,0,0,0,0,0,0,0,0,0,0,0,0,0,,,,,,,,
685,685,Flood Flow Canal Head Regulator,Telangana SW,36,Telangana,516,NIZAMABAD,-,-,-,-,-,-,-,-,-,18.91368898,78.34351872,11-05-2026 03:00,0,0,0,0,0,0,0,0,0,0,0,0,0,0,0,0,0,0,0,0,0,0,0,0,0,0,0,0,0,0,0,0,0,0,0,0,0,0,0,0,0,0,,,,,,,,
686,686,Flood Flow Canal Head Regulator,Telangana SW,36,Telangana,516,NIZAMABAD,-,-,-,-,-,-,-,-,-,18.91368898,78.34351872,11-05-2026 04:00,0,0,0,0,0,0,0,0,0,0,0,0,0,0,0,0,0,0,0,0,0,0,0,0,0,0,0,0,0,0,0,0,0,0,0,0,0,0,0,0,0,0,,,,,,,,
687,687,Flood Flow Canal Head Regulator,Telangana SW,36,Telangana,516,NIZAMABAD,-,-,-,-,-,-,-,-,-,18.91368898,78.34351872,11-05-2026 05:00,0,0,0,0,0,0,0,0,0,0,0,0,0,0,0,0,0,0,0,0,0,0,0,0,0,0,0,0,0,0,0,0,0,0,0,0,0,0,0,0,0,0,,,,,,,,
688,688,Flood Flow Canal Head Regulator,Telangana SW,36,Telangana,516,NIZAMABAD,-,-,-,-,-,-,-,-,-,18.91368898,78.34351872,11-05-2026 07:00,0,0,0,0,0,0,0,0,0,0,0,0,0,0,0,0,0,0,0,0,0,0,0,0,0,0,0,0,0,0,0,0,0,0,0,0,0,0,0,0,0,0,,,,,,,,
689,689,Flood Flow Canal Head Regulator,Telangana SW,36,Telangana,516,NIZAMABAD,-,-,-,-,-,-,-,-,-,18.91368898,78.34351872,11-05-2026 09:00,0,,,,,,,,,,,,,,,,,,,,,,,,,,,,,,,,,,,,,,,,,,,,,,,,,
690,690,Flood Flow Canal Head Regulator,Telangana SW,36,Telangana,516,NIZAMABAD,-,-,-,-,-,-,-,-,-,18.91368898,78.34351872,11-05-2026 10:00,0,0,0,0,0,0,0,0,0,0,0,0,0,0,0,0,0,0,0,0,0,0,0,0,0,0,0,0,0,0,0,0,0,0,0,0,0,0,0,0,0,0,,,,,,,,
691,691,Flood Flow Canal Head Regulator,Telangana SW,36,Telangana,516,NIZAMABAD,-,-,-,-,-,-,-,-,-,18.91368898,78.34351872,11-05-2026 11:00,0,0,0,0,0,0,0,0,0,0,0,0,0,0,0,0,0,0,0,0,0,0,0,0,0,0,0,0,0,0,0,0,0,0,0,0,0,0,0,0,0,0,,,,,,,,
692,692,Flood Flow Canal Head Regulator,Telangana SW,36,Telangana,516,NIZAMABAD,-,-,-,-,-,-,-,-,-,18.91368898,78.34351872,11-05-2026 13:00,0,0,0,0,0,0,0,0,0,0,0,0,0,0,0,0,0,0,0,0,0,0,0,0,0,0,0,0,0,0,0,0,0,0,0,0,0,0,0,0,0,0,,,,,,,,
693,693,Flood Flow Canal Head Regulator,Telangana SW,36,Telangana,516,NIZAMABAD,-,-,-,-,-,-,-,-,-,18.91368898,78.34351872,11-05-2026 14:00,0,0,0,0,0,0,0,0,0,0,0,0,0,0,0,0,0,0,0,0,0,0,0,0,0,0,0,0,0,0,0,0,0,0,0,0,0,0,0,0,0,0,,,,,,,,
694,694,Flood Flow Canal Head Regulator,Telangana SW,36,Telangana,516,NIZAMABAD,-,-,-,-,-,-,-,-,-,18.91368898,78.34351872,11-05-2026 15:00,0,0,0,0,0,0,0,0,0,0,0,0,0,0,0,0,0,0,0,0,0,0,0,0,0,0,0,0,0,0,0,0,0,0,0,0,0,0,0,0,0,0,,,,,,,,
695,695,Flood Flow Canal Head Regulator,Telangana SW,36,Telangana,516,NIZAMABAD,-,-,-,-,-,-,-,-,-,18.91368898,78.34351872,11-05-2026 16:00,0,0,0,0,0,0,0,0,0,0,0,0,0,0,0,0,0,0,0,0,0,0,0,0,0,0,0,0,0,0,0,0,0,0,0,0,0,0,0,0,0,0,,,,,,,,
696,696,Flood Flow Canal Head Regulator,Telangana SW,36,Telangana,516,NIZAMABAD,-,-,-,-,-,-,-,-,-,18.91368898,78.34351872,11-05-2026 18:00,0,0,0,0,0,0,0,0,0,0,0,0,0,0,0,0,0,0,0,0,0,0,0,0,0,0,0,0,0,0,0,0,0,0,0,0,0,0,0,0,0,0,,,,,,,,
697,697,Flood Flow Canal Head Regulator,Telangana SW,36,Telangana,516,NIZAMABAD,-,-,-,-,-,-,-,-,-,18.91368898,78.34351872,11-05-2026 19:00,0,0,0,0,0,0,0,0,0,0,0,0,0,0,0,0,0,0,0,0,0,0,0,0,0,0,0,0,0,0,0,0,0,0,0,0,0,0,0,0,0,0,,,,,,,,
698,698,Flood Flow Canal Head Regulator,Telangana SW,36,Telangana,516,NIZAMABAD,-,-,-,-,-,-,-,-,-,18.91368898,78.34351872,11-05-2026 20:00,0,0,0,0,0,0,0,0,0,0,0,0,0,0,0,0,0,0,0,0,0,0,0,0,0,0,0,0,0,0,0,0,0,0,0,0,0,0,0,0,0,0,,,,,,,,
699,699,Flood Flow Canal Head Regulator,Telangana SW,36,Telangana,516,NIZAMABAD,-,-,-,-,-,-,-,-,-,18.91368898,78.34351872,11-05-2026 21:00,0,0,0,0,0,0,0,0,0,0,0,0,0,0,0,0,0,0,0,0,0,0,0,0,0,0,0,0,0,0,0,0,0,0,0,0,0,0,0,0,0,0,,,,,,,,
700,700,Flood Flow Canal Head Regulator,Telangana SW,36,Telangana,516,NIZAMABAD,-,-,-,-,-,-,-,-,-,18.91368898,78.34351872,11-05-2026 22:00,0,0,0,0,0,0,0,0,0,0,0,0,0,0,0,0,0,0,0,0,0,0,0,0,0,0,0,0,0,0,0,0,0,0,0,0,0,0,0,0,0,0,,,,,,,,
701,701,Flood Flow Canal Head Regulator,Telangana SW,36,Telangana,516,NIZAMABAD,-,-,-,-,-,-,-,-,-,18.91368898,78.34351872,12-05-2026 00:00,0,0,0,0,0,0,0,0,0,0,0,0,0,0,0,0,0,0,0,0,0,0,0,0,0,0,0,0,0,0,0,0,0,0,0,0,0,0,0,0,0,0,,,,,,,,
702,702,Flood Flow Canal Head Regulator,Telangana SW,36,Telangana,516,NIZAMABAD,-,-,-,-,-,-,-,-,-,18.91368898,78.34351872,12-05-2026 01:00,0,0,0,0,0,0,0,0,0,0,0,0,0,0,0,0,0,0,0,0,0,0,0,0,0,0,0,0,0,0,0,0,0,0,0,0,0,0,0,0,0,0,,,,,,,,
703,703,Flood Flow Canal Head Regulator,Telangana SW,36,Telangana,516,NIZAMABAD,-,-,-,-,-,-,-,-,-,18.91368898,78.34351872,12-05-2026 02:00,0,0,0,0,0,0,0,0,0,0,0,0,0,0,0,0,0,0,0,0,0,0,0,0,0,0,0,0,0,0,0,0,0,0,0,0,0,0,0,0,0,0,,,,,,,,
704,704,Flood Flow Canal Head Regulator,Telangana SW,36,Telangana,516,NIZAMABAD,-,-,-,-,-,-,-,-,-,18.91368898,78.34351872,12-05-2026 03:00,0,0,0,0,0,0,0,0,0,0,0,0,0,0,0,0,0,0,0,0,0,0,0,0,0,0,0,0,0,0,0,0,0,0,0,0,0,0,0,0,0,0,,,,,,,,
705,705,Flood Flow Canal Head Regulator,Telangana SW,36,Telangana,516,NIZAMABAD,-,-,-,-,-,-,-,-,-,18.91368898,78.34351872,12-05-2026 05:00,0,0,0,0,0,0,0,0,0,0,0,0,0,0,0,0,0,0,0,0,0,0,0,0,0,0,0,0,0,0,0,0,0,0,0,0,0,0,0,0,0,0,,,,,,,,
706,706,Flood Flow Canal Head Regulator,Telangana SW,36,Telangana,516,NIZAMABAD,-,-,-,-,-,-,-,-,-,18.91368898,78.34351872,12-05-2026 06:00,0,0,0,0,0,0,0,0,0,0,0,0,0,0,0,0,0,0,0,0,0,0,0,0,0,0,0,0,0,0,0,0,0,0,0,0,0,0,0,0,0,0,,,,,,,,
707,707,Flood Flow Canal Head Regulator,Telangana SW,36,Telangana,516,NIZAMABAD,-,-,-,-,-,-,-,-,-,18.91368898,78.34351872,12-05-2026 07:00,0,0,0,0,0,0,0,0,0,0,0,0,0,0,0,0,0,0,0,0,0,0,0,0,0,0,0,0,0,0,0,0,0,0,0,0,0,0,0,0,0,0,,,,,,,,
708,708,Flood Flow Canal Head Regulator,Telangana SW,36,Telangana,516,NIZAMABAD,-,-,-,-,-,-,-,-,-,18.91368898,78.34351872,12-05-2026 09:00,0,0,0,0,0,0,0,0,0,0,0,0,0,0,0,0,0,0,0,0,0,0,0,0,0,0,0,0,0,0,0,0,0,0,0,0,0,0,0,0,0,0,,,,,,,,
709,709,Flood Flow Canal Head Regulator,Telangana SW,36,Telangana,516,NIZAMABAD,-,-,-,-,-,-,-,-,-,18.91368898,78.34351872,12-05-2026 10:00,0,0,0,0,0,0,0,0,0,0,0,0,0,0,0,0,0,0,0,0,0,0,0,0,0,0,0,0,0,0,0,0,0,0,0,0,0,0,0,0,0,0,,,,,,,,
710,710,Flood Flow Canal Head Regulator,Telangana SW,36,Telangana,516,NIZAMABAD,-,-,-,-,-,-,-,-,-,18.91368898,78.34351872,12-05-2026 11:00,0,0,0,0,0,0,0,0,0,0,0,0,0,0,0,0,0,0,0,0,0,0,0,0,0,0,0,0,0,0,0,0,0,0,0,0,0,0,0,0,0,0,,,,,,,,
711,711,Flood Flow Canal Head Regulator,Telangana SW,36,Telangana,516,NIZAMABAD,-,-,-,-,-,-,-,-,-,18.91368898,78.34351872,12-05-2026 12:00,0,0,0,0,0,0,0,0,0,0,0,0,0,0,0,0,0,0,0,0,0,0,0,0,0,0,0,0,0,0,0,0,0,0,0,0,0,0,0,0,0,0,,,,,,,,
712,712,Flood Flow Canal Head Regulator,Telangana SW,36,Telangana,516,NIZAMABAD,-,-,-,-,-,-,-,-,-,18.91368898,78.34351872,12-05-2026 13:00,0,0,0,0,0,0,0,0,0,0,0,0,0,0,0,0,0,0,0,0,0,0,0,0,0,0,0,0,0,0,0,0,0,0,0,0,0,0,0,0,0,0,,,,,,,,
713,713,Flood Flow Canal Head Regulator,Telangana SW,36,Telangana,516,NIZAMABAD,-,-,-,-,-,-,-,-,-,18.91368898,78.34351872,12-05-2026 15:00,0,0,0,0,0,0,0,0,0,0,0,0,0,0,0,0,0,0,0,0,0,0,0,0,0,0,0,0,0,0,0,0,0,0,0,0,0,0,0,0,0,0,,,,,,,,
714,714,Flood Flow Canal Head Regulator,Telangana SW,36,Telangana,516,NIZAMABAD,-,-,-,-,-,-,-,-,-,18.91368898,78.34351872,12-05-2026 16:00,0,0,0,0,0,0,0,0,0,0,0,0,0,0,0,0,0,0,0,0,0,0,0,0,0,0,0,0,0,0,0,0,0,0,0,0,0,0,0,0,0,0,,,,,,,,
715,715,Flood Flow Canal Head Regulator,Telangana SW,36,Telangana,516,NIZAMABAD,-,-,-,-,-,-,-,-,-,18.91368898,78.34351872,12-05-2026 17:00,0,0,0,0,0,0,0,0,0,0,0,0,0,0,0,0,0,0,0,0,0,0,0,0,0,0,0,0,0,0,0,0,0,0,0,0,0,0,0,0,0,0,,,,,,,,
716,716,Flood Flow Canal Head Regulator,Telangana SW,36,Telangana,516,NIZAMABAD,-,-,-,-,-,-,-,-,-,18.91368898,78.34351872,12-05-2026 19:00,0,0,0,0,0,0,0,0,0,0,0,0,0,0,0,0,0,0,0,0,0,0,0,0,0,0,0,0,0,0,0,0,0,0,0,0,0,0,0,0,0,0,,,,,,,,
717,717,Flood Flow Canal Head Regulator,Telangana SW,36,Telangana,516,NIZAMABAD,-,-,-,-,-,-,-,-,-,18.91368898,78.34351872,12-05-2026 20:00,0,0,0,0,0,0,0,0,0,0,0,0,0,0,0,0,0,0,0,0,0,0,0,0,0,0,0,0,0,0,0,0,0,0,0,0,0,0,0,0,0,0,,,,,,,,
718,718,Flood Flow Canal Head Regulator,Telangana SW,36,Telangana,516,NIZAMABAD,-,-,-,-,-,-,-,-,-,18.91368898,78.34351872,12-05-2026 23:00,0,0,0,0,0,0,0,0,0,0,0,0,0,0,0,0,0,0,0,0,0,0,0,0,0,0,0,0,0,0,0,0,0,0,0,0,0,0,0,0,0,0,,,,,,,,
719,719,Flood Flow Canal Head Regulator,Telangana SW,36,Telangana,516,NIZAMABAD,-,-,-,-,-,-,-,-,-,18.91368898,78.34351872,13-05-2026 00:00,0,0,0,0,0,0,0,0,0,0,0,0,0,0,0,0,0,0,0,0,0,0,0,0,0,0,0,0,0,0,0,0,0,0,0,0,0,0,0,0,0,0,,,,,,,,
720,720,Flood Flow Canal Head Regulator,Telangana SW,36,Telangana,516,NIZAMABAD,-,-,-,-,-,-,-,-,-,18.91368898,78.34351872,13-05-2026 01:00,0,0,0,0,0,0,0,0,0,0,0,0,0,0,0,0,0,0,0,0,0,0,0,0,0,0,0,0,0,0,0,0,0,0,0,0,0,0,0,0,0,0,,,,,,,,
721,721,Flood Flow Canal Head Regulator,Telangana SW,36,Telangana,516,NIZAMABAD,-,-,-,-,-,-,-,-,-,18.91368898,78.34351872,13-05-2026 02:00,0,0,0,0,0,0,0,0,0,0,0,0,0,0,0,0,0,0,0,0,0,0,0,0,0,0,0,0,0,0,0,0,0,0,0,0,0,0,0,0,0,0,,,,,,,,
722,722,Flood Flow Canal Head Regulator,Telangana SW,36,Telangana,516,NIZAMABAD,-,-,-,-,-,-,-,-,-,18.91368898,78.34351872,13-05-2026 03:00,0,0,0,0,0,0,0,0,0,0,0,0,0,0,0,0,0,0,0,0,0,0,0,0,0,0,0,0,0,0,0,0,0,0,0,0,0,0,0,0,0,0,,,,,,,,
723,723,Flood Flow Canal Head Regulator,Telangana SW,36,Telangana,516,NIZAMABAD,-,-,-,-,-,-,-,-,-,18.91368898,78.34351872,13-05-2026 04:00,0,0,0,0,0,0,0,0,0,0,0,0,0,0,0,0,0,0,0,0,0,0,0,0,0,0,0,0,0,0,0,0,0,0,0,0,0,0,0,0,0,0,,,,,,,,
724,724,Flood Flow Canal Head Regulator,Telangana SW,36,Telangana,516,NIZAMABAD,-,-,-,-,-,-,-,-,-,18.91368898,78.34351872,13-05-2026 06:00,0,0,0,0,0,0,0,0,0,0,0,0,0,0,0,0,0,0,0,0,0,0,0,0,0,0,0,0,0,0,0,0,0,0,0,0,0,0,0,0,0,0,,,,,,,,
725,725,Flood Flow Canal Head Regulator,Telangana SW,36,Telangana,516,NIZAMABAD,-,-,-,-,-,-,-,-,-,18.91368898,78.34351872,13-05-2026 07:00,0,0,0,0,0,0,0,0,0,0,0,0,0,0,0,0,0,0,0,0,0,0,0,0,0,0,0,0,0,0,0,0,0,0,0,0,0,0,0,0,0,0,,,,,,,,
726,726,Flood Flow Canal Head Regulator,Telangana SW,36,Telangana,516,NIZAMABAD,-,-,-,-,-,-,-,-,-,18.91368898,78.34351872,13-05-2026 08:00,0,0,0,0,0,0,0,0,0,0,0,0,0,0,0,0,0,0,0,0,0,0,0,0,0,0,0,0,0,0,0,0,0,0,0,0,0,0,0,0,0,0,,,,,,,,
727,727,Flood Flow Canal Head Regulator,Telangana SW,36,Telangana,516,NIZAMABAD,-,-,-,-,-,-,-,-,-,18.91368898,78.34351872,13-05-2026 09:00,0,0,0,0,0,0,0,0,0,0,0,0,0,0,0,0,0,0,0,0,0,0,0,0,0,0,0,0,0,0,0,0,0,0,0,0,0,0,0,0,0,0,,,,,,,,
728,728,Flood Flow Canal Head Regulator,Telangana SW,36,Telangana,516,NIZAMABAD,-,-,-,-,-,-,-,-,-,18.91368898,78.34351872,13-05-2026 11:00,0,0,0,0,0,0,0,0,0,0,0,0,0,0,0,0,0,0,0,0,0,0,0,0,0,0,0,0,0,0,0,0,0,0,0,0,0,0,0,0,0,0,,,,,,,,
729,729,Flood Flow Canal Head Regulator,Telangana SW,36,Telangana,516,NIZAMABAD,-,-,-,-,-,-,-,-,-,18.91368898,78.34351872,13-05-2026 12:00,0,0,0,0,0,0,0,0,0,0,0,0,0,0,0,0,0,0,0,0,0,0,0,0,0,0,0,0,0,0,0,0,0,0,0,0,0,0,0,0,0,0,,,,,,,,
730,730,Flood Flow Canal Head Regulator,Telangana SW,36,Telangana,516,NIZAMABAD,-,-,-,-,-,-,-,-,-,18.91368898,78.34351872,13-05-2026 13:00,0,0,0,0,0,0,0,0,0,0,0,0,0,0,0,0,0,0,0,0,0,0,0,0,0,0,0,0,0,0,0,0,0,0,0,0,0,0,0,0,0,0,,,,,,,,
731,731,Flood Flow Canal Head Regulator,Telangana SW,36,Telangana,516,NIZAMABAD,-,-,-,-,-,-,-,-,-,18.91368898,78.34351872,13-05-2026 14:00,0,0,0,0,0,0,0,0,0,0,0,0,0,0,0,0,0,0,0,0,0,0,0,0,0,0,0,0,0,0,0,0,0,0,0,0,0,0,0,0,0,0,,,,,,,,
732,732,Flood Flow Canal Head Regulator,Telangana SW,36,Telangana,516,NIZAMABAD,-,-,-,-,-,-,-,-,-,18.91368898,78.34351872,13-05-2026 16:00,0,0,0,0,0,0,0,0,0,0,0,0,0,0,0,0,0,0,0,0,0,0,0,0,0,0,0,0,0,0,0,0,0,0,0,0,0,0,0,0,0,0,,,,,,,,
733,733,Flood Flow Canal Head Regulator,Telangana SW,36,Telangana,516,NIZAMABAD,-,-,-,-,-,-,-,-,-,18.91368898,78.34351872,13-05-2026 17:00,0,0,0,0,0,0,0,0,0,0,0,0,0,0,0,0,0,0,0,0,0,0,0,0,0,0,0,0,0,0,0,0,0,0,0,0,0,0,0,0,0,0,,,,,,,,
734,734,Flood Flow Canal Head Regulator,Telangana SW,36,Telangana,516,NIZAMABAD,-,-,-,-,-,-,-,-,-,18.91368898,78.34351872,13-05-2026 18:00,0,0,0,0,0,0,0,0,0,0,0,0,0,0,0,0,0,0,0,0,0,0,0,0,0,0,0,0,0,0,0,0,0,0,0,0,0,0,0,0,0,0,,,,,,,,
735,735,Flood Flow Canal Head Regulator,Telangana SW,36,Telangana,516,NIZAMABAD,-,-,-,-,-,-,-,-,-,18.91368898,78.34351872,13-05-2026 19:00,0,0,0,0,0,0,0,0,0,0,0,0,0,0,0,0,0,0,0,0,0,0,0,0,0,0,0,0,0,0,0,0,0,0,0,0,0,0,0,0,0,0,,,,,,,,
736,736,Flood Flow Canal Head Regulator,Telangana SW,36,Telangana,516,NIZAMABAD,-,-,-,-,-,-,-,-,-,18.91368898,78.34351872,13-05-2026 21:00,0,0,0,0,0,0,0,0,0,0,0,0,0,0,0,0,0,0,0,0,0,0,0,0,0,0,0,0,0,0,0,0,0,0,0,0,0,0,0,0,0,0,,,,,,,,
737,737,Flood Flow Canal Head Regulator,Telangana SW,36,Telangana,516,NIZAMABAD,-,-,-,-,-,-,-,-,-,18.91368898,78.34351872,13-05-2026 22:00,0,0,0,0,0,0,0,0,0,0,0,0,0,0,0,0,0,0,0,0,0,0,0,0,0,0,0,0,0,0,0,0,0,0,0,0,0,0,0,0,0,0,,,,,,,,
738,738,Flood Flow Canal Head Regulator,Telangana SW,36,Telangana,516,NIZAMABAD,-,-,-,-,-,-,-,-,-,18.91368898,78.34351872,13-05-2026 23:00,0,0,0,0,0,0,0,0,0,0,0,0,0,0,0,0,0,0,0,0,0,0,0,0,0,0,0,0,0,0,0,0,0,0,0,0,0,0,0,0,0,0,,,,,,,,
739,739,Flood Flow Canal Head Regulator,Telangana SW,36,Telangana,516,NIZAMABAD,-,-,-,-,-,-,-,-,-,18.91368898,78.34351872,14-05-2026 00:00,0,0,0,0,0,0,0,0,0,0,0,0,0,0,0,0,0,0,0,0,0,0,0,0,0,0,0,0,0,0,0,0,0,0,0,0,0,0,0,0,0,0,,,,,,,,
740,740,Flood Flow Canal Head Regulator,Telangana SW,36,Telangana,516,NIZAMABAD,-,-,-,-,-,-,-,-,-,18.91368898,78.34351872,14-05-2026 01:00,0,0,0,0,0,0,0,0,0,0,0,0,0,0,0,0,0,0,0,0,0,0,0,0,0,0,0,0,0,0,0,0,0,0,0,0,0,0,0,0,0,0,,,,,,,,
741,741,Flood Flow Canal Head Regulator,Telangana SW,36,Telangana,516,NIZAMABAD,-,-,-,-,-,-,-,-,-,18.91368898,78.34351872,14-05-2026 03:00,0,0,0,0,0,0,0,0,0,0,0,0,0,0,0,0,0,0,0,0,0,0,0,0,0,0,0,0,0,0,0,0,0,0,0,0,0,0,0,0,0,0,,,,,,,,
742,742,Flood Flow Canal Head Regulator,Telangana SW,36,Telangana,516,NIZAMABAD,-,-,-,-,-,-,-,-,-,18.91368898,78.34351872,14-05-2026 04:00,0,0,0,0,0,0,0,0,0,0,0,0,0,0,0,0,0,0,0,0,0,0,0,0,0,0,0,0,0,0,0,0,0,0,0,0,0,0,0,0,0,0,,,,,,,,
743,743,Flood Flow Canal Head Regulator,Telangana SW,36,Telangana,516,NIZAMABAD,-,-,-,-,-,-,-,-,-,18.91368898,78.34351872,14-05-2026 05:00,0,0,0,0,0,0,0,0,0,0,0,0,0,0,0,0,0,0,0,0,0,0,0,0,0,0,0,0,0,0,0,0,0,0,0,0,0,0,0,0,0,0,,,,,,,,
744,744,Flood Flow Canal Head Regulator,Telangana SW,36,Telangana,516,NIZAMABAD,-,-,-,-,-,-,-,-,-,18.91368898,78.34351872,14-05-2026 06:00,0,0,0,0,0,0,0,0,0,0,0,0,0,0,0,0,0,0,0,0,0,0,0,0,0,0,0,0,0,0,0,0,0,0,0,0,0,0,0,0,0,0,,,,,,,,
745,745,Flood Flow Canal Head Regulator,Telangana SW,36,Telangana,516,NIZAMABAD,-,-,-,-,-,-,-,-,-,18.91368898,78.34351872,14-05-2026 08:00,0,0,0,0,0,0,0,0,0,0,0,0,0,0,0,0,0,0,0,0,0,0,0,0,0,0,0,0,0,0,0,0,0,0,0,0,0,0,0,0,0,0,,,,,,,,
746,746,Flood Flow Canal Head Regulator,Telangana SW,36,Telangana,516,NIZAMABAD,-,-,-,-,-,-,-,-,-,18.91368898,78.34351872,14-05-2026 09:00,0,0,0,0,0,0,0,0,0,0,0,0,0,0,0,0,0,0,0,0,0,0,0,0,0,0,0,0,0,0,0,0,0,0,0,0,0,0,0,0,0,0,,,,,,,,
747,747,Flood Flow Canal Head Regulator,Telangana SW,36,Telangana,516,NIZAMABAD,-,-,-,-,-,-,-,-,-,18.91368898,78.34351872,14-05-2026 10:00,0,0,0,0,0,0,0,0,0,0,0,0,0,0,0,0,0,0,0,0,0,0,0,0,0,0,0,0,0,0,0,0,0,0,0,0,0,0,0,0,0,0,,,,,,,,
748,748,Flood Flow Canal Head Regulator,Telangana SW,36,Telangana,516,NIZAMABAD,-,-,-,-,-,-,-,-,-,18.91368898,78.34351872,14-05-2026 11:00,0,0,0,0,0,0,0,0,0,0,0,0,0,0,0,0,0,0,0,0,0,0,0,0,0,0,0,0,0,0,0,0,0,0,0,0,0,0,0,0,0,0,,,,,,,,
749,749,Flood Flow Canal Head Regulator,Telangana SW,36,Telangana,516,NIZAMABAD,-,-,-,-,-,-,-,-,-,18.91368898,78.34351872,14-05-2026 13:00,0,0,0,0,0,0,0,0,0,0,0,0,0,0,0,0,0,0,0,0,0,0,0,0,0,0,0,0,0,0,0,0,0,0,0,0,0,0,0,0,0,0,,,,,,,,
750,750,Flood Flow Canal Head Regulator,Telangana SW,36,Telangana,516,NIZAMABAD,-,-,-,-,-,-,-,-,-,18.91368898,78.34351872,14-05-2026 14:00,0,0,0,0,0,0,0,0,0,0,0,0,0,0,0,0,0,0,0,0,0,0,0,0,0,0,0,0,0,0,0,0,0,0,0,0,0,0,0,0,0,0,,,,,,,,
751,751,Flood Flow Canal Head Regulator,Telangana SW,36,Telangana,516,NIZAMABAD,-,-,-,-,-,-,-,-,-,18.91368898,78.34351872,18-05-2026 13:00,0,0,0,0,0,0,0,0,0,0,0,0,0,0,0,0,0,0,0,0,0,0,0,0,0,0,0,0,0,0,0,0,0,0,0,0,0,0,0,0,0,0,,,,,,,,
752,752,Flood Flow Canal Head Regulator,Telangana SW,36,Telangana,516,NIZAMABAD,-,-,-,-,-,-,-,-,-,18.91368898,78.34351872,18-05-2026 14:00,0,0,0,0,0,0,0,0,0,0,0,0,0,0,0,0,0,0,0,0,0,0,0,0,0,0,0,0,0,0,0,0,0,0,0,0,0,0,0,0,0,0,,,,,,,,
753,753,Flood Flow Canal Head Regulator,Telangana SW,36,Telangana,516,NIZAMABAD,-,-,-,-,-,-,-,-,-,18.91368898,78.34351872,18-05-2026 15:00,0,0,0,0,0,0,0,0,0,0,0,0,0,0,0,0,0,0,0,0,0,0,0,0,0,0,0,0,0,0,0,0,0,0,0,0,0,0,0,0,0,0,,,,,,,,
754,754,Flood Flow Canal Head Regulator,Telangana SW,36,Telangana,516,NIZAMABAD,-,-,-,-,-,-,-,-,-,18.91368898,78.34351872,18-05-2026 16:00,0,0,0,0,0,0,0,0,0,0,0,0,0,0,0,0,0,0,0,0,0,0,0,0,0,0,0,0,0,0,0,0,0,0,0,0,0,0,0,0,0,0,,,,,,,,
755,755,Flood Flow Canal Head Regulator,Telangana SW,36,Telangana,516,NIZAMABAD,-,-,-,-,-,-,-,-,-,18.91368898,78.34351872,18-05-2026 18:00,0,0,0,0,0,0,0,0,0,0,0,0,0,0,0,0,0,0,0,0,0,0,0,0,0,0,0,0,0,0,0,0,0,0,0,0,0,0,0,0,0,0,,,,,,,,
756,756,Flood Flow Canal Head Regulator,Telangana SW,36,Telangana,516,NIZAMABAD,-,-,-,-,-,-,-,-,-,18.91368898,78.34351872,18-05-2026 19:00,0,0,0,0,0,0,0,0,0,0,0,0,0,0,0,0,0,0,0,0,0,0,0,0,0,0,0,0,0,0,0,0,0,0,0,0,0,0,0,0,0,0,,,,,,,,
757,757,Flood Flow Canal Head Regulator,Telangana SW,36,Telangana,516,NIZAMABAD,-,-,-,-,-,-,-,-,-,18.91368898,78.34351872,18-05-2026 20:00,0,0,0,0,0,0,0,0,0,0,0,0,0,0,0,0,0,0,0,0,0,0,0,0,0,0,0,0,0,0,0,0,0,0,0,0,0,0,0,0,0,0,,,,,,,,
758,758,Flood Flow Canal Head Regulator,Telangana SW,36,Telangana,516,NIZAMABAD,-,-,-,-,-,-,-,-,-,18.91368898,78.34351872,18-05-2026 21:00,0,0,0,0,0,0,0,0,0,0,0,0,0,0,0,0,0,0,0,0,0,0,0,0,0,0,0,0,0,0,0,0,0,0,0,0,0,0,0,0,0,0,,,,,,,,
759,759,Flood Flow Canal Head Regulator,Telangana SW,36,Telangana,516,NIZAMABAD,-,-,-,-,-,-,-,-,-,18.91368898,78.34351872,18-05-2026 23:00,0,0,0,0,0,0,0,0,0,0,0,0,0,0,0,0,0,0,0,0,0,0,0,0,0,0,0,0,0,0,0,0,0,0,0,0,0,0,0,0,0,0,,,,,,,,
760,760,Flood Flow Canal Head Regulator,Telangana SW,36,Telangana,516,NIZAMABAD,-,-,-,-,-,-,-,-,-,18.91368898,78.34351872,19-05-2026 00:00,0,0,0,0,0,0,0,0,0,0,0,0,0,0,0,0,0,0,0,0,0,0,0,0,0,0,0,0,0,0,0,0,0,0,0,0,0,0,0,0,0,0,,,,,,,,
761,761,Flood Flow Canal Head Regulator,Telangana SW,36,Telangana,516,NIZAMABAD,-,-,-,-,-,-,-,-,-,18.91368898,78.34351872,19-05-2026 01:00,0,0,0,0,0,0,0,0,0,0,0,0,0,0,0,0,0,0,0,0,0,0,0,0,0,0,0,0,0,0,0,0,0,0,0,0,0,0,0,0,0,0,,,,,,,,
762,762,Flood Flow Canal Head Regulator,Telangana SW,36,Telangana,516,NIZAMABAD,-,-,-,-,-,-,-,-,-,18.91368898,78.34351872,19-05-2026 02:00,0,0,0,0,0,0,0,0,0,0,0,0,0,0,0,0,0,0,0,0,0,0,0,0,0,0,0,0,0,0,0,0,0,0,0,0,0,0,0,0,0,0,,,,,,,,
763,763,Flood Flow Canal Head Regulator,Telangana SW,36,Telangana,516,NIZAMABAD,-,-,-,-,-,-,-,-,-,18.91368898,78.34351872,19-05-2026 03:00,0,0,0,0,0,0,0,0,0,0,0,0,0,0,0,0,0,0,0,0,0,0,0,0,0,0,0,0,0,0,0,0,0,0,0,0,0,0,0,0,0,0,,,,,,,,
764,764,Flood Flow Canal Head Regulator,Telangana SW,36,Telangana,516,NIZAMABAD,-,-,-,-,-,-,-,-,-,18.91368898,78.34351872,19-05-2026 05:00,0,0,0,0,0,0,0,0,0,0,0,0,0,0,0,0,0,0,0,0,0,0,0,0,0,0,0,0,0,0,0,0,0,0,0,0,0,0,0,0,0,0,,,,,,,,
765,765,Flood Flow Canal Head Regulator,Telangana SW,36,Telangana,516,NIZAMABAD,-,-,-,-,-,-,-,-,-,18.91368898,78.34351872,19-05-2026 06:00,0,0,0,0,0,0,0,0,0,0,0,0,0,0,0,0,0,0,0,0,0,0,0,0,0,0,0,0,0,0,0,0,0,0,0,0,0,0,0,0,0,0,,,,,,,,
766,766,Flood Flow Canal Head Regulator,Telangana SW,36,Telangana,516,NIZAMABAD,-,-,-,-,-,-,-,-,-,18.91368898,78.34351872,19-05-2026 07:00,0,0,0,0,0,0,0,0,0,0,0,0,0,0,0,0,0,0,0,0,0,0,0,0,0,0,0,0,0,0,0,0,0,0,0,0,0,0,0,0,0,0,,,,,,,,
767,767,Flood Flow Canal Head Regulator,Telangana SW,36,Telangana,516,NIZAMABAD,-,-,-,-,-,-,-,-,-,18.91368898,78.34351872,19-05-2026 08:00,0,0,0,0,0,0,0,0,0,0,0,0,0,0,0,0,0,0,0,0,0,0,0,0,0,0,0,0,0,0,0,0,0,0,0,0,0,0,0,0,0,0,,,,,,,,
768,768,Flood Flow Canal Head Regulator,Telangana SW,36,Telangana,516,NIZAMABAD,-,-,-,-,-,-,-,-,-,18.91368898,78.34351872,19-05-2026 10:00,0,0,0,0,0,0,0,0,0,0,0,0,0,0,0,0,0,0,0,0,0,0,0,0,0,0,0,0,0,0,0,0,0,0,0,0,0,0,0,0,0,0,,,,,,,,
769,769,Flood Flow Canal Head Regulator,Telangana SW,36,Telangana,516,NIZAMABAD,-,-,-,-,-,-,-,-,-,18.91368898,78.34351872,19-05-2026 13:00,0,0,0,0,0,0,0,0,0,0,0,0,0,0,0,0,0,0,0,0,0,0,0,0,0,0,0,0,0,0,0,0,0,0,0,0,0,0,0,0,0,0,,,,,,,,
770,770,Flood Flow Canal Head Regulator,Telangana SW,36,Telangana,516,NIZAMABAD,-,-,-,-,-,-,-,-,-,18.91368898,78.34351872,19-05-2026 15:00,0,0,0,0,0,0,0,0,0,0,0,0,0,0,0,0,0,0,0,0,0,0,0,0,0,0,0,0,0,0,0,0,0,0,0,0,0,0,0,0,0,0,,,,,,,,
771,771,Flood Flow Canal Head Regulator,Telangana SW,36,Telangana,516,NIZAMABAD,-,-,-,-,-,-,-,-,-,18.91368898,78.34351872,19-05-2026 16:00,0,0,0,0,0,0,0,0,0,0,0,0,0,0,0,0,0,0,0,0,0,0,0,0,0,0,0,0,0,0,0,0,0,0,0,0,0,0,0,0,0,0,,,,,,,,
772,772,Flood Flow Canal Head Regulator,Telangana SW,36,Telangana,516,NIZAMABAD,-,-,-,-,-,-,-,-,-,18.91368898,78.34351872,19-05-2026 17:00,0,0,0,0,0,0,0,0,0,0,0,0,0,0,0,0,0,0,0,0,0,0,0,0,0,0,0,0,0,0,0,0,0,0,0,0,0,0,0,0,0,0,,,,,,,,
773,773,Flood Flow Canal Head Regulator,Telangana SW,36,Telangana,516,NIZAMABAD,-,-,-,-,-,-,-,-,-,18.91368898,78.34351872,19-05-2026 18:00,0,0,0,0,0,0,0,0,0,0,0,0,0,0,0,0,0,0,0,0,0,0,0,0,0,0,0,0,0,0,0,0,0,0,0,0,0,0,0,0,0,0,,,,,,,,
774,774,Flood Flow Canal Head Regulator,Telangana SW,36,Telangana,516,NIZAMABAD,-,-,-,-,-,-,-,-,-,18.91368898,78.34351872,19-05-2026 19:00,0,0,0,0,0,0,0,0,0,0,0,0,0,0,0,0,0,0,0,0,0,0,0,0,0,0,0,0,0,0,0,0,0,0,0,0,0,0,0,0,0,0,,,,,,,,
775,775,Flood Flow Canal Head Regulator,Telangana SW,36,Telangana,516,NIZAMABAD,-,-,-,-,-,-,-,-,-,18.91368898,78.34351872,19-05-2026 21:00,0,0,0,0,0,0,0,0,0,0,0,0,0,0,0,0,0,0,0,0,0,0,0,0,0,0,0,0,0,0,0,0,0,0,0,0,0,0,0,0,0,0,,,,,,,,
776,776,Flood Flow Canal Head Regulator,Telangana SW,36,Telangana,516,NIZAMABAD,-,-,-,-,-,-,-,-,-,18.91368898,78.34351872,19-05-2026 22:00,0,0,0,0,0,0,0,0,0,0,0,0,0,0,0,0,0,0,0,0,0,0,0,0,0,0,0,0,0,0,0,0,0,0,0,0,0,0,0,0,0,0,,,,,,,,
777,777,Flood Flow Canal Head Regulator,Telangana SW,36,Telangana,516,NIZAMABAD,-,-,-,-,-,-,-,-,-,18.91368898,78.34351872,19-05-2026 23:00,0,0,0,0,0,0,0,0,0,0,0,0,0,0,0,0,0,0,0,0,0,0,0,0,0,0,0,0,0,0,0,0,0,0,0,0,0,0,0,0,0,0,,,,,,,,
778,778,Flood Flow Canal Head Regulator,Telangana SW,36,Telangana,516,NIZAMABAD,-,-,-,-,-,-,-,-,-,18.91368898,78.34351872,20-05-2026 00:00,0,0,0,0,0,0,0,0,0,0,0,0,0,0,0,0,0,0,0,0,0,0,0,0,0,0,0,0,0,0,0,0,0,0,0,0,0,0,0,0,0,0,,,,,,,,
779,779,Flood Flow Canal Head Regulator,Telangana SW,36,Telangana,516,NIZAMABAD,-,-,-,-,-,-,-,-,-,18.91368898,78.34351872,20-05-2026 02:00,0,0,0,0,0,0,0,0,0,0,0,0,0,0,0,0,0,0,0,0,0,0,0,0,0,0,0,0,0,0,0,0,0,0,0,0,0,0,0,0,0,0,,,,,,,,
780,780,Flood Flow Canal Head Regulator,Telangana SW,36,Telangana,516,NIZAMABAD,-,-,-,-,-,-,-,-,-,18.91368898,78.34351872,20-05-2026 03:00,0,0,0,0,0,0,0,0,0,0,0,0,0,0,0,0,0,0,0,0,0,0,0,0,0,0,0,0,0,0,0,0,0,0,0,0,0,0,0,0,0,0,,,,,,,,
781,781,Flood Flow Canal Head Regulator,Telangana SW,36,Telangana,516,NIZAMABAD,-,-,-,-,-,-,-,-,-,18.91368898,78.34351872,20-05-2026 04:00,0,0,0,0,0,0,0,0,0,0,0,0,0,0,0,0,0,0,0,0,0,0,0,0,0,0,0,0,0,0,0,0,0,0,0,0,0,0,0,0,0,0,,,,,,,,
782,782,Flood Flow Canal Head Regulator,Telangana SW,36,Telangana,516,NIZAMABAD,-,-,-,-,-,-,-,-,-,18.91368898,78.34351872,20-05-2026 05:00,0,0,0,0,0,0,0,0,0,0,0,0,0,0,0,0,0,0,0,0,0,0,0,0,0,0,0,0,0,0,0,0,0,0,0,0,0,0,0,0,0,0,,,,,,,,
783,783,Flood Flow Canal Head Regulator,Telangana SW,36,Telangana,516,NIZAMABAD,-,-,-,-,-,-,-,-,-,18.91368898,78.34351872,20-05-2026 07:00,0,0,0,0,0,0,0,0,0,0,0,0,0,0,0,0,0,0,0,0,0,0,0,0,0,0,0,0,0,0,0,0,0,0,0,0,0,0,0,0,0,0,,,,,,,,
784,784,Flood Flow Canal Head Regulator,Telangana SW,36,Telangana,516,NIZAMABAD,-,-,-,-,-,-,-,-,-,18.91368898,78.34351872,20-05-2026 08:00,0,0,0,0,0,0,0,0,0,0,0,0,0,0,0,0,0,0,0,0,0,0,0,0,0,0,0,0,0,0,0,0,0,0,0,0,0,0,0,0,0,0,,,,,,,,
785,785,Flood Flow Canal Head Regulator,Telangana SW,36,Telangana,516,NIZAMABAD,-,-,-,-,-,-,-,-,-,18.91368898,78.34351872,20-05-2026 09:00,0,0,0,0,0,0,0,0,0,0,0,0,0,0,0,0,0,0,0,0,0,0,0,0,0,0,0,0,0,0,0,0,0,0,0,0,0,0,0,0,0,0,,,,,,,,
786,786,Flood Flow Canal Head Regulator,Telangana SW,36,Telangana,516,NIZAMABAD,-,-,-,-,-,-,-,-,-,18.91368898,78.34351872,20-05-2026 10:00,0,0,0,0,0,0,0,0,0,0,0,0,0,0,0,0,0,0,0,0,0,0,0,0,0,0,0,0,0,0,0,0,0,0,0,0,0,0,0,0,0,0,,,,,,,,
787,787,Flood Flow Canal Head Regulator,Telangana SW,36,Telangana,516,NIZAMABAD,-,-,-,-,-,-,-,-,-,18.91368898,78.34351872,20-05-2026 12:00,0,0,0,0,0,0,0,0,0,0,0,0,0,0,0,0,0,0,0,0,0,0,0,0,0,0,0,0,0,0,0,0,0,0,0,0,0,0,0,0,0,0,,,,,,,,
788,788,Flood Flow Canal Head Regulator,Telangana SW,36,Telangana,516,NIZAMABAD,-,-,-,-,-,-,-,-,-,18.91368898,78.34351872,20-05-2026 13:00,0,0,0,0,0,0,0,0,0,0,0,0,0,0,0,0,0,0,0,0,0,0,0,0,0,0,0,0,0,0,0,0,0,0,0,0,0,0,0,0,0,0,,,,,,,,
789,789,Flood Flow Canal Head Regulator,Telangana SW,36,Telangana,516,NIZAMABAD,-,-,-,-,-,-,-,-,-,18.91368898,78.34351872,20-05-2026 14:00,0,0,0,0,0,0,0,0,0,0,0,0,0,0,0,0,0,0,0,0,0,0,0,0,0,0,0,0,0,0,0,0,0,0,0,0,0,0,0,0,0,0,,,,,,,,
790,790,Flood Flow Canal Head Regulator,Telangana SW,36,Telangana,516,NIZAMABAD,-,-,-,-,-,-,-,-,-,18.91368898,78.34351872,20-05-2026 15:00,0,0,0,0,0,0,0,0,0,0,0,0,0,0,0,0,0,0,0,0,0,0,0,0,0,0,0,0,0,0,0,0,0,0,0,0,0,0,0,0,0,0,,,,,,,,
791,791,Flood Flow Canal Head Regulator,Telangana SW,36,Telangana,516,NIZAMABAD,-,-,-,-,-,-,-,-,-,18.91368898,78.34351872,20-05-2026 17:00,0,0,0,0,0,0,0,0,0,0,0,0,0,0,0,0,0,0,0,0,0,0,0,0,0,0,0,0,0,0,0,0,0,0,0,0,0,0,0,0,0,0,,,,,,,,
792,792,Flood Flow Canal Head Regulator,Telangana SW,36,Telangana,516,NIZAMABAD,-,-,-,-,-,-,-,-,-,18.91368898,78.34351872,20-05-2026 18:00,0,0,0,0,0,0,0,0,0,0,0,0,0,0,0,0,0,0,0,0,0,0,0,0,0,0,0,0,0,0,0,0,0,0,0,0,0,0,0,0,0,0,,,,,,,,
793,793,Flood Flow Canal Head Regulator,Telangana SW,36,Telangana,516,NIZAMABAD,-,-,-,-,-,-,-,-,-,18.91368898,78.34351872,20-05-2026 19:00,0,0,0,0,0,0,0,0,0,0,0,0,0,0,0,0,0,0,0,0,0,0,0,0,0,0,0,0,0,0,0,0,0,0,0,0,0,0,0,0,0,0,,,,,,,,
794,794,Flood Flow Canal Head Regulator,Telangana SW,36,Telangana,516,NIZAMABAD,-,-,-,-,-,-,-,-,-,18.91368898,78.34351872,20-05-2026 20:00,0,0,0,0,0,0,0,0,0,0,0,0,0,0,0,0,0,0,0,0,0,0,0,0,0,0,0,0,0,0,0,0,0,0,0,0,0,0,0,0,0,0,,,,,,,,
795,795,Flood Flow Canal Head Regulator,Telangana SW,36,Telangana,516,NIZAMABAD,-,-,-,-,-,-,-,-,-,18.91368898,78.34351872,20-05-2026 21:00,0,0,0,0,0,0,0,0,0,0,0,0,0,0,0,0,0,0,0,0,0,0,0,0,0,0,0,0,0,0,0,0,0,0,0,0,0,0,0,0,0,0,,,,,,,,
796,796,Flood Flow Canal Head Regulator,Telangana SW,36,Telangana,516,NIZAMABAD,-,-,-,-,-,-,-,-,-,18.91368898,78.34351872,20-05-2026 23:00,0,0,0,0,0,0,0,0,0,0,0,0,0,0,0,0,0,0,0,0,0,0,0,0,0,0,0,0,0,0,0,0,0,0,0,0,0,0,0,0,0,0,,,,,,,,
797,797,Flood Flow Canal Head Regulator,Telangana SW,36,Telangana,516,NIZAMABAD,-,-,-,-,-,-,-,-,-,18.91368898,78.34351872,21-05-2026 00:00,0,0,0,0,0,0,0,0,0,0,0,0,0,0,0,0,0,0,0,0,0,0,0,0,0,0,0,0,0,0,0,0,0,0,0,0,0,0,0,0,0,0,,,,,,,,
798,798,Flood Flow Canal Head Regulator,Telangana SW,36,Telangana,516,NIZAMABAD,-,-,-,-,-,-,-,-,-,18.91368898,78.34351872,21-05-2026 01:00,0,0,0,0,0,0,0,0,0,0,0,0,0,0,0,0,0,0,0,0,0,0,0,0,0,0,0,0,0,0,0,0,0,0,0,0,0,0,0,0,0,0,,,,,,,,
799,799,Flood Flow Canal Head Regulator,Telangana SW,36,Telangana,516,NIZAMABAD,-,-,-,-,-,-,-,-,-,18.91368898,78.34351872,21-05-2026 02:00,0,0,0,0,0,0,0,0,0,0,0,0,0,0,0,0,0,0,0,0,0,0,0,0,0,0,0,0,0,0,0,0,0,0,0,0,0,0,0,0,0,0,,,,,,,,
800,800,Flood Flow Canal Head Regulator,Telangana SW,36,Telangana,516,NIZAMABAD,-,-,-,-,-,-,-,-,-,18.91368898,78.34351872,21-05-2026 04:00,0,0,0,0,0,0,0,0,0,0,0,0,0,0,0,0,0,0,0,0,0,0,0,0,0,0,0,0,0,0,0,0,0,0,0,0,0,0,0,0,0,0,,,,,,,,
801,801,Flood Flow Canal Head Regulator,Telangana SW,36,Telangana,516,NIZAMABAD,-,-,-,-,-,-,-,-,-,18.91368898,78.34351872,21-05-2026 05:00,0,0,0,0,0,0,0,0,0,0,0,0,0,0,0,0,0,0,0,0,0,0,0,0,0,0,0,0,0,0,0,0,0,0,0,0,0,0,0,0,0,0,,,,,,,,
802,802,Flood Flow Canal Head Regulator,Telangana SW,36,Telangana,516,NIZAMABAD,-,-,-,-,-,-,-,-,-,18.91368898,78.34351872,21-05-2026 06:00,0,0,0,0,0,0,0,0,0,0,0,0,0,0,0,0,0,0,0,0,0,0,0,0,0,0,0,0,0,0,0,0,0,0,0,0,0,0,0,0,0,0,,,,,,,,
803,803,Flood Flow Canal Head Regulator,Telangana SW,36,Telangana,516,NIZAMABAD,-,-,-,-,-,-,-,-,-,18.91368898,78.34351872,21-05-2026 07:00,0,0,0,0,0,0,0,0,0,0,0,0,0,0,0,0,0,0,0,0,0,0,0,0,0,0,0,0,0,0,0,0,0,0,0,0,0,0,0,0,0,0,,,,,,,,
804,804,Flood Flow Canal Head Regulator,Telangana SW,36,Telangana,516,NIZAMABAD,-,-,-,-,-,-,-,-,-,18.91368898,78.34351872,21-05-2026 09:00,0,0,0,0,0,0,0,0,0,0,0,0,0,0,0,0,0,0,0,0,0,0,0,0,0,0,0,0,0,0,0,0,0,0,0,0,0,0,0,0,0,0,,,,,,,,
805,805,Flood Flow Canal Head Regulator,Telangana SW,36,Telangana,516,NIZAMABAD,-,-,-,-,-,-,-,-,-,18.91368898,78.34351872,21-05-2026 10:00,0,0,0,0,0,0,0,0,0,0,0,0,0,0,0,0,0,0,0,0,0,0,0,0,0,0,0,0,0,0,0,0,0,0,0,0,0,0,0,0,0,0,,,,,,,,
806,806,Flood Flow Canal Head Regulator,Telangana SW,36,Telangana,516,NIZAMABAD,-,-,-,-,-,-,-,-,-,18.91368898,78.34351872,21-05-2026 11:00,0,0,0,0,0,0,0,0,0,0,0,0,0,0,0,0,0,0,0,0,0,0,0,0,0,0,0,0,0,0,0,0,0,0,0,0,0,0,0,0,0,0,,,,,,,,
807,807,Flood Flow Canal Head Regulator,Telangana SW,36,Telangana,516,NIZAMABAD,-,-,-,-,-,-,-,-,-,18.91368898,78.34351872,21-05-2026 12:00,0,0,0,0,0,0,0,0,0,0,0,0,0,0,0,0,0,0,0,0,0,0,0,0,0,0,0,0,0,0,0,0,0,0,0,0,0,0,0,0,0,0,,,,,,,,
808,808,Flood Flow Canal Head Regulator,Telangana SW,36,Telangana,516,NIZAMABAD,-,-,-,-,-,-,-,-,-,18.91368898,78.34351872,21-05-2026 13:00,0,0,0,0,0,0,0,0,0,0,0,0,0,0,0,0,0,0,0,0,0,0,0,0,0,0,0,0,0,0,0,0,0,0,0,0,0,0,0,0,0,0,,,,,,,,
809,809,Flood Flow Canal Head Regulator,Telangana SW,36,Telangana,516,NIZAMABAD,-,-,-,-,-,-,-,-,-,18.91368898,78.34351872,21-05-2026 15:00,0,0,0,0,0,0,0,0,0,0,0,0,0,0,0,0,0,0,0,0,0,0,0,0,0,0,0,0,0,0,0,0,0,0,0,0,0,0,0,0,0,0,,,,,,,,
810,810,Flood Flow Canal Head Regulator,Telangana SW,36,Telangana,516,NIZAMABAD,-,-,-,-,-,-,-,-,-,18.91368898,78.34351872,21-05-2026 16:00,0,0,0,0,0,0,0,0,0,0,0,0,0,0,0,0,0,0,0,0,0,0,0,0,0,0,0,0,0,0,0,0,0,0,0,0,0,0,0,0,0,0,,,,,,,,
811,811,Flood Flow Canal Head Regulator,Telangana SW,36,Telangana,516,NIZAMABAD,-,-,-,-,-,-,-,-,-,18.91368898,78.34351872,21-05-2026 17:00,0,0,0,0,0,0,0,0,0,0,0,0,0,0,0,0,0,0,0,0,0,0,0,0,0,0,0,0,0,0,0,0,0,0,0,0,0,0,0,0,0,0,,,,,,,,
812,812,Flood Flow Canal Head Regulator,Telangana SW,36,Telangana,516,NIZAMABAD,-,-,-,-,-,-,-,-,-,18.91368898,78.34351872,21-05-2026 18:00,0,0,0,0,0,0,0,0,0,0,0,0,0,0,0,0,0,0,0,0,0,0,0,0,0,0,0,0,0,0,0,0,0,0,0,0,0,0,0,0,0,0,,,,,,,,
813,813,Flood Flow Canal Head Regulator,Telangana SW,36,Telangana,516,NIZAMABAD,-,-,-,-,-,-,-,-,-,18.91368898,78.34351872,21-05-2026 20:00,0,0,0,0,0,0,0,0,0,0,0,0,0,0,0,0,0,0,0,0,0,0,0,0,0,0,0,0,0,0,0,0,0,0,0,0,0,0,0,0,0,0,,,,,,,,
814,814,Flood Flow Canal Head Regulator,Telangana SW,36,Telangana,516,NIZAMABAD,-,-,-,-,-,-,-,-,-,18.91368898,78.34351872,21-05-2026 21:00,0,0,0,0,0,0,0,0,0,0,0,0,0,0,0,0,0,0,0,0,0,0,0,0,0,0,0,0,0,0,0,0,0,0,0,0,0,0,0,0,0,0,,,,,,,,
815,815,Flood Flow Canal Head Regulator,Telangana SW,36,Telangana,516,NIZAMABAD,-,-,-,-,-,-,-,-,-,18.91368898,78.34351872,21-05-2026 22:00,0,0,0,0,0,0,0,0,0,0,0,0,0,0,0,0,0,0,0,0,0,0,0,0,0,0,0,0,0,0,0,0,0,0,0,0,0,0,0,0,0,0,,,,,,,,
816,816,Flood Flow Canal Head Regulator,Telangana SW,36,Telangana,516,NIZAMABAD,-,-,-,-,-,-,-,-,-,18.91368898,78.34351872,21-05-2026 23:00,0,0,0,0,0,0,0,0,0,0,0,0,0,0,0,0,0,0,0,0,0,0,0,0,0,0,0,0,0,0,0,0,0,0,0,0,0,0,0,0,0,0,,,,,,,,
817,817,Flood Flow Canal Head Regulator,Telangana SW,36,Telangana,516,NIZAMABAD,-,-,-,-,-,-,-,-,-,18.91368898,78.34351872,22-05-2026 01:00,0,0,0,0,0,0,0,0,0,0,0,0,0,0,0,0,0,0,0,0,0,0,0,0,0,0,0,0,0,0,0,0,0,0,0,0,0,0,0,0,0,0,,,,,,,,
818,818,Flood Flow Canal Head Regulator,Telangana SW,36,Telangana,516,NIZAMABAD,-,-,-,-,-,-,-,-,-,18.91368898,78.34351872,22-05-2026 02:00,0,0,0,0,0,0,0,0,0,0,0,0,0,0,0,0,0,0,0,0,0,0,0,0,0,0,0,0,0,0,0,0,0,0,0,0,0,0,0,0,0,0,,,,,,,,
819,819,Flood Flow Canal Head Regulator,Telangana SW,36,Telangana,516,NIZAMABAD,-,-,-,-,-,-,-,-,-,18.91368898,78.34351872,22-05-2026 03:00,0,0,0,0,0,0,0,0,0,0,0,0,0,0,0,0,0,0,0,0,0,0,0,0,0,0,0,0,0,0,0,0,0,0,0,0,0,0,0,0,0,0,,,,,,,,
820,820,Flood Flow Canal Head Regulator,Telangana SW,36,Telangana,516,NIZAMABAD,-,-,-,-,-,-,-,-,-,18.91368898,78.34351872,22-05-2026 04:00,0,0,0,0,0,0,0,0,0,0,0,0,0,0,0,0,0,0,0,0,0,0,0,0,0,0,0,0,0,0,0,0,0,0,0,0,0,0,0,0,0,0,,,,,,,,
821,821,Flood Flow Canal Head Regulator,Telangana SW,36,Telangana,516,NIZAMABAD,-,-,-,-,-,-,-,-,-,18.91368898,78.34351872,22-05-2026 05:00,0,0,0,0,0,0,0,0,0,0,0,0,0,0,0,0,0,0,0,0,0,0,0,0,0,0,0,0,0,0,0,0,0,0,0,0,0,0,0,0,0,0,,,,,,,,
822,822,Flood Flow Canal Head Regulator,Telangana SW,36,Telangana,516,NIZAMABAD,-,-,-,-,-,-,-,-,-,18.91368898,78.34351872,22-05-2026 07:00,0,0,0,0,0,0,0,0,0,0,0,0,0,0,0,0,0,0,0,0,0,0,0,0,0,0,0,0,0,0,0,0,0,0,0,0,0,0,0,0,0,0,,,,,,,,
823,823,Flood Flow Canal Head Regulator,Telangana SW,36,Telangana,516,NIZAMABAD,-,-,-,-,-,-,-,-,-,18.91368898,78.34351872,22-05-2026 08:00,0,0,0,0,0,0,0,0,0,0,0,0,0,0,0,0,0,0,0,0,0,0,0,0,0,0,0,0,0,0,0,0,0,0,0,0,0,0,0,0,0,0,,,,,,,,
824,824,Flood Flow Canal Head Regulator,Telangana SW,36,Telangana,516,NIZAMABAD,-,-,-,-,-,-,-,-,-,18.91368898,78.34351872,22-05-2026 09:00,0,0,0,0,0,0,0,0,0,0,0,0,0,0,0,0,0,0,0,0,0,0,0,0,0,0,0,0,0,0,0,0,0,0,0,0,0,0,0,0,0,0,,,,,,,,
825,825,Flood Flow Canal Head Regulator,Telangana SW,36,Telangana,516,NIZAMABAD,-,-,-,-,-,-,-,-,-,18.91368898,78.34351872,22-05-2026 10:00,0,0,0,0,0,0,0,0,0,0,0,0,0,0,0,0,0,0,0,0,0,0,0,0,0,0,0,0,0,0,0,0,0,0,0,0,0,0,0,0,0,0,,,,,,,,
826,826,Flood Flow Canal Head Regulator,Telangana SW,36,Telangana,516,NIZAMABAD,-,-,-,-,-,-,-,-,-,18.91368898,78.34351872,22-05-2026 12:00,0,0,0,0,0,0,0,0,0,0,0,0,0,0,0,0,0,0,0,0,0,0,0,0,0,0,0,0,0,0,0,0,0,0,0,0,0,0,0,0,0,0,,,,,,,,
827,827,Flood Flow Canal Head Regulator,Telangana SW,36,Telangana,516,NIZAMABAD,-,-,-,-,-,-,-,-,-,18.91368898,78.34351872,22-05-2026 13:00,0,0,0,0,0,0,0,0,0,0,0,0,0,0,0,0,0,0,0,0,0,0,0,0,0,0,0,0,0,0,0,0,0,0,0,0,0,0,0,0,0,0,,,,,,,,
828,828,Flood Flow Canal Head Regulator,Telangana SW,36,Telangana,516,NIZAMABAD,-,-,-,-,-,-,-,-,-,18.91368898,78.34351872,22-05-2026 14:00,0,0,0,0,0,0,0,0,0,0,0,0,0,0,0,0,0,0,0,0,0,0,0,0,0,0,0,0,0,0,0,0,0,0,0,0,0,0,0,0,0,0,,,,,,,,
829,829,Flood Flow Canal Head Regulator,Telangana SW,36,Telangana,516,NIZAMABAD,-,-,-,-,-,-,-,-,-,18.91368898,78.34351872,22-05-2026 15:00,0,0,0,0,0,0,0,0,0,0,0,0,0,0,0,0,0,0,0,0,0,0,0,0,0,0,0,0,0,0,0,0,0,0,0,0,0,0,0,0,0,0,,,,,,,,
830,830,Flood Flow Canal Head Regulator,Telangana SW,36,Telangana,516,NIZAMABAD,-,-,-,-,-,-,-,-,-,18.91368898,78.34351872,22-05-2026 17:00,0,0,0,0,0,0,0,0,0,0,0,0,0,0,0,0,0,0,0,0,0,0,0,0,0,0,0,0,0,0,0,0,0,0,0,0,0,0,0,0,0,0,,,,,,,,
831,831,Flood Flow Canal Head Regulator,Telangana SW,36,Telangana,516,NIZAMABAD,-,-,-,-,-,-,-,-,-,18.91368898,78.34351872,22-05-2026 18:00,0,0,0,0,0,0,0,0,0,0,0,0,0,0,0,0,0,0,0,0,0,0,0,0,0,0,0,0,0,0,0,0,0,0,0,0,0,0,0,0,0,0,,,,,,,,
832,832,Flood Flow Canal Head Regulator,Telangana SW,36,Telangana,516,NIZAMABAD,-,-,-,-,-,-,-,-,-,18.91368898,78.34351872,22-05-2026 19:00,0,0,0,0,0,0,0,0,0,0,0,0,0,0,0,0,0,0,0,0,0,0,0,0,0,0,0,0,0,0,0,0,0,0,0,0,0,0,0,0,0,0,,,,,,,,
833,833,Flood Flow Canal Head Regulator,Telangana SW,36,Telangana,516,NIZAMABAD,-,-,-,-,-,-,-,-,-,18.91368898,78.34351872,22-05-2026 20:00,0,0,0,0,0,0,0,0,0,0,0,0,0,0,0,0,0,0,0,0,0,0,0,0,0,0,0,0,0,0,0,0,0,0,0,0,0,0,0,0,0,0,,,,,,,,
834,834,Flood Flow Canal Head Regulator,Telangana SW,36,Telangana,516,NIZAMABAD,-,-,-,-,-,-,-,-,-,18.91368898,78.34351872,22-05-2026 22:00,0,0,0,0,0,0,0,0,0,0,0,0,0,0,0,0,0,0,0,0,0,0,0,0,0,0,0,0,0,0,0,0,0,0,0,0,0,0,0,0,0,0,,,,,,,,
835,835,Flood Flow Canal Head Regulator,Telangana SW,36,Telangana,516,NIZAMABAD,-,-,-,-,-,-,-,-,-,18.91368898,78.34351872,22-05-2026 23:00,0,0,0,0,0,0,0,0,0,0,0,0,0,0,0,0,0,0,0,0,0,0,0,0,0,0,0,0,0,0,0,0,0,0,0,0,0,0,0,0,0,0,,,,,,,,
836,836,Flood Flow Canal Head Regulator,Telangana SW,36,Telangana,516,NIZAMABAD,-,-,-,-,-,-,-,-,-,18.91368898,78.34351872,23-05-2026 00:00,0,0,0,0,0,0,0,0,0,0,0,0,0,0,0,0,0,0,0,0,0,0,0,0,0,0,0,0,0,0,0,0,0,0,0,0,0,0,0,0,0,0,,,,,,,,
837,837,Flood Flow Canal Head Regulator,Telangana SW,36,Telangana,516,NIZAMABAD,-,-,-,-,-,-,-,-,-,18.91368898,78.34351872,22-06-2026 17:00,0,0,0,0,0,0,0,0,0,0,0,0,0,0,0,0,0,0,0,0,0,0,0,0,0,0,0,0,0,0,0,0,0,0,0,0,0,0,0,0,0,0,,,,,,,,
838,838,Flood Flow Canal Head Regulator,Telangana SW,36,Telangana,516,NIZAMABAD,-,-,-,-,-,-,-,-,-,18.91368898,78.34351872,22-06-2026 18:00,0,0,0,0,0,0,0,0,0,0,0,0,0,0,0,0,0,0,0,0,0,0,0,0,0,0,0,0,0,0,0,0,0,0,0,0,0,0,0,0,0,0,,,,,,,,
839,839,Flood Flow Canal Head Regulator,Telangana SW,36,Telangana,516,NIZAMABAD,-,-,-,-,-,-,-,-,-,18.91368898,78.34351872,22-06-2026 19:00,0,0,0,0,0,0,0,0,0,0,0,0,0,0,0,0,0,0,0,0,0,0,0,0,0,0,0,0,0,0,0,0,0,0,0,0,0,0,0,0,0,0,,,,,,,,
840,840,Flood Flow Canal Head Regulator,Telangana SW,36,Telangana,516,NIZAMABAD,-,-,-,-,-,-,-,-,-,18.91368898,78.34351872,22-06-2026 21:00,0,0,0,0,0,0,0,0,0,0,0,0,0,0,0,0,0,0,0,0,0,0,0,0,0,0,0,0,0,0,0,0,0,0,0,0,0,0,0,0,0,0,,,,,,,,
841,841,Flood Flow Canal Head Regulator,Telangana SW,36,Telangana,516,NIZAMABAD,-,-,-,-,-,-,-,-,-,18.91368898,78.34351872,22-06-2026 22:00,0,0,0,0,0,0,0,0,0,0,0,0,0,0,0,0,0,0,0,0,0,0,0,0,0,0,0,0,0,0,0,0,0,0,0,0,0,0,0,0,0,0,,,,,,,,
842,842,Flood Flow Canal Head Regulator,Telangana SW,36,Telangana,516,NIZAMABAD,-,-,-,-,-,-,-,-,-,18.91368898,78.34351872,24-06-2026 12:00,0,0,0,0,0,0,0,0,0,0,0,0,0,0,0,0,0,0,0,0,0,0,0,0,0,0,0,0,0,0,0,0,0,0,0,0,0,0,0,0,0,0,,,,,,,,
843,843,Flood Flow Canal Head Regulator,Telangana SW,36,Telangana,516,NIZAMABAD,-,-,-,-,-,-,-,-,-,18.91368898,78.34351872,24-06-2026 14:00,0,0,0,0,0,0,0,0,0,0,0,0,0,0,0,0,0,0,0,0,0,0,0,0,0,0,0,0,0,0,0,0,0,0,0,0,0,0,0,0,0,0,,,,,,,,
844,844,Flood Flow Canal Head Regulator,Telangana SW,36,Telangana,516,NIZAMABAD,-,-,-,-,-,-,-,-,-,18.91368898,78.34351872,24-06-2026 15:00,0,0,0,0,0,0,0,0,0,0,0,0,0,0,0,0,0,0,0,0,0,0,0,0,0,0,0,0,0,0,0,0,0,0,0,0,0,0,0,0,0,0,,,,,,,,
845,845,Flood Flow Canal Head Regulator,Telangana SW,36,Telangana,516,NIZAMABAD,-,-,-,-,-,-,-,-,-,18.91368898,78.34351872,24-06-2026 16:00,0,0,0,0,0,0,0,0,0,0,0,0,0,0,0,0,0,0,0,0,0,0,0,0,0,0,0,0,0,0,0,0,0,0,0,0,0,0,0,0,0,0,,,,,,,,
846,846,Flood Flow Canal Head Regulator,Telangana SW,36,Telangana,516,NIZAMABAD,-,-,-,-,-,-,-,-,-,18.91368898,78.34351872,04-08-2026 18:00,0,0,0,0,0,0,0,0,0,0,0,0,0,0,0,0,0,0,0,0,0,0,0,0,0,0,0,0,0,0,0,0,0,0,0,0,0,0,0,0,0,0,,,,,,,,
847,847,Flood Flow Canal Head Regulator,Telangana SW,36,Telangana,516,NIZAMABAD,-,-,-,-,-,-,-,-,-,18.91368898,78.34351872,04-08-2026 19:00,0,0,0,0,0,0,0,0,0,0,0,0,0,0,0,0,0,0,0,0,0,0,0,0,0,0,0,0,0,0,0,0,0,0,0,0,0,0,0,0,0,0,,,,,,,,
848,848,Flood Flow Canal Head Regulator,Telangana SW,36,Telangana,516,NIZAMABAD,-,-,-,-,-,-,-,-,-,18.91368898,78.34351872,04-08-2026 20:00,0,0,0,0,0,0,0,0,0,0,0,0,0,0,0,0,0,0,0,0,0,0,0,0,0,0,0,0,0,0,0,0,0,0,0,0,0,0,0,0,0,0,,,,,,,,
849,849,Flood Flow Canal Head Regulator,Telangana SW,36,Telangana,516,NIZAMABAD,-,-,-,-,-,-,-,-,-,18.91368898,78.34351872,04-08-2026 22:00,0,0,0,0,0,0,0,0,0,0,0,0,0,0,0,0,0,0,0,0,0,0,0,0,0,0,0,0,0,0,0,0,0,0,0,0,0,0,0,0,0,0,,,,,,,,
850,850,Flood Flow Canal Head Regulator,Telangana SW,36,Telangana,516,NIZAMABAD,-,-,-,-,-,-,-,-,-,18.91368898,78.34351872,04-08-2026 23:00,0,0,0,0,0,0,0,0,0,0,0,0,0,0,0,0,0,0,0,0,0,0,0,0,0,0,0,0,0,0,0,0,0,0,0,0,0,0,0,0,0,0,,,,,,,,
851,851,Flood Flow Canal Head Regulator,Telangana SW,36,Telangana,516,NIZAMABAD,-,-,-,-,-,-,-,-,-,18.91368898,78.34351872,05-08-2026 00:00,0,0,0,0,0,0,0,0,0,0,0,0,0,0,0,0,0,0,0,0,0,0,0,0,0,0,0,0,0,0,0,0,0,0,0,0,0,0,0,0,0,0,,,,,,,,
852,852,Flood Flow Canal Head Regulator,Telangana SW,36,Telangana,516,NIZAMABAD,-,-,-,-,-,-,-,-,-,18.91368898,78.34351872,05-08-2026 01:00,0,0,0,0,0,0,0,0,0,0,0,0,0,0,0,0,0,0,0,0,0,0,0,0,0,0,0,0,0,0,0,0,0,0,0,0,0,0,0,0,0,0,,,,,,,,
853,853,Flood Flow Canal Head Regulator,Telangana SW,36,Telangana,516,NIZAMABAD,-,-,-,-,-,-,-,-,-,18.91368898,78.34351872,05-08-2026 03:00,0,0,0,0,0,0,0,0,0,0,0,0,0,0,0,0,0,0,0,0,0,0,0,0,0,0,0,0,0,0,0,0,0,0,0,0,0,0,0,0,0,0,,,,,,,,
854,854,Flood Flow Canal Head Regulator,Telangana SW,36,Telangana,516,NIZAMABAD,-,-,-,-,-,-,-,-,-,18.91368898,78.34351872,05-08-2026 04:00,0,0,0,0,0,0,0,0,0,0,0,0,0,0,0,0,0,0,0,0,0,0,0,0,0,0,0,0,0,0,0,0,0,0,0,0,0,0,0,0,0,0,,,,,,,,
855,855,Flood Flow Canal Head Regulator,Telangana SW,36,Telangana,516,NIZAMABAD,-,-,-,-,-,-,-,-,-,18.91368898,78.34351872,05-08-2026 05:00,0,0,0,0,0,0,0,0,0,0,0,0,0,0,0,0,0,0,0,0,0,0,0,0,0,0,0,0,0,0,0,0,0,0,0,0,0,0,0,0,0,0,,,,,,,,
856,856,Flood Flow Canal Head Regulator,Telangana SW,36,Telangana,516,NIZAMABAD,-,-,-,-,-,-,-,-,-,18.91368898,78.34351872,05-08-2026 06:00,0,0,0,0,0,0,0,0,0,0,0,0,0,0,0,0,0,0,0,0,0,0,0,0,0,0,0,0,0,0,0,0,0,0,0,0,0,0,0,0,0,0,,,,,,,,
857,857,Flood Flow Canal Head Regulator,Telangana SW,36,Telangana,516,NIZAMABAD,-,-,-,-,-,-,-,-,-,18.91368898,78.34351872,05-08-2026 08:00,0,0,0,0,0,0,0,0,0,0,0,0,0,0,0,0,0,0,0,0,0,0,0,0,0,0,0,0,0,0,0,0,0,0,0,0,0,0,0,0,0,0,,,,,,,,
858,858,Flood Flow Canal Head Regulator,Telangana SW,36,Telangana,516,NIZAMABAD,-,-,-,-,-,-,-,-,-,18.91368898,78.34351872,05-08-2026 09:00,0,0,0,0,0,0,0,0,0,0,0,0,0,0,0,0,0,0,0,0,0,0,0,0,0,0,0,0,0,0,0,0,0,0,0,0,0,0,0,0,0,0,,,,,,,,
859,859,Flood Flow Canal Head Regulator,Telangana SW,36,Telangana,516,NIZAMABAD,-,-,-,-,-,-,-,-,-,18.91368898,78.34351872,05-08-2026 11:00,0,0,0,0,0,0,0,0,0,0,0,0,0,0,0,0,0,0,0,0,0,0,0,0,0,0,0,0,0,0,0,0,0,0,0,0,0,0,0,0,0,0,,,,,,,,
860,860,Flood Flow Canal Head Regulator,Telangana SW,36,Telangana,516,NIZAMABAD,-,-,-,-,-,-,-,-,-,18.91368898,78.34351872,05-08-2026 13:00,0,0,0,0,0,0,0,0,0,0,0,0,0,0,0,0,0,0,0,0,0,0,0,0,0,0,0,0,0,0,0,0,0,0,0,0,0,0,0,0,0,0,,,,,,,,
861,861,Flood Flow Canal Head Regulator,Telangana SW,36,Telangana,516,NIZAMABAD,-,-,-,-,-,-,-,-,-,18.91368898,78.34351872,05-08-2026 14:00,0,0,0,0,0,0,0,0,0,0,0,0,0,0,0,0,0,0,0,0,0,0,0,0,0,0,0,0,0,0,0,0,0,0,0,0,0,0,0,0,0,0,,,,,,,,
862,862,Flood Flow Canal Head Regulator,Telangana SW,36,Telangana,516,NIZAMABAD,-,-,-,-,-,-,-,-,-,18.91368898,78.34351872,05-08-2026 15:00,0,0,0,0,0,0,0,0,0,0,0,0,0,0,0,0,0,0,0,0,0,0,0,0,0,0,0,0,0,0,0,0,0,0,0,0,0,0,0,0,0,0,,,,,,,,
863,863,Flood Flow Canal Head Regulator,Telangana SW,36,Telangana,516,NIZAMABAD,-,-,-,-,-,-,-,-,-,18.91368898,78.34351872,05-08-2026 16:00,0,0,0,0,0,0,0,0,0,0,0,0,0,0,0,0,0,0,0,0,0,0,0,0,0,0,0,0,0,0,0,0,0,0,0,0,0,0,0,0,0,0,,,,,,,,
864,864,Flood Flow Canal Head Regulator,Telangana SW,36,Telangana,516,NIZAMABAD,-,-,-,-,-,-,-,-,-,18.91368898,78.34351872,05-08-2026 17:00,0,0,0,0,0,0,0,0,0,0,0,0,0,0,0,0,0,0,0,0,0,0,0,0,0,0,0,0,0,0,0,0,0,0,0,0,0,0,0,0,0,0,,,,,,,,
865,865,Flood Flow Canal Head Regulator,Telangana SW,36,Telangana,516,NIZAMABAD,-,-,-,-,-,-,-,-,-,18.91368898,78.34351872,05-08-2026 18:00,0,0,0,0,0,0,0,0,0,0,0,0,0,0,0,0,0,0,0,0,0,0,0,0,0,0,0,0,0,0,0,0,0,0,0,0,0,0,0,0,0,0,,,,,,,,
866,866,Flood Flow Canal Head Regulator,Telangana SW,36,Telangana,516,NIZAMABAD,-,-,-,-,-,-,-,-,-,18.91368898,78.34351872,05-08-2026 19:00,0,0,0,0,0,0,0,0,0,0,0,0,0,0,0,0,0,0,0,0,0,0,0,0,0,0,0,0,0,0,0,0,0,0,0,0,0,0,0,0,0,0,,,,,,,,
867,867,Flood Flow Canal Head Regulator,Telangana SW,36,Telangana,516,NIZAMABAD,-,-,-,-,-,-,-,-,-,18.91368898,78.34351872,05-08-2026 20:00,0,0,0,0,0,0,0,0,0,0,0,0,0,0,0,0,0,0,0,0,0,0,0,0,0,0,0,0,0,0,0,0,0,0,0,0,0,0,0,0,0,0,,,,,,,,
868,868,Flood Flow Canal Head Regulator,Telangana SW,36,Telangana,516,NIZAMABAD,-,-,-,-,-,-,-,-,-,18.91368898,78.34351872,05-08-2026 21:00,0,0,0,0,0,0,0,0,0,0,0,0,0,0,0,0,0,0,0,0,0,0,0,0,0,0,0,0,0,0,0,0,0,0,0,0,0,0,0,0,0,0,,,,,,,,
869,869,Flood Flow Canal Head Regulator,Telangana SW,36,Telangana,516,NIZAMABAD,-,-,-,-,-,-,-,-,-,18.91368898,78.34351872,05-08-2026 22:00,0,0,0,0,0,0,0,0,0,0,0,0,0,0,0,0,0,0,0,0,0,0,0,0,0,0,0,0,0,0,0,0,0,0,0,0,0,0,0,0,0,0,,,,,,,,
870,870,Flood Flow Canal Head Regulator,Telangana SW,36,Telangana,516,NIZAMABAD,-,-,-,-,-,-,-,-,-,18.91368898,78.34351872,05-08-2026 23:00,0,0,0,0,0,0,0,0,0,0,0,0,0,0,0,0,0,0,0,0,0,0,0,0,0,0,0,0,0,0,0,0,0,0,0,0,0,0,0,0,0,0,,,,,,,,
871,871,Flood Flow Canal Head Regulator,Telangana SW,36,Telangana,516,NIZAMABAD,-,-,-,-,-,-,-,-,-,18.91368898,78.34351872,06-08-2026 00:00,0,0,0,0,0,0,0,0,0,0,0,0,0,0,0,0,0,0,0,0,0,0,0,0,0,0,0,0,0,0,0,0,0,0,0,0,0,0,0,0,0,0,,,,,,,,
872,872,Flood Flow Canal Head Regulator,Telangana SW,36,Telangana,516,NIZAMABAD,-,-,-,-,-,-,-,-,-,18.91368898,78.34351872,06-08-2026 01:00,0,0,0,0,0,0,0,0,0,0,0,0,0,0,0,0,0,0,0,0,0,0,0,0,0,0,0,0,0,0,0,0,0,0,0,0,0,0,0,0,0,0,,,,,,,,
873,873,Flood Flow Canal Head Regulator,Telangana SW,36,Telangana,516,NIZAMABAD,-,-,-,-,-,-,-,-,-,18.91368898,78.34351872,06-08-2026 02:00,0,0,0,0,0,0,0,0,0,0,0,0,0,0,0,0,0,0,0,0,0,0,0,0,0,0,0,0,0,0,0,0,0,0,0,0,0,0,0,0,0,0,,,,,,,,
874,874,Flood Flow Canal Head Regulator,Telangana SW,36,Telangana,516,NIZAMABAD,-,-,-,-,-,-,-,-,-,18.91368898,78.34351872,06-08-2026 03:00,0,0,0,0,0,0,0,0,0,0,0,0,0,0,0,0,0,0,0,0,0,0,0,0,0,0,0,0,0,0,0,0,0,0,0,0,0,0,0,0,0,0,,,,,,,,
875,875,Flood Flow Canal Head Regulator,Telangana SW,36,Telangana,516,NIZAMABAD,-,-,-,-,-,-,-,-,-,18.91368898,78.34351872,06-08-2026 04:00,0,0,0,0,0,0,0,0,0,0,0,0,0,0,0,0,0,0,0,0,0,0,0,0,0,0,0,0,0,0,0,0,0,0,0,0,0,0,0,0,0,0,,,,,,,,
876,876,Flood Flow Canal Head Regulator,Telangana SW,36,Telangana,516,NIZAMABAD,-,-,-,-,-,-,-,-,-,18.91368898,78.34351872,06-08-2026 05:00,0,0,0,0,0,0,0,0,0,0,0,0,0,0,0,0,0,0,0,0,0,0,0,0,0,0,0,0,0,0,0,0,0,0,0,0,0,0,0,0,0,0,,,,,,,,
877,877,Flood Flow Canal Head Regulator,Telangana SW,36,Telangana,516,NIZAMABAD,-,-,-,-,-,-,-,-,-,18.91368898,78.34351872,06-08-2026 06:00,0,0,0,0,0,0,0,0,0,0,0,0,0,0,0,0,0,0,0,0,0,0,0,0,0,0,0,0,0,0,0,0,0,0,0,0,0,0,0,0,0,0,,,,,,,,
878,878,Flood Flow Canal Head Regulator,Telangana SW,36,Telangana,516,NIZAMABAD,-,-,-,-,-,-,-,-,-,18.91368898,78.34351872,06-08-2026 07:00,0,0,0,0,0,0,0,0,0,0,0,0,0,0,0,0,0,0,0,0,0,0,0,0,0,0,0,0,0,0,0,0,0,0,0,0,0,0,0,0,0,0,,,,,,,,
879,879,Flood Flow Canal Head Regulator,Telangana SW,36,Telangana,516,NIZAMABAD,-,-,-,-,-,-,-,-,-,18.91368898,78.34351872,06-08-2026 08:00,0,0,0,0,0,0,0,0,0,0,0,0,0,0,0,0,0,0,0,0,0,0,0,0,0,0,0,0,0,0,0,0,0,0,0,0,0,0,0,0,0,0,,,,,,,,
880,880,Flood Flow Canal Head Regulator,Telangana SW,36,Telangana,516,NIZAMABAD,-,-,-,-,-,-,-,-,-,18.91368898,78.34351872,06-08-2026 09:00,0,0,0,0,0,0,0,0,0,0,0,0,0,0,0,0,0,0,0,0,0,0,0,0,0,0,0,0,0,0,0,0,0,0,0,0,0,0,0,0,0,0,,,,,,,,
881,881,Flood Flow Canal Head Regulator,Telangana SW,36,Telangana,516,NIZAMABAD,-,-,-,-,-,-,-,-,-,18.91368898,78.34351872,06-08-2026 10:00,0,0,0,0,0,0,0,0,0,0,0,0,0,0,0,0,0,0,0,0,0,0,0,0,0,0,0,0,0,0,0,0,0,0,0,0,0,0,0,0,0,0,,,,,,,,
882,882,Flood Flow Canal Head Regulator,Telangana SW,36,Telangana,516,NIZAMABAD,-,-,-,-,-,-,-,-,-,18.91368898,78.34351872,06-08-2026 11:00,0,0,0,0,0,0,0,0,0,0,0,0,0,0,0,0,0,0,0,0,0,0,0,0,0,0,0,0,0,0,0,0,0,0,0,0,0,0,0,0,0,0,,,,,,,,
883,883,Flood Flow Canal Head Regulator,Telangana SW,36,Telangana,516,NIZAMABAD,-,-,-,-,-,-,-,-,-,18.91368898,78.34351872,06-08-2026 12:00,0,0,0,0,0,0,0,0,0,0,0,0,0,0,0,0,0,0,0,0,0,0,0,0,0,0,0,0,0,0,0,0,0,0,0,0,0,0,0,0,0,0,,,,,,,,
884,884,Flood Flow Canal Head Regulator,Telangana SW,36,Telangana,516,NIZAMABAD,-,-,-,-,-,-,-,-,-,18.91368898,78.34351872,06-08-2026 13:00,0,0,0,0,0,0,0,0,0,0,0,0,0,0,0,0,0,0,0,0,0,0,0,0,0,0,0,0,0,0,0,0,0,0,0,0,0,0,0,0,0,0,,,,,,,,
885,885,Flood Flow Canal Head Regulator,Telangana SW,36,Telangana,516,NIZAMABAD,-,-,-,-,-,-,-,-,-,18.91368898,78.34351872,06-08-2026 14:00,0,0,0,0,0,0,0,0,0,0,0,0,0,0,0,0,0,0,0,0,0,0,0,0,0,0,0,0,0,0,0,0,0,0,0,0,0,0,0,0,0,0,,,,,,,,
886,886,Flood Flow Canal Head Regulator,Telangana SW,36,Telangana,516,NIZAMABAD,-,-,-,-,-,-,-,-,-,18.91368898,78.34351872,06-08-2026 15:00,0,0,0,0,0,0,0,0,0,0,0,0,0,0,0,0,0,0,0,0,0,0,0,0,0,0,0,0,0,0,0,0,0,0,0,0,0,0,0,0,0,0,,,,,,,,
887,887,Flood Flow Canal Head Regulator,Telangana SW,36,Telangana,516,NIZAMABAD,-,-,-,-,-,-,-,-,-,18.91368898,78.34351872,06-08-2026 16:00,0,0,0,0,0,0,0,0,0,0,0,0,0,0,0,0,0,0,0,0,0,0,0,0,0,0,0,0,0,0,0,0,0,0,0,0,0,0,0,0,0,0,,,,,,,,
888,888,Flood Flow Canal Head Regulator,Telangana SW,36,Telangana,516,NIZAMABAD,-,-,-,-,-,-,-,-,-,18.91368898,78.34351872,06-08-2026 17:00,0,0,0,0,0,0,0,0,0,0,0,0,0,0,0,0,0,0,0,0,0,0,0,0,0,0,0,0,0,0,0,0,0,0,0,0,0,0,0,0,0,0,,,,,,,,
889,889,Flood Flow Canal Head Regulator,Telangana SW,36,Telangana,516,NIZAMABAD,-,-,-,-,-,-,-,-,-,18.91368898,78.34351872,06-08-2026 18:00,0,0,0,0,0,0,0,0,0,0,0,0,0,0,0,0,0,0,0,0,0,0,0,0,0,0,0,0,0,0,0,0,0,0,0,0,0,0,0,0,0,0,,,,,,,,
890,890,Flood Flow Canal Head Regulator,Telangana SW,36,Telangana,516,NIZAMABAD,-,-,-,-,-,-,-,-,-,18.91368898,78.34351872,06-08-2026 19:00,0,0,0,0,0,0,0,0,0,0,0,0,0,0,0,0,0,0,0,0,0,0,0,0,0,0,0,0,0,0,0,0,0,0,0,0,0,0,0,0,0,0,,,,,,,,
891,891,Flood Flow Canal Head Regulator,Telangana SW,36,Telangana,516,NIZAMABAD,-,-,-,-,-,-,-,-,-,18.91368898,78.34351872,06-08-2026 20:00,0,0,0,0,0,0,0,0,0,0,0,0,0,0,0,0,0,0,0,0,0,0,0,0,0,0,0,0,0,0,0,0,0,0,0,0,0,0,0,0,0,0,,,,,,,,
892,892,Flood Flow Canal Head Regulator,Telangana SW,36,Telangana,516,NIZAMABAD,-,-,-,-,-,-,-,-,-,18.91368898,78.34351872,06-08-2026 21:00,0,0,0,0,0,0,0,0,0,0,0,0,0,0,0,0,0,0,0,0,0,0,0,0,0,0,0,0,0,0,0,0,0,0,0,0,0,0,0,0,0,0,,,,,,,,
893,893,Flood Flow Canal Head Regulator,Telangana SW,36,Telangana,516,NIZAMABAD,-,-,-,-,-,-,-,-,-,18.91368898,78.34351872,06-08-2026 22:00,0,0,0,0,0,0,0,0,0,0,0,0,0,0,0,0,0,0,0,0,0,0,0,0,0,0,0,0,0,0,0,0,0,0,0,0,0,0,0,0,0,0,,,,,,,,
894,894,Flood Flow Canal Head Regulator,Telangana SW,36,Telangana,516,NIZAMABAD,-,-,-,-,-,-,-,-,-,18.91368898,78.34351872,06-08-2026 23:00,0,0,0,0,0,0,0,0,0,0,0,0,0,0,0,0,0,0,0,0,0,0,0,0,0,0,0,0,0,0,0,0,0,0,0,0,0,0,0,0,0,0,,,,,,,,
895,895,Flood Flow Canal Head Regulator,Telangana SW,36,Telangana,516,NIZAMABAD,-,-,-,-,-,-,-,-,-,18.91368898,78.34351872,07-08-2026 00:00,0,0,0,0,0,0,0,0,0,0,0,0,0,0,0,0,0,0,0,0,0,0,0,0,0,0,0,0,0,0,0,0,0,0,0,0,0,0,0,0,0,0,,,,,,,,
896,896,Flood Flow Canal Head Regulator,Telangana SW,36,Telangana,516,NIZAMABAD,-,-,-,-,-,-,-,-,-,18.91368898,78.34351872,07-08-2026 01:00,0,0,0,0,0,0,0,0,0,0,0,0,0,0,0,0,0,0,0,0,0,0,0,0,0,0,0,0,0,0,0,0,0,0,0,0,0,0,0,0,0,0,,,,,,,,
897,897,Flood Flow Canal Head Regulator,Telangana SW,36,Telangana,516,NIZAMABAD,-,-,-,-,-,-,-,-,-,18.91368898,78.34351872,07-08-2026 02:00,0,0,0,0,0,0,0,0,0,0,0,0,0,0,0,0,0,0,0,0,0,0,0,0,0,0,0,0,0,0,0,0,0,0,0,0,0,0,0,0,0,0,,,,,,,,
898,898,Flood Flow Canal Head Regulator,Telangana SW,36,Telangana,516,NIZAMABAD,-,-,-,-,-,-,-,-,-,18.91368898,78.34351872,07-08-2026 03:00,0,0,0,0,0,0,0,0,0,0,0,0,0,0,0,0,0,0,0,0,0,0,0,0,0,0,0,0,0,0,0,0,0,0,0,0,0,0,0,0,0,0,,,,,,,,
899,899,Flood Flow Canal Head Regulator,Telangana SW,36,Telangana,516,NIZAMABAD,-,-,-,-,-,-,-,-,-,18.91368898,78.34351872,07-08-2026 04:00,0,0,0,0,0,0,0,0,0,0,0,0,0,0,0,0,0,0,0,0,0,0,0,0,0,0,0,0,0,0,0,0,0,0,0,0,0,0,0,0,0,0,,,,,,,,
900,900,Flood Flow Canal Head Regulator,Telangana SW,36,Telangana,516,NIZAMABAD,-,-,-,-,-,-,-,-,-,18.91368898,78.34351872,07-08-2026 05:00,0,0,0,0,0,0,0,0,0,0,0,0,0,0,0,0,0,0,0,0,0,0,0,0,0,0,0,0,0,0,0,0,0,0,0,0,0,0,0,0,0,0,,,,,,,,
901,901,Flood Flow Canal Head Regulator,Telangana SW,36,Telangana,516,NIZAMABAD,-,-,-,-,-,-,-,-,-,18.91368898,78.34351872,07-08-2026 06:00,0,0,0,0,0,0,0,0,0,0,0,0,0,0,0,0,0,0,0,0,0,0,0,0,0,0,0,0,0,0,0,0,0,0,0,0,0,0,0,0,0,0,,,,,,,,
902,902,Flood Flow Canal Head Regulator,Telangana SW,36,Telangana,516,NIZAMABAD,-,-,-,-,-,-,-,-,-,18.91368898,78.34351872,07-08-2026 07:00,0,0,0,0,0,0,0,0,0,0,0,0,0,0,0,0,0,0,0,0,0,0,0,0,0,0,0,0,0,0,0,0,0,0,0,0,0,0,0,0,0,0,,,,,,,,
903,903,Flood Flow Canal Head Regulator,Telangana SW,36,Telangana,516,NIZAMABAD,-,-,-,-,-,-,-,-,-,18.91368898,78.34351872,07-08-2026 08:00,0,0,0,0,0,0,0,0,0,0,0,0,0,0,0,0,0,0,0,0,0,0,0,0,0,0,0,0,0,0,0,0,0,0,0,0,0,0,0,0,0,0,,,,,,,,
904,904,Flood Flow Canal Head Regulator,Telangana SW,36,Telangana,516,NIZAMABAD,-,-,-,-,-,-,-,-,-,18.91368898,78.34351872,07-08-2026 09:00,0,0,0,0,0,0,0,0,0,0,0,0,0,0,0,0,0,0,0,0,0,0,0,0,0,0,0,0,0,0,0,0,0,0,0,0,0,0,0,0,0,0,,,,,,,,
905,905,Flood Flow Canal Head Regulator,Telangana SW,36,Telangana,516,NIZAMABAD,-,-,-,-,-,-,-,-,-,18.91368898,78.34351872,07-08-2026 10:00,0,0,0,0,0,0,0,0,0,0,0,0,0,0,0,0,0,0,0,0,0,0,0,0,0,0,0,0,0,0,0,0,0,0,0,0,0,0,0,0,0,0,,,,,,,,
906,906,Flood Flow Canal Head Regulator,Telangana SW,36,Telangana,516,NIZAMABAD,-,-,-,-,-,-,-,-,-,18.91368898,78.34351872,07-08-2026 11:00,0,0,0,0,0,0,0,0,0,0,0,0,0,0,0,0,0,0,0,0,0,0,0,0,0,0,0,0,0,0,0,0,0,0,0,0,0,0,0,0,0,0,,,,,,,,
907,907,Flood Flow Canal Head Regulator,Telangana SW,36,Telangana,516,NIZAMABAD,-,-,-,-,-,-,-,-,-,18.91368898,78.34351872,07-08-2026 12:00,0,0,0,0,0,0,0,0,0,0,0,0,0,0,0,0,0,0,0,0,0,0,0,0,0,0,0,0,0,0,0,0,0,0,0,0,0,0,0,0,0,0,,,,,,,,
908,908,Flood Flow Canal Head Regulator,Telangana SW,36,Telangana,516,NIZAMABAD,-,-,-,-,-,-,-,-,-,18.91368898,78.34351872,07-08-2026 13:00,0,0,0,0,0,0,0,0,0,0,0,0,0,0,0,0,0,0,0,0,0,0,0,0,0,0,0,0,0,0,0,0,0,0,0,0,0,0,0,0,0,0,,,,,,,,
909,909,Flood Flow Canal Head Regulator,Telangana SW,36,Telangana,516,NIZAMABAD,-,-,-,-,-,-,-,-,-,18.91368898,78.34351872,07-08-2026 14:00,0,0,0,0,0,0,0,0,0,0,0,0,0,0,0,0,0,0,0,0,0,0,0,0,0,0,0,0,0,0,0,0,0,0,0,0,0,0,0,0,0,0,,,,,,,,
910,910,Flood Flow Canal Head Regulator,Telangana SW,36,Telangana,516,NIZAMABAD,-,-,-,-,-,-,-,-,-,18.91368898,78.34351872,07-08-2026 15:00,0,0,0,0,0,0,0,0,0,0,0,0,0,0,0,0,0,0,0,0,0,0,0,0,0,0,0,0,0,0,0,0,0,0,0,0,0,0,0,0,0,0,,,,,,,,
911,911,Flood Flow Canal Head Regulator,Telangana SW,36,Telangana,516,NIZAMABAD,-,-,-,-,-,-,-,-,-,18.91368898,78.34351872,07-08-2026 16:00,0,0,0,0,0,0,0,0,0,0,0,0,0,0,0,0,0,0,0,0,0,0,0,0,0,0,0,0,0,0,0,0,0,0,0,0,0,0,0,0,0,0,,,,,,,,
912,912,Flood Flow Canal Head Regulator,Telangana SW,36,Telangana,516,NIZAMABAD,-,-,-,-,-,-,-,-,-,18.91368898,78.34351872,07-08-2026 17:00,0,0,0,0,0,0,0,0,0,0,0,0,0,0,0,0,0,0,0,0,0,0,0,0,0,0,0,0,0,0,0,0,0,0,0,0,0,0,0,0,0,0,,,,,,,,
913,913,Flood Flow Canal Head Regulator,Telangana SW,36,Telangana,516,NIZAMABAD,-,-,-,-,-,-,-,-,-,18.91368898,78.34351872,07-08-2026 18:00,0,0,0,0,0,0,0,0,0,0,0,0,0,0,0,0,0,0,0,0,0,0,0,0,0,0,0,0,0,0,0,0,0,0,0,0,0,0,0,0,0,0,,,,,,,,
914,914,Flood Flow Canal Head Regulator,Telangana SW,36,Telangana,516,NIZAMABAD,-,-,-,-,-,-,-,-,-,18.91368898,78.34351872,07-08-2026 19:00,0,0,0,0,0,0,0,0,0,0,0,0,0,0,0,0,0,0,0,0,0,0,0,0,0,0,0,0,0,0,0,0,0,0,0,0,0,0,0,0,0,0,,,,,,,,
915,915,Flood Flow Canal Head Regulator,Telangana SW,36,Telangana,516,NIZAMABAD,-,-,-,-,-,-,-,-,-,18.91368898,78.34351872,07-08-2026 20:00,0,0,0,0,0,0,0,0,0,0,0,0,0,0,0,0,0,0,0,0,0,0,0,0,0,0,0,0,0,0,0,0,0,0,0,0,0,0,0,0,0,0,,,,,,,,
916,916,Flood Flow Canal Head Regulator,Telangana SW,36,Telangana,516,NIZAMABAD,-,-,-,-,-,-,-,-,-,18.91368898,78.34351872,07-08-2026 21:00,0,0,0,0,0,0,0,0,0,0,0,0,0,0,0,0,0,0,0,0,0,0,0,0,0,0,0,0,0,0,0,0,0,0,0,0,0,0,0,0,0,0,,,,,,,,
917,917,Flood Flow Canal Head Regulator,Telangana SW,36,Telangana,516,NIZAMABAD,-,-,-,-,-,-,-,-,-,18.91368898,78.34351872,07-08-2026 22:00,0,0,0,0,0,0,0,0,0,0,0,0,0,0,0,0,0,0,0,0,0,0,0,0,0,0,0,0,0,0,0,0,0,0,0,0,0,0,0,0,0,0,,,,,,,,
918,918,Flood Flow Canal Head Regulator,Telangana SW,36,Telangana,516,NIZAMABAD,-,-,-,-,-,-,-,-,-,18.91368898,78.34351872,07-08-2026 23:00,0,0,0,0,0,0,0,0,0,0,0,0,0,0,0,0,0,0,0,0,0,0,0,0,0,0,0,0,0,0,0,0,0,0,0,0,0,0,0,0,0,0,,,,,,,,
919,919,Flood Flow Canal Head Regulator,Telangana SW,36,Telangana,516,NIZAMABAD,-,-,-,-,-,-,-,-,-,18.91368898,78.34351872,08-08-2026 00:00,0,0,0,0,0,0,0,0,0,0,0,0,0,0,0,0,0,0,0,0,0,0,0,0,0,0,0,0,0,0,0,0,0,0,0,0,0,0,0,0,0,0,,,,,,,,
920,920,Flood Flow Canal Head Regulator,Telangana SW,36,Telangana,516,NIZAMABAD,-,-,-,-,-,-,-,-,-,18.91368898,78.34351872,08-08-2026 01:00,0,0,0,0,0,0,0,0,0,0,0,0,0,0,0,0,0,0,0,0,0,0,0,0,0,0,0,0,0,0,0,0,0,0,0,0,0,0,0,0,0,0,,,,,,,,
921,921,Flood Flow Canal Head Regulator,Telangana SW,36,Telangana,516,NIZAMABAD,-,-,-,-,-,-,-,-,-,18.91368898,78.34351872,08-08-2026 02:00,0,0,0,0,0,0,0,0,0,0,0,0,0,0,0,0,0,0,0,0,0,0,0,0,0,0,0,0,0,0,0,0,0,0,0,0,0,0,0,0,0,0,,,,,,,,
922,922,Flood Flow Canal Head Regulator,Telangana SW,36,Telangana,516,NIZAMABAD,-,-,-,-,-,-,-,-,-,18.91368898,78.34351872,08-08-2026 03:00,0,0,0,0,0,0,0,0,0,0,0,0,0,0,0,0,0,0,0,0,0,0,0,0,0,0,0,0,0,0,0,0,0,0,0,0,0,0,0,0,0,0,,,,,,,,
923,923,Flood Flow Canal Head Regulator,Telangana SW,36,Telangana,516,NIZAMABAD,-,-,-,-,-,-,-,-,-,18.91368898,78.34351872,08-08-2026 04:00,0,0,0,0,0,0,0,0,0,0,0,0,0,0,0,0,0,0,0,0,0,0,0,0,0,0,0,0,0,0,0,0,0,0,0,0,0,0,0,0,0,0,,,,,,,,
924,924,Flood Flow Canal Head Regulator,Telangana SW,36,Telangana,516,NIZAMABAD,-,-,-,-,-,-,-,-,-,18.91368898,78.34351872,08-08-2026 05:00,0,0,0,0,0,0,0,0,0,0,0,0,0,0,0,0,0,0,0,0,0,0,0,0,0,0,0,0,0,0,0,0,0,0,0,0,0,0,0,0,0,0,,,,,,,,
925,925,Flood Flow Canal Head Regulator,Telangana SW,36,Telangana,516,NIZAMABAD,-,-,-,-,-,-,-,-,-,18.91368898,78.34351872,08-08-2026 06:00,0,0,0,0,0,0,0,0,0,0,0,0,0,0,0,0,0,0,0,0,0,0,0,0,0,0,0,0,0,0,0,0,0,0,0,0,0,0,0,0,0,0,,,,,,,,
926,926,Flood Flow Canal Head Regulator,Telangana SW,36,Telangana,516,NIZAMABAD,-,-,-,-,-,-,-,-,-,18.91368898,78.34351872,08-08-2026 07:00,0,0,0,0,0,0,0,0,0,0,0,0,0,0,0,0,0,0,0,0,0,0,0,0,0,0,0,0,0,0,0,0,0,0,0,0,0,0,0,0,0,0,,,,,,,,
927,927,Flood Flow Canal Head Regulator,Telangana SW,36,Telangana,516,NIZAMABAD,-,-,-,-,-,-,-,-,-,18.91368898,78.34351872,08-08-2026 08:00,0,0,0,0,0,0,0,0,0,0,0,0,0,0,0,0,0,0,0,0,0,0,0,0,0,0,0,0,0,0,0,0,0,0,0,0,0,0,0,0,0,0,,,,,,,,
928,928,Flood Flow Canal Head Regulator,Telangana SW,36,Telangana,516,NIZAMABAD,-,-,-,-,-,-,-,-,-,18.91368898,78.34351872,08-08-2026 09:00,0,0,0,0,0,0,0,0,0,0,0,0,0,0,0,0,0,0,0,0,0,0,0,0,0,0,0,0,0,0,0,0,0,0,0,0,0,0,0,0,0,0,,,,,,,,
929,929,Flood Flow Canal Head Regulator,Telangana SW,36,Telangana,516,NIZAMABAD,-,-,-,-,-,-,-,-,-,18.91368898,78.34351872,08-08-2026 10:00,0,0,0,0,0,0,0,0,0,0,0,0,0,0,0,0,0,0,0,0,0,0,0,0,0,0,0,0,0,0,0,0,0,0,0,0,0,0,0,0,0,0,,,,,,,,
930,930,Flood Flow Canal Head Regulator,Telangana SW,36,Telangana,516,NIZAMABAD,-,-,-,-,-,-,-,-,-,18.91368898,78.34351872,08-08-2026 11:00,0,0,0,0,0,0,0,0,0,0,0,0,0,0,0,0,0,0,0,0,0,0,0,0,0,0,0,0,0,0,0,0,0,0,0,0,0,0,0,0,0,0,,,,,,,,
931,931,Flood Flow Canal Head Regulator,Telangana SW,36,Telangana,516,NIZAMABAD,-,-,-,-,-,-,-,-,-,18.91368898,78.34351872,08-08-2026 12:00,0,0,0,0,0,0,0,0,0,0,0,0,0,0,0,0,0,0,0,0,0,0,0,0,0,0,0,0,0,0,0,0,0,0,0,0,0,0,0,0,0,0,,,,,,,,
932,932,Flood Flow Canal Head Regulator,Telangana SW,36,Telangana,516,NIZAMABAD,-,-,-,-,-,-,-,-,-,18.91368898,78.34351872,08-08-2026 13:00,0,0,0,0,0,0,0,0,0,0,0,0,0,0,0,0,0,0,0,0,0,0,0,0,0,0,0,0,0,0,0,0,0,0,0,0,0,0,0,0,0,0,,,,,,,,
933,933,Flood Flow Canal Head Regulator,Telangana SW,36,Telangana,516,NIZAMABAD,-,-,-,-,-,-,-,-,-,18.91368898,78.34351872,08-08-2026 14:00,0,0,0,0,0,0,0,0,0,0,0,0,0,0,0,0,0,0,0,0,0,0,0,0,0,0,0,0,0,0,0,0,0,0,0,0,0,0,0,0,0,0,,,,,,,,
934,934,Flood Flow Canal Head Regulator,Telangana SW,36,Telangana,516,NIZAMABAD,-,-,-,-,-,-,-,-,-,18.91368898,78.34351872,08-08-2026 15:00,0,0,0,0,0,0,0,0,0,0,0,0,0,0,0,0,0,0,0,0,0,0,0,0,0,0,0,0,0,0,0,0,0,0,0,0,0,0,0,0,0,0,,,,,,,,
935,935,Flood Flow Canal Head Regulator,Telangana SW,36,Telangana,516,NIZAMABAD,-,-,-,-,-,-,-,-,-,18.91368898,78.34351872,08-08-2026 16:00,0,0,0,0,0,0,0,0,0,0,0,0,0,0,0,0,0,0,0,0,0,0,0,0,0,0,0,0,0,0,0,0,0,0,0,0,0,0,0,0,0,0,,,,,,,,
936,936,Flood Flow Canal Head Regulator,Telangana SW,36,Telangana,516,NIZAMABAD,-,-,-,-,-,-,-,-,-,18.91368898,78.34351872,08-08-2026 17:00,0,0,0,0,0,0,0,0,0,0,0,0,0,0,0,0,0,0,0,0,0,0,0,0,0,0,0,0,0,0,0,0,0,0,0,0,0,0,0,0,0,0,,,,,,,,
937,937,Flood Flow Canal Head Regulator,Telangana SW,36,Telangana,516,NIZAMABAD,-,-,-,-,-,-,-,-,-,18.91368898,78.34351872,08-08-2026 18:00,0,0,0,0,0,0,0,0,0,0,0,0,0,0,0,0,0,0,0,0,0,0,0,0,0,0,0,0,0,0,0,0,0,0,0,0,0,0,0,0,0,0,,,,,,,,
938,938,Flood Flow Canal Head Regulator,Telangana SW,36,Telangana,516,NIZAMABAD,-,-,-,-,-,-,-,-,-,18.91368898,78.34351872,08-08-2026 19:00,0,0,0,0,0,0,0,0,0,0,0,0,0,0,0,0,0,0,0,0,0,0,0,0,0,0,0,0,0,0,0,0,0,0,0,0,0,0,0,0,0,0,,,,,,,,
939,939,Flood Flow Canal Head Regulator,Telangana SW,36,Telangana,516,NIZAMABAD,-,-,-,-,-,-,-,-,-,18.91368898,78.34351872,08-08-2026 20:00,0,0,0,0,0,0,0,0,0,0,0,0,0,0,0,0,0,0,0,0,0,0,0,0,0,0,0,0,0,0,0,0,0,0,0,0,0,0,0,0,0,0,,,,,,,,
940,940,Flood Flow Canal Head Regulator,Telangana SW,36,Telangana,516,NIZAMABAD,-,-,-,-,-,-,-,-,-,18.91368898,78.34351872,08-08-2026 21:00,0,0,0,0,0,0,0,0,0,0,0,0,0,0,0,0,0,0,0,0,0,0,0,0,0,0,0,0,0,0,0,0,0,0,0,0,0,0,0,0,0,0,,,,,,,,
941,941,Flood Flow Canal Head Regulator,Telangana SW,36,Telangana,516,NIZAMABAD,-,-,-,-,-,-,-,-,-,18.91368898,78.34351872,08-08-2026 22:00,0,0,0,0,0,0,0,0,0,0,0,0,0,0,0,0,0,0,0,0,0,0,0,0,0,0,0,0,0,0,0,0,0,0,0,0,0,0,0,0,0,0,,,,,,,,
942,942,Flood Flow Canal Head Regulator,Telangana SW,36,Telangana,516,NIZAMABAD,-,-,-,-,-,-,-,-,-,18.91368898,78.34351872,08-08-2026 23:00,0,0,0,0,0,0,0,0,0,0,0,0,0,0,0,0,0,0,0,0,0,0,0,0,0,0,0,0,0,0,0,0,0,0,0,0,0,0,0,0,0,0,,,,,,,,
943,943,Flood Flow Canal Head Regulator,Telangana SW,36,Telangana,516,NIZAMABAD,-,-,-,-,-,-,-,-,-,18.91368898,78.34351872,09-08-2026 00:00,0,0,0,0,0,0,0,0,0,0,0,0,0,0,0,0,0,0,0,0,0,0,0,0,0,0,0,0,0,0,0,0,0,0,0,0,0,0,0,0,0,0,,,,,,,,
944,944,Flood Flow Canal Head Regulator,Telangana SW,36,Telangana,516,NIZAMABAD,-,-,-,-,-,-,-,-,-,18.91368898,78.34351872,09-08-2026 01:00,0,0,0,0,0,0,0,0,0,0,0,0,0,0,0,0,0,0,0,0,0,0,0,0,0,0,0,0,0,0,0,0,0,0,0,0,0,0,0,0,0,0,,,,,,,,
945,945,Flood Flow Canal Head Regulator,Telangana SW,36,Telangana,516,NIZAMABAD,-,-,-,-,-,-,-,-,-,18.91368898,78.34351872,09-08-2026 02:00,0,0,0,0,0,0,0,0,0,0,0,0,0,0,0,0,0,0,0,0,0,0,0,0,0,0,0,0,0,0,0,0,0,0,0,0,0,0,0,0,0,0,,,,,,,,
946,946,Flood Flow Canal Head Regulator,Telangana SW,36,Telangana,516,NIZAMABAD,-,-,-,-,-,-,-,-,-,18.91368898,78.34351872,09-08-2026 03:00,0,0,0,0,0,0,0,0,0,0,0,0,0,0,0,0,0,0,0,0,0,0,0,0,0,0,0,0,0,0,0,0,0,0,0,0,0,0,0,0,0,0,,,,,,,,
947,947,Flood Flow Canal Head Regulator,Telangana SW,36,Telangana,516,NIZAMABAD,-,-,-,-,-,-,-,-,-,18.91368898,78.34351872,09-08-2026 04:00,0,0,0,0,0,0,0,0,0,0,0,0,0,0,0,0,0,0,0,0,0,0,0,0,0,0,0,0,0,0,0,0,0,0,0,0,0,0,0,0,0,0,,,,,,,,
948,948,Flood Flow Canal Head Regulator,Telangana SW,36,Telangana,516,NIZAMABAD,-,-,-,-,-,-,-,-,-,18.91368898,78.34351872,09-08-2026 05:00,0,0,0,0,0,0,0,0,0,0,0,0,0,0,0,0,0,0,0,0,0,0,0,0,0,0,0,0,0,0,0,0,0,0,0,0,0,0,0,0,0,0,,,,,,,,
949,949,Flood Flow Canal Head Regulator,Telangana SW,36,Telangana,516,NIZAMABAD,-,-,-,-,-,-,-,-,-,18.91368898,78.34351872,09-08-2026 06:00,0,0,0,0,0,0,0,0,0,0,0,0,0,0,0,0,0,0,0,0,0,0,0,0,0,0,0,0,0,0,0,0,0,0,0,0,0,0,0,0,0,0,,,,,,,,
950,950,Flood Flow Canal Head Regulator,Telangana SW,36,Telangana,516,NIZAMABAD,-,-,-,-,-,-,-,-,-,18.91368898,78.34351872,09-08-2026 07:00,0,0,0,0,0,0,0,0,0,0,0,0,0,0,0,0,0,0,0,0,0,0,0,0,0,0,0,0,0,0,0,0,0,0,0,0,0,0,0,0,0,0,,,,,,,,
951,951,Flood Flow Canal Head Regulator,Telangana SW,36,Telangana,516,NIZAMABAD,-,-,-,-,-,-,-,-,-,18.91368898,78.34351872,09-08-2026 08:00,0,0,0,0,0,0,0,0,0,0,0,0,0,0,0,0,0,0,0,0,0,0,0,0,0,0,0,0,0,0,0,0,0,0,0,0,0,0,0,0,0,0,,,,,,,,
952,952,Flood Flow Canal Head Regulator,Telangana SW,36,Telangana,516,NIZAMABAD,-,-,-,-,-,-,-,-,-,18.91368898,78.34351872,09-08-2026 09:00,0,0,0,0,0,0,0,0,0,0,0,0,0,0,0,0,0,0,0,0,0,0,0,0,0,0,0,0,0,0,0,0,0,0,0,0,0,0,0,0,0,0,,,,,,,,
953,953,Flood Flow Canal Head Regulator,Telangana SW,36,Telangana,516,NIZAMABAD,-,-,-,-,-,-,-,-,-,18.91368898,78.34351872,09-08-2026 10:00,0,0,0,0,0,0,0,0,0,0,0,0,0,0,0,0,0,0,0,0,0,0,0,0,0,0,0,0,0,0,0,0,0,0,0,0,0,0,0,0,0,0,,,,,,,,
954,954,Flood Flow Canal Head Regulator,Telangana SW,36,Telangana,516,NIZAMABAD,-,-,-,-,-,-,-,-,-,18.91368898,78.34351872,09-08-2026 11:00,0,0,0,0,0,0,0,0,0,0,0,0,0,0,0,0,0,0,0,0,0,0,0,0,0,0,0,0,0,0,0,0,0,0,0,0,0,0,0,0,0,0,,,,,,,,
955,955,Flood Flow Canal Head Regulator,Telangana SW,36,Telangana,516,NIZAMABAD,-,-,-,-,-,-,-,-,-,18.91368898,78.34351872,09-08-2026 12:00,0,0,0,0,0,0,0,0,0,0,0,0,0,0,0,0,0,0,0,0,0,0,0,0,0,0,0,0,0,0,0,0,0,0,0,0,0,0,0,0,0,0,,,,,,,,
956,956,Flood Flow Canal Head Regulator,Telangana SW,36,Telangana,516,NIZAMABAD,-,-,-,-,-,-,-,-,-,18.91368898,78.34351872,09-08-2026 13:00,0,0,0,0,0,0,0,0,0,0,0,0,0,0,0,0,0,0,0,0,0,0,0,0,0,0,0,0,0,0,0,0,0,0,0,0,0,0,0,0,0,0,,,,,,,,
957,957,Flood Flow Canal Head Regulator,Telangana SW,36,Telangana,516,NIZAMABAD,-,-,-,-,-,-,-,-,-,18.91368898,78.34351872,09-08-2026 14:00,0,0,0,0,0,0,0,0,0,0,0,0,0,0,0,0,0,0,0,0,0,0,0,0,0,0,0,0,0,0,0,0,0,0,0,0,0,0,0,0,0,0,,,,,,,,
958,958,Flood Flow Canal Head Regulator,Telangana SW,36,Telangana,516,NIZAMABAD,-,-,-,-,-,-,-,-,-,18.91368898,78.34351872,09-08-2026 15:00,0,0,0,0,0,0,0,0,0,0,0,0,0,0,0,0,0,0,0,0,0,0,0,0,0,0,0,0,0,0,0,0,0,0,0,0,0,0,0,0,0,0,,,,,,,,
959,959,Flood Flow Canal Head Regulator,Telangana SW,36,Telangana,516,NIZAMABAD,-,-,-,-,-,-,-,-,-,18.91368898,78.34351872,09-08-2026 16:00,0,0,0,0,0,0,0,0,0,0,0,0,0,0,0,0,0,0,0,0,0,0,0,0,0,0,0,0,0,0,0,0,0,0,0,0,0,0,0,0,0,0,,,,,,,,
960,960,Flood Flow Canal Head Regulator,Telangana SW,36,Telangana,516,NIZAMABAD,-,-,-,-,-,-,-,-,-,18.91368898,78.34351872,09-08-2026 17:00,0,0,0,0,0,0,0,0,0,0,0,0,0,0,0,0,0,0,0,0,0,0,0,0,0,0,0,0,0,0,0,0,0,0,0,0,0,0,0,0,0,0,,,,,,,,
961,961,Flood Flow Canal Head Regulator,Telangana SW,36,Telangana,516,NIZAMABAD,-,-,-,-,-,-,-,-,-,18.91368898,78.34351872,09-08-2026 18:00,0,0,0,0,0,0,0,0,0,0,0,0,0,0,0,0,0,0,0,0,0,0,0,0,0,0,0,0,0,0,0,0,0,0,0,0,0,0,0,0,0,0,,,,,,,,
962,962,Flood Flow Canal Head Regulator,Telangana SW,36,Telangana,516,NIZAMABAD,-,-,-,-,-,-,-,-,-,18.91368898,78.34351872,09-08-2026 19:00,0,0,0,0,0,0,0,0,0,0,0,0,0,0,0,0,0,0,0,0,0,0,0,0,0,0,0,0,0,0,0,0,0,0,0,0,0,0,0,0,0,0,,,,,,,,
963,963,Flood Flow Canal Head Regulator,Telangana SW,36,Telangana,516,NIZAMABAD,-,-,-,-,-,-,-,-,-,18.91368898,78.34351872,09-08-2026 20:00,0,0,0,0,0,0,0,0,0,0,0,0,0,0,0,0,0,0,0,0,0,0,0,0,0,0,0,0,0,0,0,0,0,0,0,0,0,0,0,0,0,0,,,,,,,,
964,964,Flood Flow Canal Head Regulator,Telangana SW,36,Telangana,516,NIZAMABAD,-,-,-,-,-,-,-,-,-,18.91368898,78.34351872,09-08-2026 21:00,0,0,0,0,0,0,0,0,0,0,0,0,0,0,0,0,0,0,0,0,0,0,0,0,0,0,0,0,0,0,0,0,0,0,0,0,0,0,0,0,0,0,,,,,,,,
965,965,Flood Flow Canal Head Regulator,Telangana SW,36,Telangana,516,NIZAMABAD,-,-,-,-,-,-,-,-,-,18.91368898,78.34351872,09-08-2026 22:00,0,0,0,0,0,0,0,0,0,0,0,0,0,0,0,0,0,0,0,0,0,0,0,0,0,0,0,0,0,0,0,0,0,0,0,0,0,0,0,0,0,0,,,,,,,,
966,966,Flood Flow Canal Head Regulator,Telangana SW,36,Telangana,516,NIZAMABAD,-,-,-,-,-,-,-,-,-,18.91368898,78.34351872,09-08-2026 23:00,0,0,0,0,0,0,0,0,0,0,0,0,0,0,0,0,0,0,0,0,0,0,0,0,0,0,0,0,0,0,0,0,0,0,0,0,0,0,0,0,0,0,,,,,,,,
967,967,Flood Flow Canal Head Regulator,Telangana SW,36,Telangana,516,NIZAMABAD,-,-,-,-,-,-,-,-,-,18.91368898,78.34351872,10-08-2026 00:00,0,0,0,0,0,0,0,0,0,0,0,0,0,0,0,0,0,0,0,0,0,0,0,0,0,0,0,0,0,0,0,0,0,0,0,0,0,0,0,0,0,0,,,,,,,,
968,968,Flood Flow Canal Head Regulator,Telangana SW,36,Telangana,516,NIZAMABAD,-,-,-,-,-,-,-,-,-,18.91368898,78.34351872,10-08-2026 01:00,0,0,0,0,0,0,0,0,0,0,0,0,0,0,0,0,0,0,0,0,0,0,0,0,0,0,0,0,0,0,0,0,0,0,0,0,0,0,0,0,0,0,,,,,,,,
969,969,Flood Flow Canal Head Regulator,Telangana SW,36,Telangana,516,NIZAMABAD,-,-,-,-,-,-,-,-,-,18.91368898,78.34351872,10-08-2026 02:00,0,0,0,0,0,0,0,0,0,0,0,0,0,0,0,0,0,0,0,0,0,0,0,0,0,0,0,0,0,0,0,0,0,0,0,0,0,0,0,0,0,0,,,,,,,,
970,970,Flood Flow Canal Head Regulator,Telangana SW,36,Telangana,516,NIZAMABAD,-,-,-,-,-,-,-,-,-,18.91368898,78.34351872,10-08-2026 03:00,0,0,0,0,0,0,0,0,0,0,0,0,0,0,0,0,0,0,0,0,0,0,0,0,0,0,0,0,0,0,0,0,0,0,0,0,0,0,0,0,0,0,,,,,,,,
971,971,Flood Flow Canal Head Regulator,Telangana SW,36,Telangana,516,NIZAMABAD,-,-,-,-,-,-,-,-,-,18.91368898,78.34351872,10-08-2026 04:00,0,0,0,0,0,0,0,0,0,0,0,0,0,0,0,0,0,0,0,0,0,0,0,0,0,0,0,0,0,0,0,0,0,0,0,0,0,0,0,0,0,0,,,,,,,,
972,972,Flood Flow Canal Head Regulator,Telangana SW,36,Telangana,516,NIZAMABAD,-,-,-,-,-,-,-,-,-,18.91368898,78.34351872,10-08-2026 05:00,0,0,0,0,0,0,0,0,0,0,0,0,0,0,0,0,0,0,0,0,0,0,0,0,0,0,0,0,0,0,0,0,0,0,0,0,0,0,0,0,0,0,,,,,,,,
973,973,Flood Flow Canal Head Regulator,Telangana SW,36,Telangana,516,NIZAMABAD,-,-,-,-,-,-,-,-,-,18.91368898,78.34351872,10-08-2026 06:00,0,0,0,0,0,0,0,0,0,0,0,0,0,0,0,0,0,0,0,0,0,0,0,0,0,0,0,0,0,0,0,0,0,0,0,0,0,0,0,0,0,0,,,,,,,,
974,974,Flood Flow Canal Head Regulator,Telangana SW,36,Telangana,516,NIZAMABAD,-,-,-,-,-,-,-,-,-,18.91368898,78.34351872,10-08-2026 07:00,0,0,0,0,0,0,0,0,0,0,0,0,0,0,0,0,0,0,0,0,0,0,0,0,0,0,0,0,0,0,0,0,0,0,0,0,0,0,0,0,0,0,,,,,,,,
975,975,Flood Flow Canal Head Regulator,Telangana SW,36,Telangana,516,NIZAMABAD,-,-,-,-,-,-,-,-,-,18.91368898,78.34351872,10-08-2026 08:00,0,0,0,0,0,0,0,0,0,0,0,0,0,0,0,0,0,0,0,0,0,0,0,0,0,0,0,0,0,0,0,0,0,0,0,0,0,0,0,0,0,0,,,,,,,,
976,976,Flood Flow Canal Head Regulator,Telangana SW,36,Telangana,516,NIZAMABAD,-,-,-,-,-,-,-,-,-,18.91368898,78.34351872,10-08-2026 09:00,0,0,0,0,0,0,0,0,0,0,0,0,0,0,0,0,0,0,0,0,0,0,0,0,0,0,0,0,0,0,0,0,0,0,0,0,0,0,0,0,0,0,,,,,,,,
977,977,Flood Flow Canal Head Regulator,Telangana SW,36,Telangana,516,NIZAMABAD,-,-,-,-,-,-,-,-,-,18.91368898,78.34351872,10-08-2026 10:00,0,0,0,0,0,0,0,0,0,0,0,0,0,0,0,0,0,0,0,0,0,0,0,0,0,0,0,0,0,0,0,0,0,0,0,0,0,0,0,0,0,0,,,,,,,,
978,978,Flood Flow Canal Head Regulator,Telangana SW,36,Telangana,516,NIZAMABAD,-,-,-,-,-,-,-,-,-,18.91368898,78.34351872,10-08-2026 11:00,0,0,0,0,0,0,0,0,0,0,0,0,0,0,0,0,0,0,0,0,0,0,0,0,0,0,0,0,0,0,0,0,0,0,0,0,0,0,0,0,0,0,,,,,,,,
979,979,Flood Flow Canal Head Regulator,Telangana SW,36,Telangana,516,NIZAMABAD,-,-,-,-,-,-,-,-,-,18.91368898,78.34351872,10-08-2026 13:00,0,0,0,0,0,0,0,0,0,0,0,0,0,0,0,0,0,0,0,0,0,0,0,0,0,0,0,0,0,0,0,0,0,0,0,0,0,0,0,0,0,0,,,,,,,,
980,980,Flood Flow Canal Head Regulator,Telangana SW,36,Telangana,516,NIZAMABAD,-,-,-,-,-,-,-,-,-,18.91368898,78.34351872,10-08-2026 14:00,0,0,0,0,0,0,0,0,0,0,0,0,0,0,0,0,0,0,0,0,0,0,0,0,0,0,0,0,0,0,0,0,0,0,0,0,0,0,0,0,0,0,,,,,,,,
981,981,Flood Flow Canal Head Regulator,Telangana SW,36,Telangana,516,NIZAMABAD,-,-,-,-,-,-,-,-,-,18.91368898,78.34351872,10-08-2026 15:00,0,0,0,0,0,0,0,0,0,0,0,0,0,0,0,0,0,0,0,0,0,0,0,0,0,0,0,0,0,0,0,0,0,0,0,0,0,0,0,0,0,0,,,,,,,,
982,982,Flood Flow Canal Head Regulator,Telangana SW,36,Telangana,516,NIZAMABAD,-,-,-,-,-,-,-,-,-,18.91368898,78.34351872,10-08-2026 16:00,0,0,0,0,0,0,0,0,0,0,0,0,0,0,0,0,0,0,0,0,0,0,0,0,0,0,0,0,0,0,0,0,0,0,0,0,0,0,0,0,0,0,,,,,,,,
983,983,Flood Flow Canal Head Regulator,Telangana SW,36,Telangana,516,NIZAMABAD,-,-,-,-,-,-,-,-,-,18.91368898,78.34351872,10-08-2026 17:00,0,0,0,0,0,0,0,0,0,0,0,0,0,0,0,0,0,0,0,0,0,0,0,0,0,0,0,0,0,0,0,0,0,0,0,0,0,0,0,0,0,0,,,,,,,,
984,984,Flood Flow Canal Head Regulator,Telangana SW,36,Telangana,516,NIZAMABAD,-,-,-,-,-,-,-,-,-,18.91368898,78.34351872,10-08-2026 18:00,0,0,0,0,0,0,0,0,0,0,0,0,0,0,0,0,0,0,0,0,0,0,0,0,0,0,0,0,0,0,0,0,0,0,0,0,0,0,0,0,0,0,,,,,,,,
985,985,Flood Flow Canal Head Regulator,Telangana SW,36,Telangana,516,NIZAMABAD,-,-,-,-,-,-,-,-,-,18.91368898,78.34351872,10-08-2026 19:00,0,0,0,0,0,0,0,0,0,0,0,0,0,0,0,0,0,0,0,0,0,0,0,0,0,0,0,0,0,0,0,0,0,0,0,0,0,0,0,0,0,0,,,,,,,,
986,986,Flood Flow Canal Head Regulator,Telangana SW,36,Telangana,516,NIZAMABAD,-,-,-,-,-,-,-,-,-,18.91368898,78.34351872,10-08-2026 20:00,0,0,0,0,0,0,0,0,0,0,0,0,0,0,0,0,0,0,0,0,0,0,0,0,0,0,0,0,0,0,0,0,0,0,0,0,0,0,0,0,0,0,,,,,,,,
987,987,Flood Flow Canal Head Regulator,Telangana SW,36,Telangana,516,NIZAMABAD,-,-,-,-,-,-,-,-,-,18.91368898,78.34351872,10-08-2026 21:00,0,0,0,0,0,0,0,0,0,0,0,0,0,0,0,0,0,0,0,0,0,0,0,0,0,0,0,0,0,0,0,0,0,0,0,0,0,0,0,0,0,0,,,,,,,,
988,988,Flood Flow Canal Head Regulator,Telangana SW,36,Telangana,516,NIZAMABAD,-,-,-,-,-,-,-,-,-,18.91368898,78.34351872,10-08-2026 22:00,0,0,0,0,0,0,0,0,0,0,0,0,0,0,0,0,0,0,0,0,0,0,0,0,0,0,0,0,0,0,0,0,0,0,0,0,0,0,0,0,0,0,,,,,,,,
989,989,Flood Flow Canal Head Regulator,Telangana SW,36,Telangana,516,NIZAMABAD,-,-,-,-,-,-,-,-,-,18.91368898,78.34351872,10-08-2026 23:00,0,0,0,0,0,0,0,0,0,0,0,0,0,0,0,0,0,0,0,0,0,0,0,0,0,0,0,0,0,0,0,0,0,0,0,0,0,0,0,0,0,0,,,,,,,,
990,990,Flood Flow Canal Head Regulator,Telangana SW,36,Telangana,516,NIZAMABAD,-,-,-,-,-,-,-,-,-,18.91368898,78.34351872,11-08-2026 00:00,0,0,0,0,0,0,0,0,0,0,0,0,0,0,0,0,0,0,0,0,0,0,0,0,0,0,0,0,0,0,0,0,0,0,0,0,0,0,0,0,0,0,,,,,,,,
991,991,Flood Flow Canal Head Regulator,Telangana SW,36,Telangana,516,NIZAMABAD,-,-,-,-,-,-,-,-,-,18.91368898,78.34351872,11-08-2026 01:00,0,0,0,0,0,0,0,0,0,0,0,0,0,0,0,0,0,0,0,0,0,0,0,0,0,0,0,0,0,0,0,0,0,0,0,0,0,0,0,0,0,0,,,,,,,,
992,992,Flood Flow Canal Head Regulator,Telangana SW,36,Telangana,516,NIZAMABAD,-,-,-,-,-,-,-,-,-,18.91368898,78.34351872,11-08-2026 02:00,0,0,0,0,0,0,0,0,0,0,0,0,0,0,0,0,0,0,0,0,0,0,0,0,0,0,0,0,0,0,0,0,0,0,0,0,0,0,0,0,0,0,,,,,,,,
993,993,Flood Flow Canal Head Regulator,Telangana SW,36,Telangana,516,NIZAMABAD,-,-,-,-,-,-,-,-,-,18.91368898,78.34351872,11-08-2026 03:00,0,0,0,0,0,0,0,0,0,0,0,0,0,0,0,0,0,0,0,0,0,0,0,0,0,0,0,0,0,0,0,0,0,0,0,0,0,0,0,0,0,0,,,,,,,,
994,994,Flood Flow Canal Head Regulator,Telangana SW,36,Telangana,516,NIZAMABAD,-,-,-,-,-,-,-,-,-,18.91368898,78.34351872,11-08-2026 04:00,0,0,0,0,0,0,0,0,0,0,0,0,0,0,0,0,0,0,0,0,0,0,0,0,0,0,0,0,0,0,0,0,0,0,0,0,0,0,0,0,0,0,,,,,,,,
995,995,Flood Flow Canal Head Regulator,Telangana SW,36,Telangana,516,NIZAMABAD,-,-,-,-,-,-,-,-,-,18.91368898,78.34351872,11-08-2026 05:00,0,0,0,0,0,0,0,0,0,0,0,0,0,0,0,0,0,0,0,0,0,0,0,0,0,0,0,0,0,0,0,0,0,0,0,0,0,0,0,0,0,0,,,,,,,,
996,996,Flood Flow Canal Head Regulator,Telangana SW,36,Telangana,516,NIZAMABAD,-,-,-,-,-,-,-,-,-,18.91368898,78.34351872,11-08-2026 06:00,0,0,0,0,0,0,0,0,0,0,0,0,0,0,0,0,0,0,0,0,0,0,0,0,0,0,0,0,0,0,0,0,0,0,0,0,0,0,0,0,0,0,,,,,,,,
997,997,Flood Flow Canal Head Regulator,Telangana SW,36,Telangana,516,NIZAMABAD,-,-,-,-,-,-,-,-,-,18.91368898,78.34351872,11-08-2026 07:00,0,0,0,0,0,0,0,0,0,0,0,0,0,0,0,0,0,0,0,0,0,0,0,0,0,0,0,0,0,0,0,0,0,0,0,0,0,0,0,0,0,0,,,,,,,,
998,998,Flood Flow Canal Head Regulator,Telangana SW,36,Telangana,516,NIZAMABAD,-,-,-,-,-,-,-,-,-,18.91368898,78.34351872,11-08-2026 08:00,0,0,0,0,0,0,0,0,0,0,0,0,0,0,0,0,0,0,0,0,0,0,0,0,0,0,0,0,0,0,0,0,0,0,0,0,0,0,0,0,0,0,,,,,,,,
999,999,Flood Flow Canal Head Regulator,Telangana SW,36,Telangana,516,NIZAMABAD,-,-,-,-,-,-,-,-,-,18.91368898,78.34351872,11-08-2026 09:00,0,0,0,0,0,0,0,0,0,0,0,0,0,0,0,0,0,0,0,0,0,0,0,0,0,0,0,0,0,0,0,0,0,0,0,0,0,0,0,0,0,0,,,,,,,,
1000,1000,Flood Flow Canal Head Regulator,Telangana SW,36,Telangana,516,NIZAMABAD,-,-,-,-,-,-,-,-,-,18.91368898,78.34351872,11-08-2026 10:00,0,0,0,0,0,0,0,0,0,0,0,0,0,0,0,0,0,0,0,0,0,0,0,0,0,0,0,0,0,0,0,0,0,0,0,0,0,0,0,0,0,0,,,,,,,,
1001,1001,Flood Flow Canal Head Regulator,Telangana SW,36,Telangana,516,NIZAMABAD,-,-,-,-,-,-,-,-,-,18.91368898,78.34351872,11-08-2026 11:00,0,0,0,0,0,0,0,0,0,0,0,0,0,0,0,0,0,0,0,0,0,0,0,0,0,0,0,0,0,0,0,0,0,0,0,0,0,0,0,0,0,0,,,,,,,,
1002,1002,Flood Flow Canal Head Regulator,Telangana SW,36,Telangana,516,NIZAMABAD,-,-,-,-,-,-,-,-,-,18.91368898,78.34351872,11-08-2026 12:00,0,0,0,0,0,0,0,0,0,0,0,0,0,0,0,0,0,0,0,0,0,0,0,0,0,0,0,0,0,0,0,0,0,0,0,0,0,0,0,0,0,0,,,,,,,,
1003,1003,Flood Flow Canal Head Regulator,Telangana SW,36,Telangana,516,NIZAMABAD,-,-,-,-,-,-,-,-,-,18.91368898,78.34351872,11-08-2026 13:00,0,0,0,0,0,0,0,0,0,0,0,0,0,0,0,0,0,0,0,0,0,0,0,0,0,0,0,0,0,0,0,0,0,0,0,0,0,0,0,0,0,0,,,,,,,,
1004,1004,Flood Flow Canal Head Regulator,Telangana SW,36,Telangana,516,NIZAMABAD,-,-,-,-,-,-,-,-,-,18.91368898,78.34351872,11-08-2026 14:00,0,0,0,0,0,0,0,0,0,0,0,0,0,0,0,0,0,0,0,0,0,0,0,0,0,0,0,0,0,0,0,0,0,0,0,0,0,0,0,0,0,0,,,,,,,,
1005,1005,Flood Flow Canal Head Regulator,Telangana SW,36,Telangana,516,NIZAMABAD,-,-,-,-,-,-,-,-,-,18.91368898,78.34351872,11-08-2026 15:00,0,0,0,0,0,0,0,0,0,0,0,0,0,0,0,0,0,0,0,0,0,0,0,0,0,0,0,0,0,0,0,0,0,0,0,0,0,0,0,0,0,0,,,,,,,,
1006,1006,Flood Flow Canal Head Regulator,Telangana SW,36,Telangana,516,NIZAMABAD,-,-,-,-,-,-,-,-,-,18.91368898,78.34351872,11-08-2026 16:00,0,0,0,0,0,0,0,0,0,0,0,0,0,0,0,0,0,0,0,0,0,0,0,0,0,0,0,0,0,0,0,0,0,0,0,0,0,0,0,0,0,0,,,,,,,,
1007,1007,Flood Flow Canal Head Regulator,Telangana SW,36,Telangana,516,NIZAMABAD,-,-,-,-,-,-,-,-,-,18.91368898,78.34351872,11-08-2026 17:00,0,0,0,0,0,0,0,0,0,0,0,0,0,0,0,0,0,0,0,0,0,0,0,0,0,0,0,0,0,0,0,0,0,0,0,0,0,0,0,0,0,0,,,,,,,,
1008,1008,Flood Flow Canal Head Regulator,Telangana SW,36,Telangana,516,NIZAMABAD,-,-,-,-,-,-,-,-,-,18.91368898,78.34351872,11-08-2026 18:00,0,0,0,0,0,0,0,0,0,0,0,0,0,0,0,0,0,0,0,0,0,0,0,0,0,0,0,0,0,0,0,0,0,0,0,0,0,0,0,0,0,0,,,,,,,,
1009,1009,Flood Flow Canal Head Regulator,Telangana SW,36,Telangana,516,NIZAMABAD,-,-,-,-,-,-,-,-,-,18.91368898,78.34351872,11-08-2026 19:00,0,0,0,0,0,0,0,0,0,0,0,0,0,0,0,0,0,0,0,0,0,0,0,0,0,0,0,0,0,0,0,0,0,0,0,0,0,0,0,0,0,0,,,,,,,,
1010,1010,Flood Flow Canal Head Regulator,Telangana SW,36,Telangana,516,NIZAMABAD,-,-,-,-,-,-,-,-,-,18.91368898,78.34351872,11-08-2026 20:00,0,0,0,0,0,0,0,0,0,0,0,0,0,0,0,0,0,0,0,0,0,0,0,0,0,0,0,0,0,0,0,0,0,0,0,0,0,0,0,0,0,0,,,,,,,,
1011,1011,Flood Flow Canal Head Regulator,Telangana SW,36,Telangana,516,NIZAMABAD,-,-,-,-,-,-,-,-,-,18.91368898,78.34351872,11-08-2026 21:00,0,0,0,0,0,0,0,0,0,0,0,0,0,0,0,0,0,0,0,0,0,0,0,0,0,0,0,0,0,0,0,0,0,0,0,0,0,0,0,0,0,0,,,,,,,,
1012,1012,Flood Flow Canal Head Regulator,Telangana SW,36,Telangana,516,NIZAMABAD,-,-,-,-,-,-,-,-,-,18.91368898,78.34351872,11-08-2026 22:00,0,0,0,0,0,0,0,0,0,0,0,0,0,0,0,0,0,0,0,0,0,0,0,0,0,0,0,0,0,0,0,0,0,0,0,0,0,0,0,0,0,0,,,,,,,,
1013,1013,Flood Flow Canal Head Regulator,Telangana SW,36,Telangana,516,NIZAMABAD,-,-,-,-,-,-,-,-,-,18.91368898,78.34351872,11-08-2026 23:00,0,0,0,0,0,0,0,0,0,0,0,0,0,0,0,0,0,0,0,0,0,0,0,0,0,0,0,0,0,0,0,0,0,0,0,0,0,0,0,0,0,0,,,,,,,,
1014,1014,Flood Flow Canal Head Regulator,Telangana SW,36,Telangana,516,NIZAMABAD,-,-,-,-,-,-,-,-,-,18.91368898,78.34351872,12-08-2026 00:00,0,0,0,0,0,0,0,0,0,0,0,0,0,0,0,0,0,0,0,0,0,0,0,0,0,0,0,0,0,0,0,0,0,0,0,0,0,0,0,0,0,0,,,,,,,,
1015,1015,Flood Flow Canal Head Regulator,Telangana SW,36,Telangana,516,NIZAMABAD,-,-,-,-,-,-,-,-,-,18.91368898,78.34351872,12-08-2026 01:00,0,0,0,0,0,0,0,0,0,0,0,0,0,0,0,0,0,0,0,0,0,0,0,0,0,0,0,0,0,0,0,0,0,0,0,0,0,0,0,0,0,0,,,,,,,,
1016,1016,Flood Flow Canal Head Regulator,Telangana SW,36,Telangana,516,NIZAMABAD,-,-,-,-,-,-,-,-,-,18.91368898,78.34351872,12-08-2026 02:00,0,0,0,0,0,0,0,0,0,0,0,0,0,0,0,0,0,0,0,0,0,0,0,0,0,0,0,0,0,0,0,0,0,0,0,0,0,0,0,0,0,0,,,,,,,,
1017,1017,Flood Flow Canal Head Regulator,Telangana SW,36,Telangana,516,NIZAMABAD,-,-,-,-,-,-,-,-,-,18.91368898,78.34351872,12-08-2026 03:00,0,0,0,0,0,0,0,0,0,0,0,0,0,0,0,0,0,0,0,0,0,0,0,0,0,0,0,0,0,0,0,0,0,0,0,0,0,0,0,0,0,0,,,,,,,,
1018,1018,Flood Flow Canal Head Regulator,Telangana SW,36,Telangana,516,NIZAMABAD,-,-,-,-,-,-,-,-,-,18.91368898,78.34351872,12-08-2026 04:00,0,0,0,0,0,0,0,0,0,0,0,0,0,0,0,0,0,0,0,0,0,0,0,0,0,0,0,0,0,0,0,0,0,0,0,0,0,0,0,0,0,0,,,,,,,,
1019,1019,Flood Flow Canal Head Regulator,Telangana SW,36,Telangana,516,NIZAMABAD,-,-,-,-,-,-,-,-,-,18.91368898,78.34351872,12-08-2026 05:00,0,0,0,0,0,0,0,0,0,0,0,0,0,0,0,0,0,0,0,0,0,0,0,0,0,0,0,0,0,0,0,0,0,0,0,0,0,0,0,0,0,0,,,,,,,,
1020,1020,Flood Flow Canal Head Regulator,Telangana SW,36,Telangana,516,NIZAMABAD,-,-,-,-,-,-,-,-,-,18.91368898,78.34351872,12-08-2026 06:00,0,0,0,0,0,0,0,0,0,0,0,0,0,0,0,0,0,0,0,0,0,0,0,0,0,0,0,0,0,0,0,0,0,0,0,0,0,0,0,0,0,0,,,,,,,,
1021,1021,Flood Flow Canal Head Regulator,Telangana SW,36,Telangana,516,NIZAMABAD,-,-,-,-,-,-,-,-,-,18.91368898,78.34351872,12-08-2026 07:00,0,0,0,0,0,0,0,0,0,0,0,0,0,0,0,0,0,0,0,0,0,0,0,0,0,0,0,0,0,0,0,0,0,0,0,0,0,0,0,0,0,0,,,,,,,,
1022,1022,Flood Flow Canal Head Regulator,Telangana SW,36,Telangana,516,NIZAMABAD,-,-,-,-,-,-,-,-,-,18.91368898,78.34351872,12-08-2026 08:00,0,0,0,0,0,0,0,0,0,0,0,0,0,0,0,0,0,0,0,0,0,0,0,0,0,0,0,0,0,0,0,0,0,0,0,0,0,0,0,0,0,0,,,,,,,,
1023,1023,Flood Flow Canal Head Regulator,Telangana SW,36,Telangana,516,NIZAMABAD,-,-,-,-,-,-,-,-,-,18.91368898,78.34351872,12-08-2026 09:00,0,0,0,0,0,0,0,0,0,0,0,0,0,0,0,0,0,0,0,0,0,0,0,0,0,0,0,0,0,0,0,0,0,0,0,0,0,0,0,0,0,0,,,,,,,,
1024,1024,Flood Flow Canal Head Regulator,Telangana SW,36,Telangana,516,NIZAMABAD,-,-,-,-,-,-,-,-,-,18.91368898,78.34351872,12-08-2026 10:00,0,0,0,0,0,0,0,0,0,0,0,0,0,0,0,0,0,0,0,0,0,0,0,0,0,0,0,0,0,0,0,0,0,0,0,0,0,0,0,0,0,0,,,,,,,,
1025,1025,Flood Flow Canal Head Regulator,Telangana SW,36,Telangana,516,NIZAMABAD,-,-,-,-,-,-,-,-,-,18.91368898,78.34351872,12-08-2026 11:00,0,0,0,0,0,0,0,0,0,0,0,0,0,0,0,0,0,0,0,0,0,0,0,0,0,0,0,0,0,0,0,0,0,0,0,0,0,0,0,0,0,0,,,,,,,,
1026,1026,Flood Flow Canal Head Regulator,Telangana SW,36,Telangana,516,NIZAMABAD,-,-,-,-,-,-,-,-,-,18.91368898,78.34351872,12-08-2026 12:00,0,0,0,0,0,0,0,0,0,0,0,0,0,0,0,0,0,0,0,0,0,0,0,0,0,0,0,0,0,0,0,0,0,0,0,0,0,0,0,0,0,0,,,,,,,,
1027,1027,Flood Flow Canal Head Regulator,Telangana SW,36,Telangana,516,NIZAMABAD,-,-,-,-,-,-,-,-,-,18.91368898,78.34351872,12-08-2026 13:00,0,0,0,0,0,0,0,0,0,0,0,0,0,0,0,0,0,0,0,0,0,0,0,0,0,0,0,0,0,0,0,0,0,0,0,0,0,0,0,0,0,0,,,,,,,,
1028,1028,Flood Flow Canal Head Regulator,Telangana SW,36,Telangana,516,NIZAMABAD,-,-,-,-,-,-,-,-,-,18.91368898,78.34351872,12-08-2026 14:00,0,0,0,0,0,0,0,0,0,0,0,0,0,0,0,0,0,0,0,0,0,0,0,0,0,0,0,0,0,0,0,0,0,0,0,0,0,0,0,0,0,0,,,,,,,,
1029,1029,Flood Flow Canal Head Regulator,Telangana SW,36,Telangana,516,NIZAMABAD,-,-,-,-,-,-,-,-,-,18.91368898,78.34351872,12-08-2026 15:00,0,0,0,0,0,0,0,0,0,0,0,0,0,0,0,0,0,0,0,0,0,0,0,0,0,0,0,0,0,0,0,0,0,0,0,0,0,0,0,0,0,0,,,,,,,,
1030,1030,Flood Flow Canal Head Regulator,Telangana SW,36,Telangana,516,NIZAMABAD,-,-,-,-,-,-,-,-,-,18.91368898,78.34351872,12-08-2026 16:00,0,0,0,0,0,0,0,0,0,0,0,0,0,0,0,0,0,0,0,0,0,0,0,0,0,0,0,0,0,0,0,0,0,0,0,0,0,0,0,0,0,0,,,,,,,,
1031,1031,Flood Flow Canal Head Regulator,Telangana SW,36,Telangana,516,NIZAMABAD,-,-,-,-,-,-,-,-,-,18.91368898,78.34351872,12-08-2026 17:00,0,0,0,0,0,0,0,0,0,0,0,0,0,0,0,0,0,0,0,0,0,0,0,0,0,0,0,0,0,0,0,0,0,0,0,0,0,0,0,0,0,0,,,,,,,,
1032,1032,Flood Flow Canal Head Regulator,Telangana SW,36,Telangana,516,NIZAMABAD,-,-,-,-,-,-,-,-,-,18.91368898,78.34351872,12-08-2026 18:00,0,0,0,0,0,0,0,0,0,0,0,0,0,0,0,0,0,0,0,0,0,0,0,0,0,0,0,0,0,0,0,0,0,0,0,0,0,0,0,0,0,0,,,,,,,,
1033,1033,Flood Flow Canal Head Regulator,Telangana SW,36,Telangana,516,NIZAMABAD,-,-,-,-,-,-,-,-,-,18.91368898,78.34351872,12-08-2026 19:00,0,0,0,0,0,0,0,0,0,0,0,0,0,0,0,0,0,0,0,0,0,0,0,0,0,0,0,0,0,0,0,0,0,0,0,0,0,0,0,0,0,0,,,,,,,,
1034,1034,Flood Flow Canal Head Regulator,Telangana SW,36,Telangana,516,NIZAMABAD,-,-,-,-,-,-,-,-,-,18.91368898,78.34351872,12-08-2026 20:00,0,0,0,0,0,0,0,0,0,0,0,0,0,0,0,0,0,0,0,0,0,0,0,0,0,0,0,0,0,0,0,0,0,0,0,0,0,0,0,0,0,0,,,,,,,,
1035,1035,Flood Flow Canal Head Regulator,Telangana SW,36,Telangana,516,NIZAMABAD,-,-,-,-,-,-,-,-,-,18.91368898,78.34351872,12-08-2026 21:00,0,0,0,0,0,0,0,0,0,0,0,0,0,0,0,0,0,0,0,0,0,0,0,0,0,0,0,0,0,0,0,0,0,0,0,0,0,0,0,0,0,0,,,,,,,,
1036,1036,Flood Flow Canal Head Regulator,Telangana SW,36,Telangana,516,NIZAMABAD,-,-,-,-,-,-,-,-,-,18.91368898,78.34351872,12-08-2026 22:00,0,0,0,0,0,0,0,0,0,0,0,0,0,0,0,0,0,0,0,0,0,0,0,0,0,0,0,0,0,0,0,0,0,0,0,0,0,0,0,0,0,0,,,,,,,,
1037,1037,Flood Flow Canal Head Regulator,Telangana SW,36,Telangana,516,NIZAMABAD,-,-,-,-,-,-,-,-,-,18.91368898,78.34351872,12-08-2026 23:00,0,0,0,0,0,0,0,0,0,0,0,0,0,0,0,0,0,0,0,0,0,0,0,0,0,0,0,0,0,0,0,0,0,0,0,0,0,0,0,0,0,0,,,,,,,,
1038,1038,Flood Flow Canal Head Regulator,Telangana SW,36,Telangana,516,NIZAMABAD,-,-,-,-,-,-,-,-,-,18.91368898,78.34351872,13-08-2026 00:00,0,0,0,0,0,0,0,0,0,0,0,0,0,0,0,0,0,0,0,0,0,0,0,0,0,0,0,0,0,0,0,0,0,0,0,0,0,0,0,0,0,0,,,,,,,,
1039,1039,Flood Flow Canal Head Regulator,Telangana SW,36,Telangana,516,NIZAMABAD,-,-,-,-,-,-,-,-,-,18.91368898,78.34351872,13-08-2026 01:00,0,0,0,0,0,0,0,0,0,0,0,0,0,0,0,0,0,0,0,0,0,0,0,0,0,0,0,0,0,0,0,0,0,0,0,0,0,0,0,0,0,0,,,,,,,,
1040,1040,Flood Flow Canal Head Regulator,Telangana SW,36,Telangana,516,NIZAMABAD,-,-,-,-,-,-,-,-,-,18.91368898,78.34351872,13-08-2026 02:00,0,0,0,0,0,0,0,0,0,0,0,0,0,0,0,0,0,0,0,0,0,0,0,0,0,0,0,0,0,0,0,0,0,0,0,0,0,0,0,0,0,0,,,,,,,,
1041,1041,Flood Flow Canal Head Regulator,Telangana SW,36,Telangana,516,NIZAMABAD,-,-,-,-,-,-,-,-,-,18.91368898,78.34351872,13-08-2026 03:00,0,0,0,0,0,0,0,0,0,0,0,0,0,0,0,0,0,0,0,0,0,0,0,0,0,0,0,0,0,0,0,0,0,0,0,0,0,0,0,0,0,0,,,,,,,,
1042,1042,Flood Flow Canal Head Regulator,Telangana SW,36,Telangana,516,NIZAMABAD,-,-,-,-,-,-,-,-,-,18.91368898,78.34351872,13-08-2026 04:00,0,0,0,0,0,0,0,0,0,0,0,0,0,0,0,0,0,0,0,0,0,0,0,0,0,0,0,0,0,0,0,0,0,0,0,0,0,0,0,0,0,0,,,,,,,,
1043,1043,Flood Flow Canal Head Regulator,Telangana SW,36,Telangana,516,NIZAMABAD,-,-,-,-,-,-,-,-,-,18.91368898,78.34351872,13-08-2026 05:00,0,0,0,0,0,0,0,0,0,0,0,0,0,0,0,0,0,0,0,0,0,0,0,0,0,0,0,0,0,0,0,0,0,0,0,0,0,0,0,0,0,0,,,,,,,,
1044,1044,Flood Flow Canal Head Regulator,Telangana SW,36,Telangana,516,NIZAMABAD,-,-,-,-,-,-,-,-,-,18.91368898,78.34351872,13-08-2026 06:00,0,0,0,0,0,0,0,0,0,0,0,0,0,0,0,0,0,0,0,0,0,0,0,0,0,0,0,0,0,0,0,0,0,0,0,0,0,0,0,0,0,0,,,,,,,,
1045,1045,Flood Flow Canal Head Regulator,Telangana SW,36,Telangana,516,NIZAMABAD,-,-,-,-,-,-,-,-,-,18.91368898,78.34351872,13-08-2026 07:00,0,0,0,0,0,0,0,0,0,0,0,0,0,0,0,0,0,0,0,0,0,0,0,0,0,0,0,0,0,0,0,0,0,0,0,0,0,0,0,0,0,0,,,,,,,,
1046,1046,Flood Flow Canal Head Regulator,Telangana SW,36,Telangana,516,NIZAMABAD,-,-,-,-,-,-,-,-,-,18.91368898,78.34351872,13-08-2026 08:00,0,0,0,0,0,0,0,0,0,0,0,0,0,0,0,0,0,0,0,0,0,0,0,0,0,0,0,0,0,0,0,0,0,0,0,0,0,0,0,0,0,0,,,,,,,,
1047,1047,Flood Flow Canal Head Regulator,Telangana SW,36,Telangana,516,NIZAMABAD,-,-,-,-,-,-,-,-,-,18.91368898,78.34351872,13-08-2026 09:00,0,0,0,0,0,0,0,0,0,0,0,0,0,0,0,0,0,0,0,0,0,0,0,0,0,0,0,0,0,0,0,0,0,0,0,0,0,0,0,0,0,0,,,,,,,,
1048,1048,Flood Flow Canal Head Regulator,Telangana SW,36,Telangana,516,NIZAMABAD,-,-,-,-,-,-,-,-,-,18.91368898,78.34351872,13-08-2026 10:00,0,0,0,0,0,0,0,0,0,0,0,0,0,0,0,0,0,0,0,0,0,0,0,0,0,0,0,0,0,0,0,0,0,0,0,0,0,0,0,0,0,0,,,,,,,,
1049,1049,Flood Flow Canal Head Regulator,Telangana SW,36,Telangana,516,NIZAMABAD,-,-,-,-,-,-,-,-,-,18.91368898,78.34351872,13-08-2026 11:00,0,0,0,0,0,0,0,0,0,0,0,0,0,0,0,0,0,0,0,0,0,0,0,0,0,0,0,0,0,0,0,0,0,0,0,0,0,0,0,0,0,0,,,,,,,,
1050,1050,Flood Flow Canal Head Regulator,Telangana SW,36,Telangana,516,NIZAMABAD,-,-,-,-,-,-,-,-,-,18.91368898,78.34351872,13-08-2026 12:00,0,0,0,0,0,0,0,0,0,0,0,0,0,0,0,0,0,0,0,0,0,0,0,0,0,0,0,0,0,0,0,0,0,0,0,0,0,0,0,0,0,0,,,,,,,,
1051,1051,Flood Flow Canal Head Regulator,Telangana SW,36,Telangana,516,NIZAMABAD,-,-,-,-,-,-,-,-,-,18.91368898,78.34351872,13-08-2026 13:00,0,0,0,0,0,0,0,0,0,0,0,0,0,0,0,0,0,0,0,0,0,0,0,0,0,0,0,0,0,0,0,0,0,0,0,0,0,0,0,0,0,0,,,,,,,,
1052,1052,Flood Flow Canal Head Regulator,Telangana SW,36,Telangana,516,NIZAMABAD,-,-,-,-,-,-,-,-,-,18.91368898,78.34351872,13-08-2026 14:00,0,0,0,0,0,0,0,0,0,0,0,0,0,0,0,0,0,0,0,0,0,0,0,0,0,0,0,0,0,0,0,0,0,0,0,0,0,0,0,0,0,0,,,,,,,,
1053,1053,Flood Flow Canal Head Regulator,Telangana SW,36,Telangana,516,NIZAMABAD,-,-,-,-,-,-,-,-,-,18.91368898,78.34351872,13-08-2026 15:00,0,0,0,0,0,0,0,0,0,0,0,0,0,0,0,0,0,0,0,0,0,0,0,0,0,0,0,0,0,0,0,0,0,0,0,0,0,0,0,0,0,0,,,,,,,,
1054,1054,Flood Flow Canal Head Regulator,Telangana SW,36,Telangana,516,NIZAMABAD,-,-,-,-,-,-,-,-,-,18.91368898,78.34351872,13-08-2026 16:00,0,0,0,0,0,0,0,0,0,0,0,0,0,0,0,0,0,0,0,0,0,0,0,0,0,0,0,0,0,0,0,0,0,0,0,0,0,0,0,0,0,0,,,,,,,,
1055,1055,Flood Flow Canal Head Regulator,Telangana SW,36,Telangana,516,NIZAMABAD,-,-,-,-,-,-,-,-,-,18.91368898,78.34351872,13-08-2026 17:00,0,0,0,0,0,0,0,0,0,0,0,0,0,0,0,0,0,0,0,0,0,0,0,0,0,0,0,0,0,0,0,0,0,0,0,0,0,0,0,0,0,0,,,,,,,,
1056,1056,Flood Flow Canal Head Regulator,Telangana SW,36,Telangana,516,NIZAMABAD,-,-,-,-,-,-,-,-,-,18.91368898,78.34351872,13-08-2026 18:00,0,0,0,0,0,0,0,0,0,0,0,0,0,0,0,0,0,0,0,0,0,0,0,0,0,0,0,0,0,0,0,0,0,0,0,0,0,0,0,0,0,0,,,,,,,,
1057,1057,Flood Flow Canal Head Regulator,Telangana SW,36,Telangana,516,NIZAMABAD,-,-,-,-,-,-,-,-,-,18.91368898,78.34351872,13-08-2026 19:00,0,0,0,0,0,0,0,0,0,0,0,0,0,0,0,0,0,0,0,0,0,0,0,0,0,0,0,0,0,0,0,0,0,0,0,0,0,0,0,0,0,0,,,,,,,,
1058,1058,Flood Flow Canal Head Regulator,Telangana SW,36,Telangana,516,NIZAMABAD,-,-,-,-,-,-,-,-,-,18.91368898,78.34351872,13-08-2026 20:00,0,0,0,0,0,0,0,0,0,0,0,0,0,0,0,0,0,0,0,0,0,0,0,0,0,0,0,0,0,0,0,0,0,0,0,0,0,0,0,0,0,0,,,,,,,,
1059,1059,Flood Flow Canal Head Regulator,Telangana SW,36,Telangana,516,NIZAMABAD,-,-,-,-,-,-,-,-,-,18.91368898,78.34351872,13-08-2026 21:00,0,0,0,0,0,0,0,0,0,0,0,0,0,0,0,0,0,0,0,0,0,0,0,0,0,0,0,0,0,0,0,0,0,0,0,0,0,0,0,0,0,0,,,,,,,,
1060,1060,Flood Flow Canal Head Regulator,Telangana SW,36,Telangana,516,NIZAMABAD,-,-,-,-,-,-,-,-,-,18.91368898,78.34351872,13-08-2026 22:00,0,0,0,0,0,0,0,0,0,0,0,0,0,0,0,0,0,0,0,0,0,0,0,0,0,0,0,0,0,0,0,0,0,0,0,0,0,0,0,0,0,0,,,,,,,,
1061,1061,Flood Flow Canal Head Regulator,Telangana SW,36,Telangana,516,NIZAMABAD,-,-,-,-,-,-,-,-,-,18.91368898,78.34351872,13-08-2026 23:00,0,0,0,0,0,0,0,0,0,0,0,0,0,0,0,0,0,0,0,0,0,0,0,0,0,0,0,0,0,0,0,0,0,0,0,0,0,0,0,0,0,0,,,,,,,,
1062,1062,Flood Flow Canal Head Regulator,Telangana SW,36,Telangana,516,NIZAMABAD,-,-,-,-,-,-,-,-,-,18.91368898,78.34351872,14-08-2026 00:00,0,0,0,0,0,0,0,0,0,0,0,0,0,0,0,0,0,0,0,0,0,0,0,0,0,0,0,0,0,0,0,0,0,0,0,0,0,0,0,0,0,0,,,,,,,,
1063,1063,Flood Flow Canal Head Regulator,Telangana SW,36,Telangana,516,NIZAMABAD,-,-,-,-,-,-,-,-,-,18.91368898,78.34351872,14-08-2026 01:00,0,0,0,0,0,0,0,0,0,0,0,0,0,0,0,0,0,0,0,0,0,0,0,0,0,0,0,0,0,0,0,0,0,0,0,0,0,0,0,0,0,0,,,,,,,,
1064,1064,Flood Flow Canal Head Regulator,Telangana SW,36,Telangana,516,NIZAMABAD,-,-,-,-,-,-,-,-,-,18.91368898,78.34351872,14-08-2026 02:00,0,0,0,0,0,0,0,0,0,0,0,0,0,0,0,0,0,0,0,0,0,0,0,0,0,0,0,0,0,0,0,0,0,0,0,0,0,0,0,0,0,0,,,,,,,,
1065,1065,Flood Flow Canal Head Regulator,Telangana SW,36,Telangana,516,NIZAMABAD,-,-,-,-,-,-,-,-,-,18.91368898,78.34351872,14-08-2026 03:00,0,0,0,0,0,0,0,0,0,0,0,0,0,0,0,0,0,0,0,0,0,0,0,0,0,0,0,0,0,0,0,0,0,0,0,0,0,0,0,0,0,0,,,,,,,,
1066,1066,Flood Flow Canal Head Regulator,Telangana SW,36,Telangana,516,NIZAMABAD,-,-,-,-,-,-,-,-,-,18.91368898,78.34351872,14-08-2026 04:00,0,0,0,0,0,0,0,0,0,0,0,0,0,0,0,0,0,0,0,0,0,0,0,0,0,0,0,0,0,0,0,0,0,0,0,0,0,0,0,0,0,0,,,,,,,,
1067,1067,Flood Flow Canal Head Regulator,Telangana SW,36,Telangana,516,NIZAMABAD,-,-,-,-,-,-,-,-,-,18.91368898,78.34351872,14-08-2026 05:00,0,0,0,0,0,0,0,0,0,0,0,0,0,0,0,0,0,0,0,0,0,0,0,0,0,0,0,0,0,0,0,0,0,0,0,0,0,0,0,0,0,0,,,,,,,,
1068,1068,Flood Flow Canal Head Regulator,Telangana SW,36,Telangana,516,NIZAMABAD,-,-,-,-,-,-,-,-,-,18.91368898,78.34351872,14-08-2026 06:00,0,0,0,0,0,0,0,0,0,0,0,0,0,0,0,0,0,0,0,0,0,0,0,0,0,0,0,0,0,0,0,0,0,0,0,0,0,0,0,0,0,0,,,,,,,,
1069,1069,Flood Flow Canal Head Regulator,Telangana SW,36,Telangana,516,NIZAMABAD,-,-,-,-,-,-,-,-,-,18.91368898,78.34351872,14-08-2026 07:00,0,0,0,0,0,0,0,0,0,0,0,0,0,0,0,0,0,0,0,0,0,0,0,0,0,0,0,0,0,0,0,0,0,0,0,0,0,0,0,0,0,0,,,,,,,,
1070,1070,Flood Flow Canal Head Regulator,Telangana SW,36,Telangana,516,NIZAMABAD,-,-,-,-,-,-,-,-,-,18.91368898,78.34351872,14-08-2026 08:00,0,0,0,0,0,0,0,0,0,0,0,0,0,0,0,0,0,0,0,0,0,0,0,0,0,0,0,0,0,0,0,0,0,0,0,0,0,0,0,0,0,0,,,,,,,,
1071,1071,Flood Flow Canal Head Regulator,Telangana SW,36,Telangana,516,NIZAMABAD,-,-,-,-,-,-,-,-,-,18.91368898,78.34351872,14-08-2026 09:00,0,0,0,0,0,0,0,0,0,0,0,0,0,0,0,0,0,0,0,0,0,0,0,0,0,0,0,0,0,0,0,0,0,0,0,0,0,0,0,0,0,0,,,,,,,,
1072,1072,Flood Flow Canal Head Regulator,Telangana SW,36,Telangana,516,NIZAMABAD,-,-,-,-,-,-,-,-,-,18.91368898,78.34351872,14-08-2026 10:00,0,0,0,0,0,0,0,0,0,0,0,0,0,0,0,0,0,0,0,0,0,0,0,0,0,0,0,0,0,0,0,0,0,0,0,0,0,0,0,0,0,0,,,,,,,,
1073,1073,Flood Flow Canal Head Regulator,Telangana SW,36,Telangana,516,NIZAMABAD,-,-,-,-,-,-,-,-,-,18.91368898,78.34351872,14-08-2026 11:00,0,0,0,0,0,0,0,0,0,0,0,0,0,0,0,0,0,0,0,0,0,0,0,0,0,0,0,0,0,0,0,0,0,0,0,0,0,0,0,0,0,0,,,,,,,,
1074,1074,Flood Flow Canal Head Regulator,Telangana SW,36,Telangana,516,NIZAMABAD,-,-,-,-,-,-,-,-,-,18.91368898,78.34351872,14-08-2026 12:00,0,0,0,0,0,0,0,0,0,0,0,0,0,0,0,0,0,0,0,0,0,0,0,0,0,0,0,0,0,0,0,0,0,0,0,0,0,0,0,0,0,0,,,,,,,,
1075,1075,Flood Flow Canal Head Regulator,Telangana SW,36,Telangana,516,NIZAMABAD,-,-,-,-,-,-,-,-,-,18.91368898,78.34351872,14-08-2026 13:00,0,0,0,0,0,0,0,0,0,0,0,0,0,0,0,0,0,0,0,0,0,0,0,0,0,0,0,0,0,0,0,0,0,0,0,0,0,0,0,0,0,0,,,,,,,,
1076,1076,Flood Flow Canal Head Regulator,Telangana SW,36,Telangana,516,NIZAMABAD,-,-,-,-,-,-,-,-,-,18.91368898,78.34351872,14-08-2026 14:00,0,0,0,0,0,0,0,0,0,0,0,0,0,0,0,0,0,0,0,0,0,0,0,0,0,0,0,0,0,0,0,0,0,0,0,0,0,0,0,0,0,0,,,,,,,,
1077,1077,Flood Flow Canal Head Regulator,Telangana SW,36,Telangana,516,NIZAMABAD,-,-,-,-,-,-,-,-,-,18.91368898,78.34351872,14-08-2026 15:00,0,0,0,0,0,0,0,0,0,0,0,0,0,0,0,0,0,0,0,0,0,0,0,0,0,0,0,0,0,0,0,0,0,0,0,0,0,0,0,0,0,0,,,,,,,,
1078,1078,Flood Flow Canal Head Regulator,Telangana SW,36,Telangana,516,NIZAMABAD,-,-,-,-,-,-,-,-,-,18.91368898,78.34351872,14-08-2026 16:00,0,0,0,0,0,0,0,0,0,0,0,0,0,0,0,0,0,0,0,0,0,0,0,0,0,0,0,0,0,0,0,0,0,0,0,0,0,0,0,0,0,0,,,,,,,,
1079,1079,Flood Flow Canal Head Regulator,Telangana SW,36,Telangana,516,NIZAMABAD,-,-,-,-,-,-,-,-,-,18.91368898,78.34351872,14-08-2026 17:00,0,0,0,0,0,0,0,0,0,0,0,0,0,0,0,0,0,0,0,0,0,0,0,0,0,0,0,0,0,0,0,0,0,0,0,0,0,0,0,0,0,0,,,,,,,,
1080,1080,Flood Flow Canal Head Regulator,Telangana SW,36,Telangana,516,NIZAMABAD,-,-,-,-,-,-,-,-,-,18.91368898,78.34351872,14-08-2026 18:00,0,0,0,0,0,0,0,0,0,0,0,0,0,0,0,0,0,0,0,0,0,0,0,0,0,0,0,0,0,0,0,0,0,0,0,0,0,0,0,0,0,0,,,,,,,,
1081,1081,Flood Flow Canal Head Regulator,Telangana SW,36,Telangana,516,NIZAMABAD,-,-,-,-,-,-,-,-,-,18.91368898,78.34351872,14-08-2026 19:00,0,0,0,0,0,0,0,0,0,0,0,0,0,0,0,0,0,0,0,0,0,0,0,0,0,0,0,0,0,0,0,0,0,0,0,0,0,0,0,0,0,0,,,,,,,,
1082,1082,Flood Flow Canal Head Regulator,Telangana SW,36,Telangana,516,NIZAMABAD,-,-,-,-,-,-,-,-,-,18.91368898,78.34351872,14-08-2026 20:00,0,0,0,0,0,0,0,0,0,0,0,0,0,0,0,0,0,0,0,0,0,0,0,0,0,0,0,0,0,0,0,0,0,0,0,0,0,0,0,0,0,0,,,,,,,,
1083,1083,Flood Flow Canal Head Regulator,Telangana SW,36,Telangana,516,NIZAMABAD,-,-,-,-,-,-,-,-,-,18.91368898,78.34351872,14-08-2026 21:00,0,0,0,0,0,0,0,0,0,0,0,0,0,0,0,0,0,0,0,0,0,0,0,0,0,0,0,0,0,0,0,0,0,0,0,0,0,0,0,0,0,0,,,,,,,,
1084,1084,Flood Flow Canal Head Regulator,Telangana SW,36,Telangana,516,NIZAMABAD,-,-,-,-,-,-,-,-,-,18.91368898,78.34351872,14-08-2026 22:00,0,0,0,0,0,0,0,0,0,0,0,0,0,0,0,0,0,0,0,0,0,0,0,0,0,0,0,0,0,0,0,0,0,0,0,0,0,0,0,0,0,0,,,,,,,,
1085,1085,Flood Flow Canal Head Regulator,Telangana SW,36,Telangana,516,NIZAMABAD,-,-,-,-,-,-,-,-,-,18.91368898,78.34351872,14-08-2026 23:00,0,0,0,0,0,0,0,0,0,0,0,0,0,0,0,0,0,0,0,0,0,0,0,0,0,0,0,0,0,0,0,0,0,0,0,0,0,0,0,0,0,0,,,,,,,,
1086,1086,Flood Flow Canal Head Regulator,Telangana SW,36,Telangana,516,NIZAMABAD,-,-,-,-,-,-,-,-,-,18.91368898,78.34351872,15-08-2026 00:00,0,0,0,0,0,0,0,0,0,0,0,0,0,0,0,0,0,0,0,0,0,0,0,0,0,0,0,0,0,0,0,0,0,0,0,0,0,0,0,0,0,0,,,,,,,,
1087,1087,Flood Flow Canal Head Regulator,Telangana SW,36,Telangana,516,NIZAMABAD,-,-,-,-,-,-,-,-,-,18.91368898,78.34351872,15-08-2026 01:00,0,0,0,0,0,0,0,0,0,0,0,0,0,0,0,0,0,0,0,0,0,0,0,0,0,0,0,0,0,0,0,0,0,0,0,0,0,0,0,0,0,0,,,,,,,,
1088,1088,Flood Flow Canal Head Regulator,Telangana SW,36,Telangana,516,NIZAMABAD,-,-,-,-,-,-,-,-,-,18.91368898,78.34351872,15-08-2026 02:00,0,0,0,0,0,0,0,0,0,0,0,0,0,0,0,0,0,0,0,0,0,0,0,0,0,0,0,0,0,0,0,0,0,0,0,0,0,0,0,0,0,0,,,,,,,,
1089,1089,Flood Flow Canal Head Regulator,Telangana SW,36,Telangana,516,NIZAMABAD,-,-,-,-,-,-,-,-,-,18.91368898,78.34351872,15-08-2026 03:00,0,0,0,0,0,0,0,0,0,0,0,0,0,0,0,0,0,0,0,0,0,0,0,0,0,0,0,0,0,0,0,0,0,0,0,0,0,0,0,0,0,0,,,,,,,,
1090,1090,Flood Flow Canal Head Regulator,Telangana SW,36,Telangana,516,NIZAMABAD,-,-,-,-,-,-,-,-,-,18.91368898,78.34351872,15-08-2026 04:00,0,0,0,0,0,0,0,0,0,0,0,0,0,0,0,0,0,0,0,0,0,0,0,0,0,0,0,0,0,0,0,0,0,0,0,0,0,0,0,0,0,0,,,,,,,,
1091,1091,Flood Flow Canal Head Regulator,Telangana SW,36,Telangana,516,NIZAMABAD,-,-,-,-,-,-,-,-,-,18.91368898,78.34351872,15-08-2026 05:00,0,0,0,0,0,0,0,0,0,0,0,0,0,0,0,0,0,0,0,0,0,0,0,0,0,0,0,0,0,0,0,0,0,0,0,0,0,0,0,0,0,0,,,,,,,,
1092,1092,Flood Flow Canal Head Regulator,Telangana SW,36,Telangana,516,NIZAMABAD,-,-,-,-,-,-,-,-,-,18.91368898,78.34351872,15-08-2026 06:00,0,0,0,0,0,0,0,0,0,0,0,0,0,0,0,0,0,0,0,0,0,0,0,0,0,0,0,0,0,0,0,0,0,0,0,0,0,0,0,0,0,0,,,,,,,,
1093,1093,Flood Flow Canal Head Regulator,Telangana SW,36,Telangana,516,NIZAMABAD,-,-,-,-,-,-,-,-,-,18.91368898,78.34351872,15-08-2026 07:00,0,0,0,0,0,0,0,0,0,0,0,0,0,0,0,0,0,0,0,0,0,0,0,0,0,0,0,0,0,0,0,0,0,0,0,0,0,0,0,0,0,0,,,,,,,,
1094,1094,Flood Flow Canal Head Regulator,Telangana SW,36,Telangana,516,NIZAMABAD,-,-,-,-,-,-,-,-,-,18.91368898,78.34351872,15-08-2026 08:00,0,0,0,0,0,0,0,0,0,0,0,0,0,0,0,0,0,0,0,0,0,0,0,0,0,0,0,0,0,0,0,0,0,0,0,0,0,0,0,0,0,0,,,,,,,,
1095,1095,Flood Flow Canal Head Regulator,Telangana SW,36,Telangana,516,NIZAMABAD,-,-,-,-,-,-,-,-,-,18.91368898,78.34351872,15-08-2026 09:00,0,0,0,0,0,0,0,0,0,0,0,0,0,0,0,0,0,0,0,0,0,0,0,0,0,0,0,0,0,0,0,0,0,0,0,0,0,0,0,0,0,0,,,,,,,,
1096,1096,Flood Flow Canal Head Regulator,Telangana SW,36,Telangana,516,NIZAMABAD,-,-,-,-,-,-,-,-,-,18.91368898,78.34351872,15-08-2026 10:00,0,0,0,0,0,0,0,0,0,0,0,0,0,0,0,0,0,0,0,0,0,0,0,0,0,0,0,0,0,0,0,0,0,0,0,0,0,0,0,0,0,0,,,,,,,,
1097,1097,Flood Flow Canal Head Regulator,Telangana SW,36,Telangana,516,NIZAMABAD,-,-,-,-,-,-,-,-,-,18.91368898,78.34351872,15-08-2026 11:00,0,0,0,0,0,0,0,0,0,0,0,0,0,0,0,0,0,0,0,0,0,0,0,0,0,0,0,0,0,0,0,0,0,0,0,0,0,0,0,0,0,0,,,,,,,,
1098,1098,Flood Flow Canal Head Regulator,Telangana SW,36,Telangana,516,NIZAMABAD,-,-,-,-,-,-,-,-,-,18.91368898,78.34351872,15-08-2026 12:00,0,0,0,0,0,0,0,0,0,0,0,0,0,0,0,0,0,0,0,0,0,0,0,0,0,0,0,0,0,0,0,0,0,0,0,0,0,0,0,0,0,0,,,,,,,,
1099,1099,Flood Flow Canal Head Regulator,Telangana SW,36,Telangana,516,NIZAMABAD,-,-,-,-,-,-,-,-,-,18.91368898,78.34351872,15-08-2026 13:00,0,0,0,0,0,0,0,0,0,0,0,0,0,0,0,0,0,0,0,0,0,0,0,0,0,0,0,0,0,0,0,0,0,0,0,0,0,0,0,0,0,0,,,,,,,,
1100,1100,Flood Flow Canal Head Regulator,Telangana SW,36,Telangana,516,NIZAMABAD,-,-,-,-,-,-,-,-,-,18.91368898,78.34351872,15-08-2026 14:00,0,0,0,0,0,0,0,0,0,0,0,0,0,0,0,0,0,0,0,0,0,0,0,0,0,0,0,0,0,0,0,0,0,0,0,0,0,0,0,0,0,0,,,,,,,,
1101,1101,Flood Flow Canal Head Regulator,Telangana SW,36,Telangana,516,NIZAMABAD,-,-,-,-,-,-,-,-,-,18.91368898,78.34351872,15-08-2026 15:00,0,0,0,0,0,0,0,0,0,0,0,0,0,0,0,0,0,0,0,0,0,0,0,0,0,0,0,0,0,0,0,0,0,0,0,0,0,0,0,0,0,0,,,,,,,,
1102,1102,Flood Flow Canal Head Regulator,Telangana SW,36,Telangana,516,NIZAMABAD,-,-,-,-,-,-,-,-,-,18.91368898,78.34351872,15-08-2026 16:00,0,0,0,0,0,0,0,0,0,0,0,0,0,0,0,0,0,0,0,0,0,0,0,0,0,0,0,0,0,0,0,0,0,0,0,0,0,0,0,0,0,0,,,,,,,,
1103,1103,Flood Flow Canal Head Regulator,Telangana SW,36,Telangana,516,NIZAMABAD,-,-,-,-,-,-,-,-,-,18.91368898,78.34351872,15-08-2026 17:00,0,0,0,0,0,0,0,0,0,0,0,0,0,0,0,0,0,0,0,0,0,0,0,0,0,0,0,0,0,0,0,0,0,0,0,0,0,0,0,0,0,0,,,,,,,,
1104,1104,Flood Flow Canal Head Regulator,Telangana SW,36,Telangana,516,NIZAMABAD,-,-,-,-,-,-,-,-,-,18.91368898,78.34351872,15-08-2026 18:00,0,0,0,0,0,0,0,0,0,0,0,0,0,0,0,0,0,0,0,0,0,0,0,0,0,0,0,0,0,0,0,0,0,0,0,0,0,0,0,0,0,0,,,,,,,,
1105,1105,Flood Flow Canal Head Regulator,Telangana SW,36,Telangana,516,NIZAMABAD,-,-,-,-,-,-,-,-,-,18.91368898,78.34351872,15-08-2026 19:00,0,0,0,0,0,0,0,0,0,0,0,0,0,0,0,0,0,0,0,0,0,0,0,0,0,0,0,0,0,0,0,0,0,0,0,0,0,0,0,0,0,0,,,,,,,,
1106,1106,Flood Flow Canal Head Regulator,Telangana SW,36,Telangana,516,NIZAMABAD,-,-,-,-,-,-,-,-,-,18.91368898,78.34351872,15-08-2026 20:00,0,0,0,0,0,0,0,0,0,0,0,0,0,0,0,0,0,0,0,0,0,0,0,0,0,0,0,0,0,0,0,0,0,0,0,0,0,0,0,0,0,0,,,,,,,,
1107,1107,Flood Flow Canal Head Regulator,Telangana SW,36,Telangana,516,NIZAMABAD,-,-,-,-,-,-,-,-,-,18.91368898,78.34351872,15-08-2026 21:00,0,0,0,0,0,0,0,0,0,0,0,0,0,0,0,0,0,0,0,0,0,0,0,0,0,0,0,0,0,0,0,0,0,0,0,0,0,0,0,0,0,0,,,,,,,,
1108,1108,Flood Flow Canal Head Regulator,Telangana SW,36,Telangana,516,NIZAMABAD,-,-,-,-,-,-,-,-,-,18.91368898,78.34351872,15-08-2026 22:00,0,0,0,0,0,0,0,0,0,0,0,0,0,0,0,0,0,0,0,0,0,0,0,0,0,0,0,0,0,0,0,0,0,0,0,0,0,0,0,0,0,0,,,,,,,,
1109,1109,Flood Flow Canal Head Regulator,Telangana SW,36,Telangana,516,NIZAMABAD,-,-,-,-,-,-,-,-,-,18.91368898,78.34351872,15-08-2026 23:00,0,0,0,0,0,0,0,0,0,0,0,0,0,0,0,0,0,0,0,0,0,0,0,0,0,0,0,0,0,0,0,0,0,0,0,0,0,0,0,0,0,0,,,,,,,,
1110,1110,Flood Flow Canal Head Regulator,Telangana SW,36,Telangana,516,NIZAMABAD,-,-,-,-,-,-,-,-,-,18.91368898,78.34351872,16-08-2026 00:00,0,0,0,0,0,0,0,0,0,0,0,0,0,0,0,0,0,0,0,0,0,0,0,0,0,0,0,0,0,0,0,0,0,0,0,0,0,0,0,0,0,0,,,,,,,,
1111,1111,Flood Flow Canal Head Regulator,Telangana SW,36,Telangana,516,NIZAMABAD,-,-,-,-,-,-,-,-,-,18.91368898,78.34351872,16-08-2026 01:00,0,0,0,0,0,0,0,0,0,0,0,0,0,0,0,0,0,0,0,0,0,0,0,0,0,0,0,0,0,0,0,0,0,0,0,0,0,0,0,0,0,0,,,,,,,,
1112,1112,Flood Flow Canal Head Regulator,Telangana SW,36,Telangana,516,NIZAMABAD,-,-,-,-,-,-,-,-,-,18.91368898,78.34351872,16-08-2026 02:00,0,0,0,0,0,0,0,0,0,0,0,0,0,0,0,0,0,0,0,0,0,0,0,0,0,0,0,0,0,0,0,0,0,0,0,0,0,0,0,0,0,0,,,,,,,,
1113,1113,Flood Flow Canal Head Regulator,Telangana SW,36,Telangana,516,NIZAMABAD,-,-,-,-,-,-,-,-,-,18.91368898,78.34351872,16-08-2026 03:00,0,0,0,0,0,0,0,0,0,0,0,0,0,0,0,0,0,0,0,0,0,0,0,0,0,0,0,0,0,0,0,0,0,0,0,0,0,0,0,0,0,0,,,,,,,,
1114,1114,Flood Flow Canal Head Regulator,Telangana SW,36,Telangana,516,NIZAMABAD,-,-,-,-,-,-,-,-,-,18.91368898,78.34351872,16-08-2026 04:00,0,0,0,0,0,0,0,0,0,0,0,0,0,0,0,0,0,0,0,0,0,0,0,0,0,0,0,0,0,0,0,0,0,0,0,0,0,0,0,0,0,0,,,,,,,,
1115,1115,Flood Flow Canal Head Regulator,Telangana SW,36,Telangana,516,NIZAMABAD,-,-,-,-,-,-,-,-,-,18.91368898,78.34351872,16-08-2026 05:00,0,0,0,0,0,0,0,0,0,0,0,0,0,0,0,0,0,0,0,0,0,0,0,0,0,0,0,0,0,0,0,0,0,0,0,0,0,0,0,0,0,0,,,,,,,,
1116,1116,Flood Flow Canal Head Regulator,Telangana SW,36,Telangana,516,NIZAMABAD,-,-,-,-,-,-,-,-,-,18.91368898,78.34351872,16-08-2026 06:00,0,0,0,0,0,0,0,0,0,0,0,0,0,0,0,0,0,0,0,0,0,0,0,0,0,0,0,0,0,0,0,0,0,0,0,0,0,0,0,0,0,0,,,,,,,,
1117,1117,Flood Flow Canal Head Regulator,Telangana SW,36,Telangana,516,NIZAMABAD,-,-,-,-,-,-,-,-,-,18.91368898,78.34351872,16-08-2026 07:00,0,0,0,0,0,0,0,0,0,0,0,0,0,0,0,0,0,0,0,0,0,0,0,0,0,0,0,0,0,0,0,0,0,0,0,0,0,0,0,0,0,0,,,,,,,,
1118,1118,Flood Flow Canal Head Regulator,Telangana SW,36,Telangana,516,NIZAMABAD,-,-,-,-,-,-,-,-,-,18.91368898,78.34351872,16-08-2026 08:00,0,0,0,0,0,0,0,0,0,0,0,0,0,0,0,0,0,0,0,0,0,0,0,0,0,0,0,0,0,0,0,0,0,0,0,0,0,0,0,0,0,0,,,,,,,,
1119,1119,Flood Flow Canal Head Regulator,Telangana SW,36,Telangana,516,NIZAMABAD,-,-,-,-,-,-,-,-,-,18.91368898,78.34351872,16-08-2026 09:00,0,0,0,0,0,0,0,0,0,0,0,0,0,0,0,0,0,0,0,0,0,0,0,0,0,0,0,0,0,0,0,0,0,0,0,0,0,0,0,0,0,0,,,,,,,,
1120,1120,Flood Flow Canal Head Regulator,Telangana SW,36,Telangana,516,NIZAMABAD,-,-,-,-,-,-,-,-,-,18.91368898,78.34351872,16-08-2026 10:00,0,0,0,0,0,0,0,0,0,0,0,0,0,0,0,0,0,0,0,0,0,0,0,0,0,0,0,0,0,0,0,0,0,0,0,0,0,0,0,0,0,0,,,,,,,,
1121,1121,Flood Flow Canal Head Regulator,Telangana SW,36,Telangana,516,NIZAMABAD,-,-,-,-,-,-,-,-,-,18.91368898,78.34351872,16-08-2026 11:00,0,0,0,0,0,0,0,0,0,0,0,0,0,0,0,0,0,0,0,0,0,0,0,0,0,0,0,0,0,0,0,0,0,0,0,0,0,0,0,0,0,0,,,,,,,,
1122,1122,Flood Flow Canal Head Regulator,Telangana SW,36,Telangana,516,NIZAMABAD,-,-,-,-,-,-,-,-,-,18.91368898,78.34351872,16-08-2026 12:00,0,0,0,0,0,0,0,0,0,0,0,0,0,0,0,0,0,0,0,0,0,0,0,0,0,0,0,0,0,0,0,0,0,0,0,0,0,0,0,0,0,0,,,,,,,,
1123,1123,Flood Flow Canal Head Regulator,Telangana SW,36,Telangana,516,NIZAMABAD,-,-,-,-,-,-,-,-,-,18.91368898,78.34351872,16-08-2026 13:00,0,0,0,0,0,0,0,0,0,0,0,0,0,0,0,0,0,0,0,0,0,0,0,0,0,0,0,0,0,0,0,0,0,0,0,0,0,0,0,0,0,0,,,,,,,,
1124,1124,Flood Flow Canal Head Regulator,Telangana SW,36,Telangana,516,NIZAMABAD,-,-,-,-,-,-,-,-,-,18.91368898,78.34351872,16-08-2026 14:00,0,0,0,0,0,0,0,0,0,0,0,0,0,0,0,0,0,0,0,0,0,0,0,0,0,0,0,0,0,0,0,0,0,0,0,0,0,0,0,0,0,0,,,,,,,,
1125,1125,Flood Flow Canal Head Regulator,Telangana SW,36,Telangana,516,NIZAMABAD,-,-,-,-,-,-,-,-,-,18.91368898,78.34351872,16-08-2026 15:00,0,0,0,0,0,0,0,0,0,0,0,0,0,0,0,0,0,0,0,0,0,0,0,0,0,0,0,0,0,0,0,0,0,0,0,0,0,0,0,0,0,0,,,,,,,,
1126,1126,Flood Flow Canal Head Regulator,Telangana SW,36,Telangana,516,NIZAMABAD,-,-,-,-,-,-,-,-,-,18.91368898,78.34351872,16-08-2026 16:00,0,0,0,0,0,0,0,0,0,0,0,0,0,0,0,0,0,0,0,0,0,0,0,0,0,0,0,0,0,0,0,0,0,0,0,0,0,0,0,0,0,0,,,,,,,,
1127,1127,Flood Flow Canal Head Regulator,Telangana SW,36,Telangana,516,NIZAMABAD,-,-,-,-,-,-,-,-,-,18.91368898,78.34351872,16-08-2026 17:00,0,0,0,0,0,0,0,0,0,0,0,0,0,0,0,0,0,0,0,0,0,0,0,0,0,0,0,0,0,0,0,0,0,0,0,0,0,0,0,0,0,0,,,,,,,,
1128,1128,Flood Flow Canal Head Regulator,Telangana SW,36,Telangana,516,NIZAMABAD,-,-,-,-,-,-,-,-,-,18.91368898,78.34351872,16-08-2026 18:00,0,0,0,0,0,0,0,0,0,0,0,0,0,0,0,0,0,0,0,0,0,0,0,0,0,0,0,0,0,0,0,0,0,0,0,0,0,0,0,0,0,0,,,,,,,,
1129,1129,Flood Flow Canal Head Regulator,Telangana SW,36,Telangana,516,NIZAMABAD,-,-,-,-,-,-,-,-,-,18.91368898,78.34351872,16-08-2026 19:00,0,0,0,0,0,0,0,0,0,0,0,0,0,0,0,0,0,0,0,0,0,0,0,0,0,0,0,0,0,0,0,0,0,0,0,0,0,0,0,0,0,0,,,,,,,,
1130,1130,Flood Flow Canal Head Regulator,Telangana SW,36,Telangana,516,NIZAMABAD,-,-,-,-,-,-,-,-,-,18.91368898,78.34351872,16-08-2026 20:00,0,0,0,0,0,0,0,0,0,0,0,0,0,0,0,0,0,0,0,0,0,0,0,0,0,0,0,0,0,0,0,0,0,0,0,0,0,0,0,0,0,0,,,,,,,,
1131,1131,Flood Flow Canal Head Regulator,Telangana SW,36,Telangana,516,NIZAMABAD,-,-,-,-,-,-,-,-,-,18.91368898,78.34351872,16-08-2026 21:00,0,0,0,0,0,0,0,0,0,0,0,0,0,0,0,0,0,0,0,0,0,0,0,0,0,0,0,0,0,0,0,0,0,0,0,0,0,0,0,0,0,0,,,,,,,,
1132,1132,Flood Flow Canal Head Regulator,Telangana SW,36,Telangana,516,NIZAMABAD,-,-,-,-,-,-,-,-,-,18.91368898,78.34351872,16-08-2026 22:00,0,0,0,0,0,0,0,0,0,0,0,0,0,0,0,0,0,0,0,0,0,0,0,0,0,0,0,0,0,0,0,0,0,0,0,0,0,0,0,0,0,0,,,,,,,,
1133,1133,Flood Flow Canal Head Regulator,Telangana SW,36,Telangana,516,NIZAMABAD,-,-,-,-,-,-,-,-,-,18.91368898,78.34351872,16-08-2026 23:00,0,0,0,0,0,0,0,0,0,0,0,0,0,0,0,0,0,0,0,0,0,0,0,0,0,0,0,0,0,0,0,0,0,0,0,0,0,0,0,0,0,0,,,,,,,,
1134,1134,Flood Flow Canal Head Regulator,Telangana SW,36,Telangana,516,NIZAMABAD,-,-,-,-,-,-,-,-,-,18.91368898,78.34351872,17-08-2026 00:00,0,0,0,0,0,0,0,0,0,0,0,0,0,0,0,0,0,0,0,0,0,0,0,0,0,0,0,0,0,0,0,0,0,0,0,0,0,0,0,0,0,0,,,,,,,,
1135,1135,Flood Flow Canal Head Regulator,Telangana SW,36,Telangana,516,NIZAMABAD,-,-,-,-,-,-,-,-,-,18.91368898,78.34351872,17-08-2026 01:00,0,0,0,0,0,0,0,0,0,0,0,0,0,0,0,0,0,0,0,0,0,0,0,0,0,0,0,0,0,0,0,0,0,0,0,0,0,0,0,0,0,0,,,,,,,,
1136,1136,Flood Flow Canal Head Regulator,Telangana SW,36,Telangana,516,NIZAMABAD,-,-,-,-,-,-,-,-,-,18.91368898,78.34351872,17-08-2026 02:00,0,0,0,0,0,0,0,0,0,0,0,0,0,0,0,0,0,0,0,0,0,0,0,0,0,0,0,0,0,0,0,0,0,0,0,0,0,0,0,0,0,0,,,,,,,,
1137,1137,Flood Flow Canal Head Regulator,Telangana SW,36,Telangana,516,NIZAMABAD,-,-,-,-,-,-,-,-,-,18.91368898,78.34351872,17-08-2026 03:00,0,0,0,0,0,0,0,0,0,0,0,0,0,0,0,0,0,0,0,0,0,0,0,0,0,0,0,0,0,0,0,0,0,0,0,0,0,0,0,0,0,0,,,,,,,,
1138,1138,Flood Flow Canal Head Regulator,Telangana SW,36,Telangana,516,NIZAMABAD,-,-,-,-,-,-,-,-,-,18.91368898,78.34351872,17-08-2026 04:00,0,0,0,0,0,0,0,0,0,0,0,0,0,0,0,0,0,0,0,0,0,0,0,0,0,0,0,0,0,0,0,0,0,0,0,0,0,0,0,0,0,0,,,,,,,,
1139,1139,Flood Flow Canal Head Regulator,Telangana SW,36,Telangana,516,NIZAMABAD,-,-,-,-,-,-,-,-,-,18.91368898,78.34351872,17-08-2026 05:00,0,0,0,0,0,0,0,0,0,0,0,0,0,0,0,0,0,0,0,0,0,0,0,0,0,0,0,0,0,0,0,0,0,0,0,0,0,0,0,0,0,0,,,,,,,,
1140,1140,Flood Flow Canal Head Regulator,Telangana SW,36,Telangana,516,NIZAMABAD,-,-,-,-,-,-,-,-,-,18.91368898,78.34351872,17-08-2026 06:00,0,0,0,0,0,0,0,0,0,0,0,0,0,0,0,0,0,0,0,0,0,0,0,0,0,0,0,0,0,0,0,0,0,0,0,0,0,0,0,0,0,0,,,,,,,,
1141,1141,Flood Flow Canal Head Regulator,Telangana SW,36,Telangana,516,NIZAMABAD,-,-,-,-,-,-,-,-,-,18.91368898,78.34351872,17-08-2026 07:00,0,0,0,0,0,0,0,0,0,0,0,0,0,0,0,0,0,0,0,0,0,0,0,0,0,0,0,0,0,0,0,0,0,0,0,0,0,0,0,0,0,0,,,,,,,,
1142,1142,Flood Flow Canal Head Regulator,Telangana SW,36,Telangana,516,NIZAMABAD,-,-,-,-,-,-,-,-,-,18.91368898,78.34351872,17-08-2026 08:00,0,0,0,0,0,0,0,0,0,0,0,0,0,0,0,0,0,0,0,0,0,0,0,0,0,0,0,0,0,0,0,0,0,0,0,0,0,0,0,0,0,0,,,,,,,,
1143,1143,Flood Flow Canal Head Regulator,Telangana SW,36,Telangana,516,NIZAMABAD,-,-,-,-,-,-,-,-,-,18.91368898,78.34351872,17-08-2026 09:00,0,0,0,0,0,0,0,0,0,0,0,0,0,0,0,0,0,0,0,0,0,0,0,0,0,0,0,0,0,0,0,0,0,0,0,0,0,0,0,0,0,0,,,,,,,,
1144,1144,Flood Flow Canal Head Regulator,Telangana SW,36,Telangana,516,NIZAMABAD,-,-,-,-,-,-,-,-,-,18.91368898,78.34351872,17-08-2026 10:00,0,0,0,0,0,0,0,0,0,0,0,0,0,0,0,0,0,0,0,0,0,0,0,0,0,0,0,0,0,0,0,0,0,0,0,0,0,0,0,0,0,0,,,,,,,,
1145,1145,Flood Flow Canal Head Regulator,Telangana SW,36,Telangana,516,NIZAMABAD,-,-,-,-,-,-,-,-,-,18.91368898,78.34351872,17-08-2026 11:00,0,0,0,0,0,0,0,0,0,0,0,0,0,0,0,0,0,0,0,0,0,0,0,0,0,0,0,0,0,0,0,0,0,0,0,0,0,0,0,0,0,0,,,,,,,,
1146,1146,Flood Flow Canal Head Regulator,Telangana SW,36,Telangana,516,NIZAMABAD,-,-,-,-,-,-,-,-,-,18.91368898,78.34351872,17-08-2026 12:00,0,0,0,0,0,0,0,0,0,0,0,0,0,0,0,0,0,0,0,0,0,0,0,0,0,0,0,0,0,0,0,0,0,0,0,0,0,0,0,0,0,0,,,,,,,,
1147,1147,Flood Flow Canal Head Regulator,Telangana SW,36,Telangana,516,NIZAMABAD,-,-,-,-,-,-,-,-,-,18.91368898,78.34351872,17-08-2026 13:00,0,0,0,0,0,0,0,0,0,0,0,0,0,0,0,0,0,0,0,0,0,0,0,0,0,0,0,0,0,0,0,0,0,0,0,0,0,0,0,0,0,0,,,,,,,,
1148,1148,Flood Flow Canal Head Regulator,Telangana SW,36,Telangana,516,NIZAMABAD,-,-,-,-,-,-,-,-,-,18.91368898,78.34351872,17-08-2026 14:00,0,0,0,0,0,0,0,0,0,0,0,0,0,0,0,0,0,0,0,0,0,0,0,0,0,0,0,0,0,0,0,0,0,0,0,0,0,0,0,0,0,0,,,,,,,,
1149,1149,Flood Flow Canal Head Regulator,Telangana SW,36,Telangana,516,NIZAMABAD,-,-,-,-,-,-,-,-,-,18.91368898,78.34351872,17-08-2026 15:00,0,0,0,0,0,0,0,0,0,0,0,0,0,0,0,0,0,0,0,0,0,0,0,0,0,0,0,0,0,0,0,0,0,0,0,0,0,0,0,0,0,0,,,,,,,,
1150,1150,Flood Flow Canal Head Regulator,Telangana SW,36,Telangana,516,NIZAMABAD,-,-,-,-,-,-,-,-,-,18.91368898,78.34351872,17-08-2026 16:00,0,0,0,0,0,0,0,0,0,0,0,0,0,0,0,0,0,0,0,0,0,0,0,0,0,0,0,0,0,0,0,0,0,0,0,0,0,0,0,0,0,0,,,,,,,,
1151,1151,Flood Flow Canal Head Regulator,Telangana SW,36,Telangana,516,NIZAMABAD,-,-,-,-,-,-,-,-,-,18.91368898,78.34351872,17-08-2026 18:00,0,0,0,0,0,0,0,0,0,0,0,0,0,0,0,0,0,0,0,0,0,0,0,0,0,0,0,0,0,0,0,0,0,0,0,0,0,0,0,0,0,0,,,,,,,,
1152,1152,Flood Flow Canal Head Regulator,Telangana SW,36,Telangana,516,NIZAMABAD,-,-,-,-,-,-,-,-,-,18.91368898,78.34351872,17-08-2026 19:00,0,0,0,0,0,0,0,0,0,0,0,0,0,0,0,0,0,0,0,0,0,0,0,0,0,0,0,0,0,0,0,0,0,0,0,0,0,0,0,0,0,0,,,,,,,,
1153,1153,Flood Flow Canal Head Regulator,Telangana SW,36,Telangana,516,NIZAMABAD,-,-,-,-,-,-,-,-,-,18.91368898,78.34351872,17-08-2026 20:00,0,0,0,0,0,0,0,0,0,0,0,0,0,0,0,0,0,0,0,0,0,0,0,0,0,0,0,0,0,0,0,0,0,0,0,0,0,0,0,0,0,0,,,,,,,,
1154,1154,Flood Flow Canal Head Regulator,Telangana SW,36,Telangana,516,NIZAMABAD,-,-,-,-,-,-,-,-,-,18.91368898,78.34351872,17-08-2026 21:00,0,0,0,0,0,0,0,0,0,0,0,0,0,0,0,0,0,0,0,0,0,0,0,0,0,0,0,0,0,0,0,0,0,0,0,0,0,0,0,0,0,0,,,,,,,,
1155,1155,Flood Flow Canal Head Regulator,Telangana SW,36,Telangana,516,NIZAMABAD,-,-,-,-,-,-,-,-,-,18.91368898,78.34351872,17-08-2026 22:00,0,0,0,0,0,0,0,0,0,0,0,0,0,0,0,0,0,0,0,0,0,0,0,0,0,0,0,0,0,0,0,0,0,0,0,0,0,0,0,0,0,0,,,,,,,,
1156,1156,Flood Flow Canal Head Regulator,Telangana SW,36,Telangana,516,NIZAMABAD,-,-,-,-,-,-,-,-,-,18.91368898,78.34351872,17-08-2026 23:00,0,0,0,0,0,0,0,0,0,0,0,0,0,0,0,0,0,0,0,0,0,0,0,0,0,0,0,0,0,0,0,0,0,0,0,0,0,0,0,0,0,0,,,,,,,,
1157,1157,Flood Flow Canal Head Regulator,Telangana SW,36,Telangana,516,NIZAMABAD,-,-,-,-,-,-,-,-,-,18.91368898,78.34351872,18-08-2026 00:00,0,0,0,0,0,0,0,0,0,0,0,0,0,0,0,0,0,0,0,0,0,0,0,0,0,0,0,0,0,0,0,0,0,0,0,0,0,0,0,0,0,0,,,,,,,,
1158,1158,Flood Flow Canal Head Regulator,Telangana SW,36,Telangana,516,NIZAMABAD,-,-,-,-,-,-,-,-,-,18.91368898,78.34351872,18-08-2026 01:00,0,0,0,0,0,0,0,0,0,0,0,0,0,0,0,0,0,0,0,0,0,0,0,0,0,0,0,0,0,0,0,0,0,0,0,0,0,0,0,0,0,0,,,,,,,,
1159,1159,Flood Flow Canal Head Regulator,Telangana SW,36,Telangana,516,NIZAMABAD,-,-,-,-,-,-,-,-,-,18.91368898,78.34351872,18-08-2026 02:00,0,0,0,0,0,0,0,0,0,0,0,0,0,0,0,0,0,0,0,0,0,0,0,0,0,0,0,0,0,0,0,0,0,0,0,0,0,0,0,0,0,0,,,,,,,,
1160,1160,Flood Flow Canal Head Regulator,Telangana SW,36,Telangana,516,NIZAMABAD,-,-,-,-,-,-,-,-,-,18.91368898,78.34351872,18-08-2026 03:00,0,0,0,0,0,0,0,0,0,0,0,0,0,0,0,0,0,0,0,0,0,0,0,0,0,0,0,0,0,0,0,0,0,0,0,0,0,0,0,0,0,0,,,,,,,,
1161,1161,Flood Flow Canal Head Regulator,Telangana SW,36,Telangana,516,NIZAMABAD,-,-,-,-,-,-,-,-,-,18.91368898,78.34351872,18-08-2026 04:00,0,0,0,0,0,0,0,0,0,0,0,0,0,0,0,0,0,0,0,0,0,0,0,0,0,0,0,0,0,0,0,0,0,0,0,0,0,0,0,0,0,0,,,,,,,,
1162,1162,Flood Flow Canal Head Regulator,Telangana SW,36,Telangana,516,NIZAMABAD,-,-,-,-,-,-,-,-,-,18.91368898,78.34351872,18-08-2026 05:00,0,0,0,0,0,0,0,0,0,0,0,0,0,0,0,0,0,0,0,0,0,0,0,0,0,0,0,0,0,0,0,0,0,0,0,0,0,0,0,0,0,0,,,,,,,,
1163,1163,Flood Flow Canal Head Regulator,Telangana SW,36,Telangana,516,NIZAMABAD,-,-,-,-,-,-,-,-,-,18.91368898,78.34351872,18-08-2026 06:00,0,0,0,0,0,0,0,0,0,0,0,0,0,0,0,0,0,0,0,0,0,0,0,0,0,0,0,0,0,0,0,0,0,0,0,0,0,0,0,0,0,0,,,,,,,,
1164,1164,Flood Flow Canal Head Regulator,Telangana SW,36,Telangana,516,NIZAMABAD,-,-,-,-,-,-,-,-,-,18.91368898,78.34351872,18-08-2026 07:00,0,0,0,0,0,0,0,0,0,0,0,0,0,0,0,0,0,0,0,0,0,0,0,0,0,0,0,0,0,0,0,0,0,0,0,0,0,0,0,0,0,0,,,,,,,,
1165,1165,Flood Flow Canal Head Regulator,Telangana SW,36,Telangana,516,NIZAMABAD,-,-,-,-,-,-,-,-,-,18.91368898,78.34351872,18-08-2026 08:00,0,0,0,0,0,0,0,0,0,0,0,0,0,0,0,0,0,0,0,0,0,0,0,0,0,0,0,0,0,0,0,0,0,0,0,0,0,0,0,0,0,0,,,,,,,,
1166,1166,Flood Flow Canal Head Regulator,Telangana SW,36,Telangana,516,NIZAMABAD,-,-,-,-,-,-,-,-,-,18.91368898,78.34351872,18-08-2026 09:00,0,0,0,0,0,0,0,0,0,0,0,0,0,0,0,0,0,0,0,0,0,0,0,0,0,0,0,0,0,0,0,0,0,0,0,0,0,0,0,0,0,0,,,,,,,,
1167,1167,Flood Flow Canal Head Regulator,Telangana SW,36,Telangana,516,NIZAMABAD,-,-,-,-,-,-,-,-,-,18.91368898,78.34351872,18-08-2026 10:00,0,0,0,0,0,0,0,0,0,0,0,0,0,0,0,0,0,0,0,0,0,0,0,0,0,0,0,0,0,0,0,0,0,0,0,0,0,0,0,0,0,0,,,,,,,,
1168,1168,Flood Flow Canal Head Regulator,Telangana SW,36,Telangana,516,NIZAMABAD,-,-,-,-,-,-,-,-,-,18.91368898,78.34351872,18-08-2026 11:00,0,0,0,0,0,0,0,0,0,0,0,0,0,0,0,0,0,0,0,0,0,0,0,0,0,0,0,0,0,0,0,0,0,0,0,0,0,0,0,0,0,0,,,,,,,,
1169,1169,Flood Flow Canal Head Regulator,Telangana SW,36,Telangana,516,NIZAMABAD,-,-,-,-,-,-,-,-,-,18.91368898,78.34351872,18-08-2026 12:00,0,0,0,0,0,0,0,0,0,0,0,0,0,0,0,0,0,0,0,0,0,0,0,0,0,0,0,0,0,0,0,0,0,0,0,0,0,0,0,0,0,0,,,,,,,,
1170,1170,Flood Flow Canal Head Regulator,Telangana SW,36,Telangana,516,NIZAMABAD,-,-,-,-,-,-,-,-,-,18.91368898,78.34351872,18-08-2026 13:00,0,0,0,0,0,0,0,0,0,0,0,0,0,0,0,0,0,0,0,0,0,0,0,0,0,0,0,0,0,0,0,0,0,0,0,0,0,0,0,0,0,0,,,,,,,,
1171,1171,Flood Flow Canal Head Regulator,Telangana SW,36,Telangana,516,NIZAMABAD,-,-,-,-,-,-,-,-,-,18.91368898,78.34351872,18-08-2026 14:00,0,0,0,0,0,0,0,0,0,0,0,0,0,0,0,0,0,0,0,0,0,0,0,0,0,0,0,0,0,0,0,0,0,0,0,0,0,0,0,0,0,0,,,,,,,,
1172,1172,Flood Flow Canal Head Regulator,Telangana SW,36,Telangana,516,NIZAMABAD,-,-,-,-,-,-,-,-,-,18.91368898,78.34351872,18-08-2026 16:00,0,0,0,0,0,0,0,0,0,0,0,0,0,0,0,0,0,0,0,0,0,0,0,0,0,0,0,0,0,0,0,0,0,0,0,0,0,0,0,0,0,0,,,,,,,,
1173,1173,Flood Flow Canal Head Regulator,Telangana SW,36,Telangana,516,NIZAMABAD,-,-,-,-,-,-,-,-,-,18.91368898,78.34351872,18-08-2026 17:00,0,0,0,0,0,0,0,0,0,0,0,0,0,0,0,0,0,0,0,0,0,0,0,0,0,0,0,0,0,0,0,0,0,0,0,0,0,0,0,0,0,0,,,,,,,,
1174,1174,Flood Flow Canal Head Regulator,Telangana SW,36,Telangana,516,NIZAMABAD,-,-,-,-,-,-,-,-,-,18.91368898,78.34351872,18-08-2026 18:00,0,0,0,0,0,0,0,0,0,0,0,0,0,0,0,0,0,0,0,0,0,0,0,0,0,0,0,0,0,0,0,0,0,0,0,0,0,0,0,0,0,0,,,,,,,,
1175,1175,Flood Flow Canal Head Regulator,Telangana SW,36,Telangana,516,NIZAMABAD,-,-,-,-,-,-,-,-,-,18.91368898,78.34351872,18-08-2026 19:00,0,0,0,0,0,0,0,0,0,0,0,0,0,0,0,0,0,0,0,0,0,0,0,0,0,0,0,0,0,0,0,0,0,0,0,0,0,0,0,0,0,0,,,,,,,,
1176,1176,Flood Flow Canal Head Regulator,Telangana SW,36,Telangana,516,NIZAMABAD,-,-,-,-,-,-,-,-,-,18.91368898,78.34351872,18-08-2026 20:00,0,0,0,0,0,0,0,0,0,0,0,0,0,0,0,0,0,0,0,0,0,0,0,0,0,0,0,0,0,0,0,0,0,0,0,0,0,0,0,0,0,0,,,,,,,,
1177,1177,Flood Flow Canal Head Regulator,Telangana SW,36,Telangana,516,NIZAMABAD,-,-,-,-,-,-,-,-,-,18.91368898,78.34351872,18-08-2026 21:00,0,0,0,0,0,0,0,0,0,0,0,0,0,0,0,0,0,0,0,0,0,0,0,0,0,0,0,0,0,0,0,0,0,0,0,0,0,0,0,0,0,0,,,,,,,,
1178,1178,Flood Flow Canal Head Regulator,Telangana SW,36,Telangana,516,NIZAMABAD,-,-,-,-,-,-,-,-,-,18.91368898,78.34351872,18-08-2026 22:00,0,0,0,0,0,0,0,0,0,0,0,0,0,0,0,0,0,0,0,0,0,0,0,0,0,0,0,0,0,0,0,0,0,0,0,0,0,0,0,0,0,0,,,,,,,,
1179,1179,Flood Flow Canal Head Regulator,Telangana SW,36,Telangana,516,NIZAMABAD,-,-,-,-,-,-,-,-,-,18.91368898,78.34351872,18-08-2026 23:00,0,0,0,0,0,0,0,0,0,0,0,0,0,0,0,0,0,0,0,0,0,0,0,0,0,0,0,0,0,0,0,0,0,0,0,0,0,0,0,0,0,0,,,,,,,,
1180,1180,Flood Flow Canal Head Regulator,Telangana SW,36,Telangana,516,NIZAMABAD,-,-,-,-,-,-,-,-,-,18.91368898,78.34351872,19-08-2026 00:00,0,0,0,0,0,0,0,0,0,0,0,0,0,0,0,0,0,0,0,0,0,0,0,0,0,0,0,0,0,0,0,0,0,0,0,0,0,0,0,0,0,0,,,,,,,,
1181,1181,Flood Flow Canal Head Regulator,Telangana SW,36,Telangana,516,NIZAMABAD,-,-,-,-,-,-,-,-,-,18.91368898,78.34351872,19-08-2026 01:00,0,0,0,0,0,0,0,0,0,0,0,0,0,0,0,0,0,0,0,0,0,0,0,0,0,0,0,0,0,0,0,0,0,0,0,0,0,0,0,0,0,0,,,,,,,,
1182,1182,Flood Flow Canal Head Regulator,Telangana SW,36,Telangana,516,NIZAMABAD,-,-,-,-,-,-,-,-,-,18.91368898,78.34351872,19-08-2026 02:00,0,0,0,0,0,0,0,0,0,0,0,0,0,0,0,0,0,0,0,0,0,0,0,0,0,0,0,0,0,0,0,0,0,0,0,0,0,0,0,0,0,0,,,,,,,,
1183,1183,Flood Flow Canal Head Regulator,Telangana SW,36,Telangana,516,NIZAMABAD,-,-,-,-,-,-,-,-,-,18.91368898,78.34351872,19-08-2026 03:00,0,0,0,0,0,0,0,0,0,0,0,0,0,0,0,0,0,0,0,0,0,0,0,0,0,0,0,0,0,0,0,0,0,0,0,0,0,0,0,0,0,0,,,,,,,,
1184,1184,Flood Flow Canal Head Regulator,Telangana SW,36,Telangana,516,NIZAMABAD,-,-,-,-,-,-,-,-,-,18.91368898,78.34351872,19-08-2026 04:00,0,0,0,0,0,0,0,0,0,0,0,0,0,0,0,0,0,0,0,0,0,0,0,0,0,0,0,0,0,0,0,0,0,0,0,0,0,0,0,0,0,0,,,,,,,,
1185,1185,Flood Flow Canal Head Regulator,Telangana SW,36,Telangana,516,NIZAMABAD,-,-,-,-,-,-,-,-,-,18.91368898,78.34351872,19-08-2026 05:00,0,0,0,0,0,0,0,0,0,0,0,0,0,0,0,0,0,0,0,0,0,0,0,0,0,0,0,0,0,0,0,0,0,0,0,0,0,0,0,0,0,0,,,,,,,,
1186,1186,Flood Flow Canal Head Regulator,Telangana SW,36,Telangana,516,NIZAMABAD,-,-,-,-,-,-,-,-,-,18.91368898,78.34351872,19-08-2026 06:00,0,0,0,0,0,0,0,0,0,0,0,0,0,0,0,0,0,0,0,0,0,0,0,0,0,0,0,0,0,0,0,0,0,0,0,0,0,0,0,0,0,0,,,,,,,,
1187,1187,Flood Flow Canal Head Regulator,Telangana SW,36,Telangana,516,NIZAMABAD,-,-,-,-,-,-,-,-,-,18.91368898,78.34351872,19-08-2026 07:00,0,0,0,0,0,0,0,0,0,0,0,0,0,0,0,0,0,0,0,0,0,0,0,0,0,0,0,0,0,0,0,0,0,0,0,0,0,0,0,0,0,0,,,,,,,,
1188,1188,Flood Flow Canal Head Regulator,Telangana SW,36,Telangana,516,NIZAMABAD,-,-,-,-,-,-,-,-,-,18.91368898,78.34351872,19-08-2026 08:00,0,0,0,0,0,0,0,0,0,0,0,0,0,0,0,0,0,0,0,0,0,0,0,0,0,0,0,0,0,0,0,0,0,0,0,0,0,0,0,0,0,0,,,,,,,,
1189,1189,Flood Flow Canal Head Regulator,Telangana SW,36,Telangana,516,NIZAMABAD,-,-,-,-,-,-,-,-,-,18.91368898,78.34351872,19-08-2026 09:00,0,0,0,0,0,0,0,0,0,0,0,0,0,0,0,0,0,0,0,0,0,0,0,0,0,0,0,0,0,0,0,0,0,0,0,0,0,0,0,0,0,0,,,,,,,,
1190,1190,Flood Flow Canal Head Regulator,Telangana SW,36,Telangana,516,NIZAMABAD,-,-,-,-,-,-,-,-,-,18.91368898,78.34351872,19-08-2026 10:00,0,0,0,0,0,0,0,0,0,0,0,0,0,0,0,0,0,0,0,0,0,0,0,0,0,0,0,0,0,0,0,0,0,0,0,0,0,0,0,0,0,0,,,,,,,,
1191,1191,Flood Flow Canal Head Regulator,Telangana SW,36,Telangana,516,NIZAMABAD,-,-,-,-,-,-,-,-,-,18.91368898,78.34351872,19-08-2026 11:00,0,0,0,0,0,0,0,0,0,0,0,0,0,0,0,0,0,0,0,0,0,0,0,0,0,0,0,0,0,0,0,0,0,0,0,0,0,0,0,0,0,0,,,,,,,,
1192,1192,Flood Flow Canal Head Regulator,Telangana SW,36,Telangana,516,NIZAMABAD,-,-,-,-,-,-,-,-,-,18.91368898,78.34351872,19-08-2026 12:00,0,0,0,0,0,0,0,0,0,0,0,0,0,0,0,0,0,0,0,0,0,0,0,0,0,0,0,0,0,0,0,0,0,0,0,0,0,0,0,0,0,0,,,,,,,,
1193,1193,Flood Flow Canal Head Regulator,Telangana SW,36,Telangana,516,NIZAMABAD,-,-,-,-,-,-,-,-,-,18.91368898,78.34351872,19-08-2026 13:00,0,0,0,0,0,0,0,0,0,0,0,0,0,0,0,0,0,0,0,0,0,0,0,0,0,0,0,0,0,0,0,0,0,0,0,0,0,0,0,0,0,0,,,,,,,,
1194,1194,Flood Flow Canal Head Regulator,Telangana SW,36,Telangana,516,NIZAMABAD,-,-,-,-,-,-,-,-,-,18.91368898,78.34351872,19-08-2026 14:00,0,0,0,0,0,0,0,0,0,0,0,0,0,0,0,0,0,0,0,0,0,0,0,0,0,0,0,0,0,0,0,0,0,0,0,0,0,0,0,0,0,0,,,,,,,,
1195,1195,Flood Flow Canal Head Regulator,Telangana SW,36,Telangana,516,NIZAMABAD,-,-,-,-,-,-,-,-,-,18.91368898,78.34351872,19-08-2026 15:00,0,0,0,0,0,0,0,0,0,0,0,0,0,0,0,0,0,0,0,0,0,0,0,0,0,0,0,0,0,0,0,0,0,0,0,0,0,0,0,0,0,0,,,,,,,,
1196,1196,Flood Flow Canal Head Regulator,Telangana SW,36,Telangana,516,NIZAMABAD,-,-,-,-,-,-,-,-,-,18.91368898,78.34351872,19-08-2026 16:00,0,0,0,0,0,0,0,0,0,0,0,0,0,0,0,0,0,0,0,0,0,0,0,0,0,0,0,0,0,0,0,0,0,0,0,0,0,0,0,0,0,0,,,,,,,,
1197,1197,Flood Flow Canal Head Regulator,Telangana SW,36,Telangana,516,NIZAMABAD,-,-,-,-,-,-,-,-,-,18.91368898,78.34351872,19-08-2026 17:00,0,0,0,0,0,0,0,0,0,0,0,0,0,0,0,0,0,0,0,0,0,0,0,0,0,0,0,0,0,0,0,0,0,0,0,0,0,0,0,0,0,0,,,,,,,,
1198,1198,Flood Flow Canal Head Regulator,Telangana SW,36,Telangana,516,NIZAMABAD,-,-,-,-,-,-,-,-,-,18.91368898,78.34351872,19-08-2026 18:00,0,0,0,0,0,0,0,0,0,0,0,0,0,0,0,0,0,0,0,0,0,0,0,0,0,0,0,0,0,0,0,0,0,0,0,0,0,0,0,0,0,0,,,,,,,,
1199,1199,Flood Flow Canal Head Regulator,Telangana SW,36,Telangana,516,NIZAMABAD,-,-,-,-,-,-,-,-,-,18.91368898,78.34351872,19-08-2026 20:00,0,0,0,0,0,0,0,0,0,0,0,0,0,0,0,0,0,0,0,0,0,0,0,0,0,0,0,0,0,0,0,0,0,0,0,0,0,0,0,0,0,0,,,,,,,,
1200,1200,Flood Flow Canal Head Regulator,Telangana SW,36,Telangana,516,NIZAMABAD,-,-,-,-,-,-,-,-,-,18.91368898,78.34351872,19-08-2026 21:00,0,0,0,0,0,0,0,0,0,0,0,0,0,0,0,0,0,0,0,0,0,0,0,0,0,0,0,0,0,0,0,0,0,0,0,0,0,0,0,0,0,0,,,,,,,,
1201,1201,Flood Flow Canal Head Regulator,Telangana SW,36,Telangana,516,NIZAMABAD,-,-,-,-,-,-,-,-,-,18.91368898,78.34351872,19-08-2026 22:00,0,0,0,0,0,0,0,0,0,0,0,0,0,0,0,0,0,0,0,0,0,0,0,0,0,0,0,0,0,0,0,0,0,0,0,0,0,0,0,0,0,0,,,,,,,,
1202,1202,Flood Flow Canal Head Regulator,Telangana SW,36,Telangana,516,NIZAMABAD,-,-,-,-,-,-,-,-,-,18.91368898,78.34351872,19-08-2026 23:00,0,0,0,0,0,0,0,0,0,0,0,0,0,0,0,0,0,0,0,0,0,0,0,0,0,0,0,0,0,0,0,0,0,0,0,0,0,0,0,0,0,0,,,,,,,,
1203,1203,Flood Flow Canal Head Regulator,Telangana SW,36,Telangana,516,NIZAMABAD,-,-,-,-,-,-,-,-,-,18.91368898,78.34351872,20-08-2026 00:00,0,0,0,0,0,0,0,0,0,0,0,0,0,0,0,0,0,0,0,0,0,0,0,0,0,0,0,0,0,0,0,0,0,0,0,0,0,0,0,0,0,0,,,,,,,,
1204,1204,Flood Flow Canal Head Regulator,Telangana SW,36,Telangana,516,NIZAMABAD,-,-,-,-,-,-,-,-,-,18.91368898,78.34351872,20-08-2026 01:00,0,0,0,0,0,0,0,0,0,0,0,0,0,0,0,0,0,0,0,0,0,0,0,0,0,0,0,0,0,0,0,0,0,0,0,0,0,0,0,0,0,0,,,,,,,,
1205,1205,Flood Flow Canal Head Regulator,Telangana SW,36,Telangana,516,NIZAMABAD,-,-,-,-,-,-,-,-,-,18.91368898,78.34351872,20-08-2026 02:00,0,0,0,0,0,0,0,0,0,0,0,0,0,0,0,0,0,0,0,0,0,0,0,0,0,0,0,0,0,0,0,0,0,0,0,0,0,0,0,0,0,0,,,,,,,,
1206,1206,Flood Flow Canal Head Regulator,Telangana SW,36,Telangana,516,NIZAMABAD,-,-,-,-,-,-,-,-,-,18.91368898,78.34351872,20-08-2026 03:00,0,0,0,0,0,0,0,0,0,0,0,0,0,0,0,0,0,0,0,0,0,0,0,0,0,0,0,0,0,0,0,0,0,0,0,0,0,0,0,0,0,0,,,,,,,,
1207,1207,Flood Flow Canal Head Regulator,Telangana SW,36,Telangana,516,NIZAMABAD,-,-,-,-,-,-,-,-,-,18.91368898,78.34351872,20-08-2026 04:00,0,0,0,0,0,0,0,0,0,0,0,0,0,0,0,0,0,0,0,0,0,0,0,0,0,0,0,0,0,0,0,0,0,0,0,0,0,0,0,0,0,0,,,,,,,,
1208,1208,Flood Flow Canal Head Regulator,Telangana SW,36,Telangana,516,NIZAMABAD,-,-,-,-,-,-,-,-,-,18.91368898,78.34351872,20-08-2026 05:00,0,0,0,0,0,0,0,0,0,0,0,0,0,0,0,0,0,0,0,0,0,0,0,0,0,0,0,0,0,0,0,0,0,0,0,0,0,0,0,0,0,0,,,,,,,,
1209,1209,Flood Flow Canal Head Regulator,Telangana SW,36,Telangana,516,NIZAMABAD,-,-,-,-,-,-,-,-,-,18.91368898,78.34351872,20-08-2026 06:00,0,0,0,0,0,0,0,0,0,0,0,0,0,0,0,0,0,0,0,0,0,0,0,0,0,0,0,0,0,0,0,0,0,0,0,0,0,0,0,0,0,0,,,,,,,,
1210,1210,Flood Flow Canal Head Regulator,Telangana SW,36,Telangana,516,NIZAMABAD,-,-,-,-,-,-,-,-,-,18.91368898,78.34351872,20-08-2026 07:00,0,0,0,0,0,0,0,0,0,0,0,0,0,0,0,0,0,0,0,0,0,0,0,0,0,0,0,0,0,0,0,0,0,0,0,0,0,0,0,0,0,0,,,,,,,,
1211,1211,Flood Flow Canal Head Regulator,Telangana SW,36,Telangana,516,NIZAMABAD,-,-,-,-,-,-,-,-,-,18.91368898,78.34351872,20-08-2026 08:00,0,0,0,0,0,0,0,0,0,0,0,0,0,0,0,0,0,0,0,0,0,0,0,0,0,0,0,0,0,0,0,0,0,0,0,0,0,0,0,0,0,0,,,,,,,,
1212,1212,Flood Flow Canal Head Regulator,Telangana SW,36,Telangana,516,NIZAMABAD,-,-,-,-,-,-,-,-,-,18.91368898,78.34351872,20-08-2026 09:00,0,0,0,0,0,0,0,0,0,0,0,0,0,0,0,0,0,0,0,0,0,0,0,0,0,0,0,0,0,0,0,0,0,0,0,0,0,0,0,0,0,0,,,,,,,,
1213,1213,Flood Flow Canal Head Regulator,Telangana SW,36,Telangana,516,NIZAMABAD,-,-,-,-,-,-,-,-,-,18.91368898,78.34351872,20-08-2026 10:00,0,0,0,0,0,0,0,0,0,0,0,0,0,0,0,0,0,0,0,0,0,0,0,0,0,0,0,0,0,0,0,0,0,0,0,0,0,0,0,0,0,0,,,,,,,,
1214,1214,Flood Flow Canal Head Regulator,Telangana SW,36,Telangana,516,NIZAMABAD,-,-,-,-,-,-,-,-,-,18.91368898,78.34351872,20-08-2026 11:00,0,0,0,0,0,0,0,0,0,0,0,0,0,0,0,0,0,0,0,0,0,0,0,0,0,0,0,0,0,0,0,0,0,0,0,0,0,0,0,0,0,0,,,,,,,,
1215,1215,Flood Flow Canal Head Regulator,Telangana SW,36,Telangana,516,NIZAMABAD,-,-,-,-,-,-,-,-,-,18.91368898,78.34351872,20-08-2026 12:00,0,0,0,0,0,0,0,0,0,0,0,0,0,0,0,0,0,0,0,0,0,0,0,0,0,0,0,0,0,0,0,0,0,0,0,0,0,0,0,0,0,0,,,,,,,,
1216,1216,Flood Flow Canal Head Regulator,Telangana SW,36,Telangana,516,NIZAMABAD,-,-,-,-,-,-,-,-,-,18.91368898,78.34351872,20-08-2026 13:00,0,0,0,0,0,0,0,0,0,0,0,0,0,0,0,0,0,0,0,0,0,0,0,0,0,0,0,0,0,0,0,0,0,0,0,0,0,0,0,0,0,0,,,,,,,,
1217,1217,Flood Flow Canal Head Regulator,Telangana SW,36,Telangana,516,NIZAMABAD,-,-,-,-,-,-,-,-,-,18.91368898,78.34351872,20-08-2026 14:00,0,0,0,0,0,0,0,0,0,0,0,0,0,0,0,0,0,0,0,0,0,0,0,0,0,0,0,0,0,0,0,0,0,0,0,0,0,0,0,0,0,0,,,,,,,,
